{"type": "FeatureCollection", "crs": {"type": "name", "properties": {"name": "EPSG:4326"}}, "features": [{"type": "Feature", "geometry": {"type": "Polygon", "coordinates": [[[-118.2117564, 34.0406024], [-118.2111378, 34.0403351], [-118.2109776, 34.0402624], [-118.2106217, 34.0401008], [-118.210363, 34.0399852], [-118.2093262, 34.0395158], [-118.208211, 34.0390105], [-118.2079868, 34.0389131], [-118.2077674, 34.0388164], [-118.2074716, 34.0386861], [-118.2069292, 34.0384471], [-118.2063573, 34.0381929], [-118.2053158, 34.0377269], [-118.2046657, 34.0374392], [-118.2044104, 34.0373227], [-118.2042796, 34.0372679], [-118.2040388, 34.0371665], [-118.2034009, 34.0368742], [-118.202665, 34.0365445], [-118.2022849, 34.0363742], [-118.2012141, 34.0358963], [-118.20102214, 34.03581151], [-118.20098249, 34.035794], [-118.20094286, 34.03577649], [-118.2007509, 34.0356917], [-118.2002834, 34.0354727], [-118.198653, 34.0347539], [-118.1984596, 34.034669], [-118.1983354, 34.0346145], [-118.19814, 34.0345287], [-118.1970217, 34.0340319], [-118.1969396, 34.0339962], [-118.196881, 34.0339712], [-118.196444, 34.0337846], [-118.1961426, 34.0336559], [-118.1953686, 34.0333255], [-118.1950927, 34.03320758], [-118.1949699, 34.0331551], [-118.1948446, 34.0331401], [-118.1945489, 34.0331505], [-118.1936797, 34.0331809], [-118.1928337, 34.0332105], [-118.19238279, 34.03322451], [-118.19235685, 34.03201989], [-118.19235128, 34.03131309], [-118.19267276, 34.03124225], [-118.1930206, 34.0311656], [-118.19662523, 34.03028922], [-118.1970288, 34.0301911], [-118.1976297, 34.0300346], [-118.1981189, 34.0299065], [-118.1983163, 34.02985675], [-118.1985137, 34.029807], [-118.19877119, 34.0297465], [-118.1990287, 34.029686], [-118.1992862, 34.02962555], [-118.1995437, 34.0295651], [-118.19980538, 34.02950596], [-118.19990695, 34.029483], [-118.2000158, 34.0294584], [-118.20023895, 34.0294193], [-118.2004621, 34.0293802], [-118.2007196, 34.0293375], [-118.2009771, 34.0292948], [-118.20132467, 34.0292443], [-118.2022792, 34.0291056], [-118.2032087, 34.0289818], [-118.20357587, 34.02893218], [-118.20365001, 34.02892216], [-118.2037681, 34.0289062], [-118.20412142, 34.02885849], [-118.2046257, 34.0287904], [-118.2064146, 34.028522], [-118.2072901, 34.0284153], [-118.2074961, 34.0284011], [-118.2077021, 34.0283869], [-118.20791235, 34.02838335], [-118.2081226, 34.0283798], [-118.20831145, 34.02838335], [-118.2085003, 34.0283869], [-118.2088694, 34.0284082], [-118.20914835, 34.0284438], [-118.2094273, 34.0284794], [-118.20972771, 34.02853985], [-118.2100281, 34.0286003], [-118.2102856, 34.02867145], [-118.2105431, 34.0287426], [-118.2107317, 34.02880164], [-118.2113155, 34.0289844], [-118.21173056, 34.02913078], [-118.2120479, 34.0292427], [-118.2123379, 34.0293337], [-118.2126279, 34.0294247], [-118.2129012, 34.02949865], [-118.2131745, 34.0295726], [-118.2132528, 34.0295914], [-118.2135657, 34.0296665], [-118.2141082, 34.0297504], [-118.21440275, 34.02977995], [-118.21443708, 34.02978339], [-118.2146973, 34.0298095], [-118.21479413, 34.02981219], [-118.21489096, 34.02981488], [-118.2152123, 34.0298238], [-118.2157015, 34.0298095], [-118.21582855, 34.02979649], [-118.2163452, 34.03003], [-118.21668, 34.0301937], [-118.2169632, 34.030343], [-118.2172722, 34.0305137], [-118.217461, 34.0306276], [-118.2176842, 34.0307627], [-118.21783091, 34.03085472], [-118.21789928, 34.0308976], [-118.2177672, 34.0311067], [-118.21773379, 34.03114457], [-118.21768037, 34.03111524], [-118.21763253, 34.0312128], [-118.2175812, 34.0313175], [-118.21748441, 34.03147313], [-118.217457, 34.03151721], [-118.2174237, 34.0315707], [-118.21699503, 34.03225946], [-118.2169716, 34.0322971], [-118.21680811, 34.03254422], [-118.21678854, 34.03257381], [-118.21676598, 34.03260793], [-118.2166797, 34.0327384], [-118.21653474, 34.03296861], [-118.2161538, 34.0335736], [-118.21603742, 34.03375841], [-118.2159623, 34.0338777], [-118.2159421, 34.0339139], [-118.2158314, 34.0341131], [-118.21572814, 34.03429895], [-118.2156895, 34.0343685], [-118.21555352, 34.03458074], [-118.21552468, 34.03462576], [-118.2154873, 34.0346841], [-118.2154279, 34.0347768], [-118.2152831, 34.0350028], [-118.2148298, 34.0357286], [-118.2143814, 34.036439], [-118.2137464, 34.0374497], [-118.21329541, 34.03816813], [-118.2127292, 34.0390701], [-118.2126948, 34.0391251], [-118.21266459, 34.03917284], [-118.21258219, 34.03930305], [-118.21249052, 34.03944791], [-118.2122903, 34.0397643], [-118.21225092, 34.03982648], [-118.21223107, 34.03985783], [-118.2121893, 34.0399238], [-118.21214329, 34.03999587], [-118.2120878, 34.0400828], [-118.21178165, 34.04056282], [-118.2117564, 34.0406024]]]}, "properties": {"zone_id": "LFD-1239", "zone_status": "Advisory", "zone_status_reason": "LAFD 6/25 5:50 PM: Due to operations related to June 17, 2026, building fire, an Advisory remains in place for the area east of Boyle Heights. Individuals with sensitivity to smoke and/or nuisance odors should monitor AQMD Air Quality alerts (AQMD.gov) and avoid unnecessary exposure to outdoor air. For emergencies dial 911. LAFD.org/Alerts ", "county_name": "Los Angeles", "community": null, "acreage": 432, "last_updated": 1782460218000, "url": "https://protect.genasys.com/zones/US-CA-XLA-LFD-1239", "known_as": null, "data_source_name": "Zonehaven"}}, {"type": "Feature", "geometry": {"type": "Polygon", "coordinates": [[[-118.16184677, 34.03664486], [-118.1596531, 34.03669], [-118.15728602, 34.03671361], [-118.15728394, 34.03654839], [-118.15728032, 34.03626056], [-118.15721832, 34.03626056], [-118.15688092, 34.03626055], [-118.15684766, 34.03625937], [-118.15680035, 34.03626676], [-118.15675301, 34.03625968], [-118.15645811, 34.03626053], [-118.15642593, 34.03626053], [-118.15633135, 34.03626053], [-118.15618333, 34.03624536], [-118.15593701, 34.03622012], [-118.15578152, 34.03622475], [-118.15573895, 34.03622601], [-118.15570448, 34.03622221], [-118.15537431, 34.03618565], [-118.15534145, 34.03618194], [-118.15518556, 34.03616435], [-118.15511191, 34.03615605], [-118.15507931, 34.03615237], [-118.15504101, 34.03614805], [-118.15500257, 34.03615455], [-118.15498382, 34.03615422], [-118.15494255, 34.03615269], [-118.15490976, 34.03615058], [-118.15487926, 34.03614815], [-118.15484762, 34.036145], [-118.15481534, 34.03614149], [-118.15478428, 34.03613784], [-118.15474718, 34.03613314], [-118.15471641, 34.03612894], [-118.15468643, 34.03612456], [-118.15465352, 34.03611956], [-118.15462205, 34.03611445], [-118.15457093, 34.0361055], [-118.15454084, 34.03609996], [-118.154509, 34.03609375], [-118.15447629, 34.03608708], [-118.15443498, 34.03607822], [-118.15440169, 34.03607072], [-118.15437062, 34.03606341], [-118.15433965, 34.03605583], [-118.1542985, 34.03604532], [-118.15426806, 34.03603721], [-118.15422997, 34.03602665], [-118.15417785, 34.03601146], [-118.15414307, 34.03600085], [-118.1541136, 34.03599154], [-118.15408447, 34.03598206], [-118.15405438, 34.03597198], [-118.15402447, 34.03596167], [-118.15398495, 34.03594757], [-118.15395622, 34.03593698], [-118.15390874, 34.03591884], [-118.153861, 34.03589979], [-118.15376023, 34.03585679], [-118.15372478, 34.03584074], [-118.15360894, 34.03578474], [-118.15357591, 34.03576734], [-118.15348618, 34.03571858], [-118.15345197, 34.03569929], [-118.15342071, 34.03568041], [-118.15337248, 34.03565129], [-118.15333572, 34.03562898], [-118.15328923, 34.03559877], [-118.15321947, 34.03555001], [-118.1532022, 34.03551949], [-118.15312415, 34.03545546], [-118.15309978, 34.03543547], [-118.15304862, 34.0353935], [-118.15298464, 34.03534101], [-118.15291526, 34.03528409], [-118.15289177, 34.03526483], [-118.15281636, 34.03516711], [-118.15278245, 34.03512134], [-118.1527487, 34.03507578], [-118.15257186, 34.03491449], [-118.15254987, 34.03488802], [-118.15252555, 34.03485872], [-118.15249705, 34.03482439], [-118.15245478, 34.03477413], [-118.15217042, 34.03449221], [-118.15210042, 34.0344228], [-118.15204911, 34.03437245], [-118.15192204, 34.03424696], [-118.15185839, 34.0341841], [-118.15178698, 34.03411349], [-118.15173399, 34.03406111], [-118.15168759, 34.03401523], [-118.1517337, 34.03398261], [-118.1517798, 34.03395], [-118.1518952, 34.0338755], [-118.1520106, 34.033801], [-118.15212571, 34.03371485], [-118.1522596, 34.0336123], [-118.15237656, 34.03351003], [-118.1524246, 34.03346802], [-118.15246028, 34.03343682], [-118.1526158, 34.0332909], [-118.15269157, 34.03321676], [-118.152871, 34.0330412], [-118.15294475, 34.03299104], [-118.1531177, 34.0328734], [-118.15327082, 34.03268846], [-118.1533193, 34.0326299], [-118.1533737, 34.0325502], [-118.1534288, 34.03246939], [-118.1534978, 34.0323682], [-118.1535172, 34.03233064], [-118.1535812, 34.0322067], [-118.1536487, 34.0320647], [-118.15376859, 34.03183434], [-118.1538358, 34.0317052], [-118.15382905, 34.0316633], [-118.1538223, 34.0316214], [-118.1539494, 34.0312692], [-118.15397981, 34.03116448], [-118.15408495, 34.03080237], [-118.15410043, 34.03073329], [-118.1541288, 34.0306066], [-118.1542283, 34.0304683], [-118.15428264, 34.03029622], [-118.15432036, 34.03017676], [-118.15434682, 34.03009298], [-118.154395, 34.0299404], [-118.1544448, 34.02978736], [-118.15447756, 34.02968671], [-118.15448975, 34.02964926], [-118.1545625, 34.0294257], [-118.15457386, 34.02938855], [-118.1546837, 34.0290295], [-118.15495619, 34.02812434], [-118.15504807, 34.02781915], [-118.15505796, 34.02778628], [-118.15506981, 34.02774691], [-118.15508032, 34.02771202], [-118.1551256, 34.0275616], [-118.15518011, 34.0273854], [-118.15520027, 34.02732024], [-118.15521654, 34.02726766], [-118.15523067, 34.02722199], [-118.15525, 34.0271595], [-118.15528358, 34.02705104], [-118.15529248, 34.02702232], [-118.15533141, 34.02689657], [-118.15534685, 34.02684669], [-118.15535662, 34.02681512], [-118.1553661, 34.02678449], [-118.1553823, 34.02673185], [-118.15540282, 34.02666518], [-118.1554749, 34.0264309], [-118.15550313, 34.02633854], [-118.15560259, 34.02601278], [-118.1556216, 34.0259505], [-118.1558239, 34.025274], [-118.1559353, 34.0248934], [-118.15596931, 34.02478053], [-118.1560662, 34.024459], [-118.15621414, 34.02396724], [-118.1562581, 34.0238211], [-118.1565063, 34.0229963], [-118.15652738, 34.02292945], [-118.15654204, 34.02288295], [-118.15655541, 34.02284055], [-118.15657193, 34.02278817], [-118.15662057, 34.02263391], [-118.15665657, 34.02251085], [-118.15669407, 34.02238271], [-118.1567223, 34.02228621], [-118.15674021, 34.02222499], [-118.1567508, 34.0221888], [-118.15676608, 34.02213952], [-118.15690847, 34.0216795], [-118.15692075, 34.02163984], [-118.15694307, 34.02156772], [-118.1570994, 34.02106267], [-118.1571118, 34.02102259], [-118.1571499, 34.0208995], [-118.15717461, 34.0208217], [-118.1573046, 34.0204125], [-118.15746338, 34.02044661], [-118.15787938, 34.02053598], [-118.1583513, 34.0206377], [-118.15840415, 34.02064938], [-118.1586088, 34.0206946], [-118.1587863, 34.02073319], [-118.1588627, 34.0207498], [-118.15894004, 34.02076664], [-118.15897857, 34.02077503], [-118.1592954, 34.020844], [-118.15965272, 34.02091804], [-118.1597418, 34.0209365], [-118.1602138, 34.021036], [-118.1607374, 34.0211499], [-118.1608673, 34.02117737], [-118.1611408, 34.0212352], [-118.16154751, 34.02131487], [-118.16159056, 34.02132331], [-118.16166961, 34.02133879], [-118.1617018, 34.0213451], [-118.1621886, 34.0214496], [-118.16226832, 34.02146692], [-118.16232968, 34.02148026], [-118.16245991, 34.02150856], [-118.16261432, 34.02154212], [-118.16306562, 34.02163528], [-118.1633942, 34.021703], [-118.1645556, 34.0219509], [-118.16501646, 34.02204445], [-118.16507461, 34.02205626], [-118.1651129, 34.02206403], [-118.1651989, 34.02208149], [-118.16532426, 34.02210693], [-118.16540373, 34.02212307], [-118.1657438, 34.0221921], [-118.16591586, 34.02222879], [-118.1669543, 34.0224502], [-118.1669322, 34.0225614], [-118.1668085, 34.0229913], [-118.1666997, 34.0232679], [-118.1665368, 34.0236313], [-118.1662495, 34.0242452], [-118.1660825, 34.0246164], [-118.1660519, 34.0246983], [-118.1655148, 34.0264611], [-118.1653751, 34.0268954], [-118.165354, 34.0269758], [-118.1647259, 34.0290507], [-118.164689, 34.0291666], [-118.1646547, 34.0292776], [-118.1645479, 34.0296305], [-118.1644708, 34.0298435], [-118.1643319, 34.0301524], [-118.1642512, 34.0302865], [-118.1641125, 34.0305164], [-118.1637866, 34.0309547], [-118.1635142, 34.0313313], [-118.1634592, 34.0314021], [-118.1625452, 34.0325782], [-118.1625527, 34.0327249], [-118.1623797, 34.0329787], [-118.1622061, 34.0332713], [-118.1621726, 34.0333223], [-118.1621584, 34.0333569], [-118.1621244, 34.0334396], [-118.1619398, 34.0339499], [-118.1619129, 34.0340404], [-118.1619039, 34.0340886], [-118.1618228, 34.0345213], [-118.1618225, 34.0345557], [-118.1618195, 34.0349684], [-118.1618277, 34.0353422], [-118.161824, 34.0357181], [-118.1618315, 34.0360576], [-118.1618337, 34.0361179], [-118.1618393, 34.03634517], [-118.1618405, 34.0363938], [-118.16184239, 34.03647088], [-118.16184677, 34.03664486]]]}, "properties": {"zone_id": "LAC-E0170", "zone_status": "Advisory", "zone_status_reason": "LASD 6/25 5:50 PM: Due to operations related to June 17, 2026, building fire, an Advisory remains in place for the area east of Boyle Heights. Individuals with sensitivity to smoke and/or nuisance odors should monitor AQMD Air Quality alerts (AQMD.gov) and avoid unnecessary exposure to outdoor air. For emergencies dial 911. More information at Alertla.org", "county_name": "Los Angeles", "community": null, "acreage": 372, "last_updated": 1782460241000, "url": "https://protect.genasys.com/zones/US-CA-XLA-LAC-E0170", "known_as": null, "data_source_name": "Zonehaven"}}, {"type": "Feature", "geometry": {"type": "Polygon", "coordinates": [[[-118.19226445, 34.02029451], [-118.19227099, 34.02112502], [-118.19228354, 34.02271696], [-118.19228713, 34.02317295], [-118.19229343, 34.02397211], [-118.19229788, 34.02453696], [-118.1923171, 34.02697616], [-118.19231788, 34.02707501], [-118.19232496, 34.02797351], [-118.19232816, 34.02837922], [-118.19234774, 34.03086429], [-118.19235004, 34.03115504], [-118.19235128, 34.03131309], [-118.1905323, 34.0317139], [-118.1893736, 34.0318277], [-118.1882578, 34.0318226], [-118.1869742, 34.0318154], [-118.1864215, 34.03182275], [-118.1858688, 34.0318301], [-118.1850808, 34.0318996], [-118.18476355, 34.0319574], [-118.18455633, 34.03199515], [-118.1844463, 34.0320152], [-118.1836391, 34.0322327], [-118.18308265, 34.03242815], [-118.1825262, 34.0326236], [-118.1813114, 34.0332052], [-118.18120606, 34.03325704], [-118.18087689, 34.03341904], [-118.18076179, 34.03347568], [-118.1806315, 34.0335398], [-118.1789217, 34.0342289], [-118.1784394, 34.0343757], [-118.17797848, 34.03449143], [-118.17781349, 34.03453286], [-118.1775429, 34.0346008], [-118.17677071, 34.03470022], [-118.1766473, 34.03471611], [-118.1756843, 34.0348401], [-118.1735636, 34.03517335], [-118.17351947, 34.03518029], [-118.17044723, 34.03566307], [-118.1702752, 34.0356901], [-118.17019218, 34.03570284], [-118.17015913, 34.03570791], [-118.16988106, 34.03575059], [-118.16987469, 34.03555843], [-118.16986477, 34.03525947], [-118.1698562, 34.03500089], [-118.1698558, 34.0344849], [-118.1698554, 34.0339689], [-118.1698942, 34.0336569], [-118.16995574, 34.0333704], [-118.16998949, 34.03321326], [-118.1700391, 34.0329823], [-118.17019341, 34.03261036], [-118.1708527, 34.0310212], [-118.17113283, 34.03044276], [-118.17119933, 34.03030543], [-118.17127057, 34.03015833], [-118.17130713, 34.03008283], [-118.1716796, 34.0291664], [-118.1717859, 34.0289052], [-118.1718922, 34.028644], [-118.1720179, 34.0282606], [-118.1720963, 34.0279148], [-118.17211957, 34.02769195], [-118.1721581, 34.02732294], [-118.1721581, 34.0270717], [-118.17214755, 34.02645305], [-118.172137, 34.0258344], [-118.17216155, 34.02544235], [-118.1721861, 34.0250503], [-118.17225785, 34.02461075], [-118.1723296, 34.0241712], [-118.1724334, 34.0237182], [-118.17244714, 34.02366727], [-118.17246122, 34.0236151], [-118.172496, 34.0234862], [-118.17251371, 34.02342813], [-118.17252364, 34.02339557], [-118.1728124, 34.0224487], [-118.17296, 34.0219647], [-118.1731509, 34.0212872], [-118.17316279, 34.02122089], [-118.17318185, 34.02111455], [-118.17321232, 34.02094456], [-118.1732386, 34.02076725], [-118.17325729, 34.02064075], [-118.1732644, 34.0205926], [-118.1732694, 34.02044225], [-118.1732744, 34.0202919], [-118.17327261, 34.01969394], [-118.1732707, 34.0190573], [-118.17326835, 34.01892447], [-118.17326778, 34.01889239], [-118.173266, 34.0187921], [-118.1732649, 34.01872977], [-118.1731287, 34.0178989], [-118.1730343, 34.0175574], [-118.1729142, 34.0172159], [-118.1726395, 34.0165187], [-118.17257347, 34.01635793], [-118.1727763, 34.0164782], [-118.17296392, 34.01657811], [-118.17310118, 34.0166512], [-118.1731731, 34.0166895], [-118.17342292, 34.01680317], [-118.1736265, 34.0168958], [-118.174095, 34.0171131], [-118.1743271, 34.0172194], [-118.1750323, 34.0175337], [-118.17558, 34.0177812], [-118.17596132, 34.01794487], [-118.17632123, 34.01809936], [-118.1763663, 34.0181187], [-118.177388, 34.0185776], [-118.1776567, 34.0186977], [-118.1779254, 34.0188178], [-118.17813823, 34.0189129], [-118.17819005, 34.01893605], [-118.1784547, 34.0190543], [-118.17887735, 34.0192426], [-118.1793, 34.0194309], [-118.1795849, 34.0195336], [-118.1798698, 34.0196363], [-118.18003816, 34.01968795], [-118.18022075, 34.01974397], [-118.1805735, 34.0198523], [-118.1808658, 34.01992015], [-118.1811581, 34.019988], [-118.1814597, 34.0200444], [-118.1817613, 34.0201008], [-118.1824008, 34.0201809], [-118.18271405, 34.0202075], [-118.1830273, 34.0202341], [-118.1833456, 34.0202412], [-118.1836639, 34.0202483], [-118.18395805, 34.02024775], [-118.1842522, 34.0202472], [-118.1846064, 34.0202459], [-118.18533722, 34.02024325], [-118.1870364, 34.0202371], [-118.188239, 34.0202327], [-118.190134, 34.0202245], [-118.19057913, 34.02022223], [-118.1910377, 34.0202199], [-118.1911694, 34.0202198], [-118.1913011, 34.0202197], [-118.1914719, 34.020228], [-118.19180662, 34.02024802], [-118.1919317, 34.0202555], [-118.19226445, 34.02029451]]]}, "properties": {"zone_id": "LAC-E0126", "zone_status": "Advisory", "zone_status_reason": "LASD 6/25 5:50 PM: Due to operations related to June 17, 2026, building fire, an Advisory remains in place for the area east of Boyle Heights. Individuals with sensitivity to smoke and/or nuisance odors should monitor AQMD Air Quality alerts (AQMD.gov) and avoid unnecessary exposure to outdoor air. For emergencies dial 911. More information at Alertla.org", "county_name": "Los Angeles", "community": null, "acreage": 717, "last_updated": 1782460241000, "url": "https://protect.genasys.com/zones/US-CA-XLA-LAC-E0126", "known_as": null, "data_source_name": "Zonehaven"}}, {"type": "Feature", "geometry": {"type": "Polygon", "coordinates": [[[-118.17246122, 34.0236151], [-118.17244714, 34.02366727], [-118.1724334, 34.0237182], [-118.1723296, 34.0241712], [-118.17225785, 34.02461075], [-118.1721861, 34.0250503], [-118.17216155, 34.02544235], [-118.172137, 34.0258344], [-118.17214755, 34.02645305], [-118.1721581, 34.0270717], [-118.1721581, 34.02732294], [-118.17211957, 34.02769195], [-118.1720963, 34.0279148], [-118.1720179, 34.0282606], [-118.1718922, 34.028644], [-118.1717859, 34.0289052], [-118.1716796, 34.0291664], [-118.17130713, 34.03008283], [-118.17127057, 34.03015833], [-118.17119933, 34.03030543], [-118.17113283, 34.03044276], [-118.1708527, 34.0310212], [-118.17019341, 34.03261036], [-118.1700391, 34.0329823], [-118.16998949, 34.03321326], [-118.16995574, 34.0333704], [-118.1698942, 34.0336569], [-118.1698554, 34.0339689], [-118.1698558, 34.0344849], [-118.1698562, 34.03500089], [-118.16986477, 34.03525947], [-118.16987469, 34.03555843], [-118.16988106, 34.03575059], [-118.16980387, 34.03576244], [-118.16973785, 34.03577273], [-118.1694264, 34.0358223], [-118.16916086, 34.03586385], [-118.1688806, 34.0359077], [-118.1656397, 34.036436], [-118.1652347, 34.03648219], [-118.1643772, 34.03658], [-118.16347295, 34.036605], [-118.1625687, 34.03663], [-118.16184677, 34.03664486], [-118.16184239, 34.03647088], [-118.1618405, 34.0363938], [-118.1618393, 34.03634517], [-118.1618337, 34.0361179], [-118.1618315, 34.0360576], [-118.161824, 34.0357181], [-118.1618277, 34.0353422], [-118.1618195, 34.0349684], [-118.1618225, 34.0345557], [-118.1618228, 34.0345213], [-118.1619039, 34.0340886], [-118.1619129, 34.0340404], [-118.1619398, 34.0339499], [-118.1621244, 34.0334396], [-118.1621584, 34.0333569], [-118.1621726, 34.0333223], [-118.1622061, 34.0332713], [-118.1623797, 34.0329787], [-118.1625527, 34.0327249], [-118.1625452, 34.0325782], [-118.1634592, 34.0314021], [-118.1635142, 34.0313313], [-118.1637866, 34.0309547], [-118.1641125, 34.0305164], [-118.1642512, 34.0302865], [-118.1643319, 34.0301524], [-118.1644708, 34.0298435], [-118.1645479, 34.0296305], [-118.1646547, 34.0292776], [-118.164689, 34.0291666], [-118.1647259, 34.0290507], [-118.165354, 34.0269758], [-118.1653751, 34.0268954], [-118.1655148, 34.0264611], [-118.1660519, 34.0246983], [-118.1660825, 34.0246164], [-118.1662495, 34.0242452], [-118.1665368, 34.0236313], [-118.1666997, 34.0232679], [-118.1668085, 34.0229913], [-118.1669322, 34.0225614], [-118.1669543, 34.0224502], [-118.16708951, 34.02247878], [-118.1672809, 34.02251984], [-118.1679808, 34.02267], [-118.16855169, 34.02278752], [-118.1690014, 34.0228801], [-118.1700143, 34.023085], [-118.1710503, 34.0233133], [-118.17173228, 34.02345892], [-118.17176942, 34.02346685], [-118.17200092, 34.02351628], [-118.17206, 34.0235289], [-118.17210484, 34.02353853], [-118.17234947, 34.02359109], [-118.17241344, 34.02360483], [-118.17246122, 34.0236151]]]}, "properties": {"zone_id": "LAC-E0172", "zone_status": "Advisory", "zone_status_reason": "LASD 6/25 5:50 PM: Due to operations related to June 17, 2026, building fire, an Advisory remains in place for the area east of Boyle Heights. Individuals with sensitivity to smoke and/or nuisance odors should monitor AQMD Air Quality alerts (AQMD.gov) and avoid unnecessary exposure to outdoor air. For emergencies dial 911. More information at Alertla.org", "county_name": "Los Angeles", "community": null, "acreage": 238, "last_updated": 1782460241000, "url": "https://protect.genasys.com/zones/US-CA-XLA-LAC-E0172", "known_as": null, "data_source_name": "Zonehaven"}}, {"type": "Feature", "geometry": {"type": "Polygon", "coordinates": [[[-118.17283375, 34.00472547], [-118.1727857, 34.0048931], [-118.17268754, 34.00523639], [-118.1726222, 34.0054649], [-118.17251735, 34.0060378], [-118.1724125, 34.0066107], [-118.17235302, 34.00706038], [-118.1723421, 34.0071429], [-118.17232398, 34.00735597], [-118.17230866, 34.0075361], [-118.1722872, 34.0077885], [-118.1722845, 34.008211], [-118.17228045, 34.00910035], [-118.1722764, 34.0099897], [-118.17226568, 34.0114641], [-118.1722614, 34.01198222], [-118.1722533, 34.0129615], [-118.17225242, 34.01300162], [-118.1722189, 34.0145338], [-118.1722117, 34.01474841], [-118.1722103, 34.01479], [-118.1722103, 34.0150745], [-118.1722275, 34.0152809], [-118.1722704, 34.0155014], [-118.17229162, 34.01557523], [-118.17231285, 34.01564905], [-118.1723563, 34.0158002], [-118.1725022, 34.0161844], [-118.17257347, 34.01635793], [-118.1723648, 34.0162342], [-118.1721611, 34.016108], [-118.1717928, 34.0158847], [-118.1715055, 34.0157285], [-118.1712406, 34.0155997], [-118.1709612, 34.0154784], [-118.1706418, 34.0153573], [-118.1704851, 34.0153093], [-118.1701933, 34.0152168], [-118.1696869, 34.0150745], [-118.1690925, 34.0149004], [-118.1684024, 34.0146951], [-118.1679616, 34.0145365], [-118.1650426, 34.0132149], [-118.1625125, 34.0120658], [-118.1616352, 34.0116422], [-118.1612875, 34.0114408], [-118.1609274, 34.0112018], [-118.1604926, 34.0108866], [-118.1603217, 34.0107357], [-118.1600145, 34.0104429], [-118.1597365, 34.0101294], [-118.1587435, 34.0090409], [-118.15867671, 34.0089676], [-118.158581, 34.00886255], [-118.1585008, 34.0087746], [-118.158122, 34.0084146], [-118.1576985, 34.0080619], [-118.1571981, 34.0077024], [-118.1566647, 34.0073818], [-118.1562419, 34.0071462], [-118.1558461, 34.0068936], [-118.1554115, 34.0065895], [-118.1550184, 34.0062594], [-118.1539994, 34.0053695], [-118.1520481, 34.0036464], [-118.1512595, 34.0028705], [-118.1477438, 33.999178], [-118.1476982, 33.9991244], [-118.1472401, 33.9985537], [-118.1468632, 33.9979946], [-118.1466079, 33.9975597], [-118.1463923, 33.9971939], [-118.1461631, 33.9968343], [-118.1459185, 33.9964933], [-118.1456876, 33.9962046], [-118.145456, 33.9959498], [-118.1452114, 33.9956998], [-118.14472873, 33.99521125], [-118.1448402, 33.995232], [-118.14511231, 33.99532842], [-118.1456789, 33.9955292], [-118.14588516, 33.99560295], [-118.14610747, 33.99568243], [-118.14615265, 33.99569858], [-118.14619456, 33.99571356], [-118.14652373, 33.99583106], [-118.14661339, 33.99586115], [-118.14696458, 33.9959792], [-118.14699884, 33.99599095], [-118.14702952, 33.99600147], [-118.14711492, 33.99603076], [-118.14720798, 33.99606268], [-118.14729099, 33.99609115], [-118.14749388, 33.99616074], [-118.1476891, 33.9962277], [-118.14772278, 33.99623773], [-118.1477781, 33.9962542], [-118.14783933, 33.99627531], [-118.14807222, 33.99635561], [-118.14851195, 33.99650732], [-118.14864594, 33.99655355], [-118.14867473, 33.99656349], [-118.1487281, 33.9965819], [-118.14890142, 33.99664165], [-118.14894621, 33.99665709], [-118.14926509, 33.99676711], [-118.14935383, 33.99679773], [-118.14956196, 33.99686951], [-118.14963394, 33.99689292], [-118.1497129, 33.9969186], [-118.1497953, 33.9969455], [-118.15002282, 33.99701965], [-118.1501491, 33.9970608], [-118.15034217, 33.99712287], [-118.15041749, 33.99714709], [-118.15045701, 33.9971598], [-118.15050124, 33.99717402], [-118.15056076, 33.99719385], [-118.15074446, 33.99725796], [-118.1508498, 33.99729472], [-118.15088422, 33.99730673], [-118.1514512, 33.9975046], [-118.1516348, 33.99756648], [-118.15168978, 33.99758501], [-118.15179664, 33.99762111], [-118.15202677, 33.99769945], [-118.1521046, 33.99772595], [-118.15213401, 33.99773596], [-118.1521735, 33.9977494], [-118.15238432, 33.99782211], [-118.15288954, 33.99799634], [-118.15299057, 33.99803004], [-118.15302844, 33.99804267], [-118.15306915, 33.99805625], [-118.15312955, 33.99807639], [-118.15343, 33.9981766], [-118.15374272, 33.99828295], [-118.1537955, 33.9983009], [-118.1542989, 33.9984721], [-118.15438625, 33.99850181], [-118.154454, 33.99852485], [-118.15469404, 33.99860649], [-118.15507332, 33.99873548], [-118.1552708, 33.9988034], [-118.15531257, 33.99881777], [-118.1553432, 33.9988283], [-118.15542587, 33.99885435], [-118.15551351, 33.99888196], [-118.1555473, 33.9988926], [-118.15574137, 33.99896026], [-118.15582196, 33.99898836], [-118.1560197, 33.9990573], [-118.15733702, 33.99949896], [-118.1573968, 33.999519], [-118.15813241, 33.99976754], [-118.1583507, 33.9998413], [-118.15863762, 33.99993962], [-118.1587499, 33.9999781], [-118.15883506, 34.0000052], [-118.15889529, 34.00002436], [-118.15905737, 34.00007685], [-118.15909978, 34.00009058], [-118.15924092, 34.00013629], [-118.1597807, 34.0003111], [-118.16011592, 34.00042488], [-118.16033115, 34.00049793], [-118.16039007, 34.00051793], [-118.16048187, 34.00054909], [-118.16061716, 34.000594], [-118.16065266, 34.00060578], [-118.1606891, 34.00061796], [-118.16072209, 34.00062911], [-118.16077578, 34.00064726], [-118.1608321, 34.0006663], [-118.16098973, 34.00071951], [-118.16104045, 34.00073663], [-118.16108093, 34.00075029], [-118.16111216, 34.00076083], [-118.1612116, 34.0007944], [-118.16125548, 34.00080892], [-118.16156266, 34.00091057], [-118.16161313, 34.00092727], [-118.16164348, 34.00093731], [-118.16168004, 34.00094941], [-118.16173465, 34.00096749], [-118.16264934, 34.00127887], [-118.16311177, 34.00143629], [-118.16315069, 34.00145005], [-118.16318784, 34.00146318], [-118.16321621, 34.00147321], [-118.1634733, 34.0015641], [-118.16358875, 34.00160381], [-118.16370701, 34.00164448], [-118.16382677, 34.00168566], [-118.16400264, 34.00174614], [-118.16474715, 34.00200219], [-118.16499307, 34.00208858], [-118.1650885, 34.0021221], [-118.1654226, 34.0022351], [-118.166012, 34.00242816], [-118.16611876, 34.00246314], [-118.1662771, 34.002515], [-118.16651187, 34.00259337], [-118.1666303, 34.0026329], [-118.16679234, 34.00268572], [-118.1669226, 34.00272841], [-118.166961, 34.00274167], [-118.1669993, 34.0027549], [-118.16704002, 34.00276893], [-118.16708368, 34.00278403], [-118.16713568, 34.00280186], [-118.16754047, 34.00294043], [-118.1677621, 34.0030163], [-118.1680317, 34.0031707], [-118.1682655, 34.0032468], [-118.1684581, 34.0033095], [-118.1688298, 34.003448], [-118.1689301, 34.0034178], [-118.1693939, 34.0035705], [-118.16953286, 34.00361704], [-118.1703267, 34.0038829], [-118.17098577, 34.00411202], [-118.1711373, 34.0041647], [-118.17196501, 34.0044292], [-118.1723315, 34.00455421], [-118.1724285, 34.0045873], [-118.17273222, 34.00469086], [-118.17283375, 34.00472547]]]}, "properties": {"zone_id": "COM-Q0175", "zone_status": "Advisory", "zone_status_reason": "LA County Sheriff 08/04 4PM: Due to operations related to a building fire in Commerce, there is smoke in the area of E Pacific Way and Ash Street. Individuals with sensitivity to smoke should avoid unnecessary exposure to outdoor air and monitor air quality. For emergencies dial 911. More information at Alertla.org.", "county_name": "Los Angeles", "community": null, "acreage": 565, "last_updated": 1785910396000, "url": "https://protect.genasys.com/zones/US-CA-XLA-COM-Q0175", "known_as": null, "data_source_name": "Zonehaven"}}, {"type": "Feature", "geometry": {"type": "Polygon", "coordinates": [[[-118.49103611, 35.72172402], [-118.49088826, 35.72172178], [-118.4899472, 35.72170752], [-118.48834218, 35.72168364], [-118.48649185, 35.7216561], [-118.48646358, 35.72075349], [-118.48548424, 35.72039491], [-118.48584909, 35.72002854], [-118.48613714, 35.71966217], [-118.4859163, 35.71849288], [-118.48630996, 35.71831359], [-118.48667481, 35.71793161], [-118.48838386, 35.71814988], [-118.4914371, 35.7182902], [-118.49103611, 35.72172402]]]}, "properties": {"zone_id": "KRN-722-B", "zone_status": "Advisory", "zone_status_reason": "Soil instability continues to be a threat to the community. Area is now under an Advisory.", "county_name": "Kern", "community": null, "acreage": 45, "last_updated": 1692682467000, "url": "https://protect.genasys.com/zones/US-CA-XKE-KRN-722-B", "known_as": "Pala Ranches and Calgary Tract", "data_source_name": "Zonehaven"}}, {"type": "Feature", "geometry": {"type": "Polygon", "coordinates": [[[-119.00793534, 36.05620523], [-119.00792992, 36.05620403], [-119.00739118, 36.05608524], [-119.0040543, 36.0542285], [-119.00091118, 36.05479994], [-118.99733194, 36.05411908], [-118.99197812, 36.0543744], [-118.9918863, 36.05436356], [-118.9918553, 36.05381633], [-118.99356282, 36.05387701], [-118.99718383, 36.05369404], [-119.00040868, 36.05438014], [-119.00227576, 36.05383125], [-119.00354877, 36.05380838], [-119.00417114, 36.05403708], [-119.006604, 36.05486042], [-119.00803219, 36.05494595], [-119.00793534, 36.05620523]]]}, "properties": {"zone_id": "PVL-E042", "zone_status": "Evacuation Order", "zone_status_reason": "Flooding", "county_name": "Tulare", "community": null, "acreage": 21, "last_updated": 1695274388000, "url": "https://protect.genasys.com/zones/US-CA-XTU-PVL-E042", "known_as": null, "data_source_name": "Zonehaven"}}, {"type": "Feature", "geometry": {"type": "Polygon", "coordinates": [[[-120.5455114, 38.0830951], [-120.54556371, 38.08309742], [-120.545731, 38.08310484], [-120.5458976, 38.083112], [-120.546294, 38.0831698], [-120.5465521, 38.0832133], [-120.546831, 38.0832555], [-120.5471743, 38.0833315], [-120.5475606, 38.0834751], [-120.5479361, 38.0836186], [-120.5483009, 38.083796], [-120.548612, 38.0839818], [-120.5489017, 38.0841676], [-120.549642, 38.0846405], [-120.54973644, 38.08469359], [-120.54974037, 38.08515405], [-120.54973868, 38.0854732], [-120.55114568, 38.08548308], [-120.55122548, 38.08548364], [-120.55204046, 38.08548935], [-120.55204524, 38.08571006], [-120.55204626, 38.08575709], [-120.55205071, 38.08596249], [-120.55207245, 38.08696561], [-120.55207984, 38.0872447], [-120.55372602, 38.08725313], [-120.55379649, 38.08725305], [-120.55438007, 38.08724468], [-120.55531972, 38.08723537], [-120.55547389, 38.08723387], [-120.55599309, 38.08722951], [-120.55615955, 38.08722742], [-120.55625768, 38.08722617], [-120.55635027, 38.08722679], [-120.55654374, 38.08722812], [-120.55673782, 38.08722951], [-120.55693261, 38.08723082], [-120.55708778, 38.08723184], [-120.55724334, 38.08723279], [-120.55739928, 38.08723364], [-120.55755563, 38.08723442], [-120.55771244, 38.08723514], [-120.5578697, 38.08723572], [-120.55804499, 38.08723618], [-120.55873817, 38.08723555], [-120.55895261, 38.08723535], [-120.56477402, 38.08718587], [-120.56766657, 38.08717261], [-120.56766694, 38.08756806], [-120.56750207, 38.08775763], [-120.56823536, 38.08792748], [-120.56824825, 38.08823994], [-120.56850926, 38.08824007], [-120.56891959, 38.08853634], [-120.5706204, 38.08974766], [-120.57069713, 38.08980236], [-120.57099303, 38.09005494], [-120.57174697, 38.0906981], [-120.57181014, 38.09069735], [-120.57281004, 38.09068534], [-120.57281147, 38.09062952], [-120.57282103, 38.09025551], [-120.57282904, 38.08994157], [-120.57283171, 38.0898372], [-120.57283274, 38.08979674], [-120.57283416, 38.08974121], [-120.57284009, 38.08950914], [-120.57284824, 38.0891902], [-120.57285023, 38.08911503], [-120.57285375, 38.08898154], [-120.57281944, 38.08861968], [-120.57282797, 38.08852878], [-120.5728705, 38.088549], [-120.572942, 38.088583], [-120.5729935, 38.0886075], [-120.573045, 38.088632], [-120.573466, 38.088831], [-120.5740795, 38.089117], [-120.574693, 38.089403], [-120.57513343, 38.08960873], [-120.575575, 38.089815], [-120.576072, 38.090052], [-120.5770587, 38.0905222], [-120.577092, 38.090538], [-120.5771575, 38.090569], [-120.577223, 38.0906], [-120.577257, 38.090617], [-120.5773055, 38.0906415], [-120.577451, 38.090715], [-120.577781, 38.0908935], [-120.578111, 38.091072], [-120.578533, 38.091321], [-120.578736, 38.0914495], [-120.578939, 38.091578], [-120.579134, 38.0917115], [-120.579329, 38.091845], [-120.5797, 38.09212], [-120.579876, 38.09226], [-120.580052, 38.0924], [-120.58031, 38.0926125], [-120.580568, 38.092825], [-120.581097, 38.093232], [-120.581595, 38.093647], [-120.581817, 38.093825], [-120.582039, 38.094003], [-120.58206879, 38.09402693], [-120.5821, 38.094052], [-120.582261, 38.0941935], [-120.582422, 38.094335], [-120.5825315, 38.0944355], [-120.582641, 38.094536], [-120.582696, 38.094586], [-120.582751, 38.094636], [-120.5834545, 38.0952355], [-120.584158, 38.095835], [-120.584835, 38.0964125], [-120.58487188, 38.09644396], [-120.585512, 38.09699], [-120.58636626, 38.09771793], [-120.587865, 38.098995], [-120.588254, 38.09934], [-120.588623, 38.099705], [-120.588815, 38.099887], [-120.58891327, 38.09998918], [-120.589242, 38.100331], [-120.5892867, 38.1003766], [-120.58933485, 38.1004258], [-120.589383, 38.100475], [-120.589459, 38.100553], [-120.589535, 38.100631], [-120.59014299, 38.1012945], [-120.59023615, 38.10139615], [-120.590751, 38.101958], [-120.59137361, 38.10263711], [-120.592243, 38.10358544], [-120.59251382, 38.10388084], [-120.59257395, 38.10394643], [-120.59264162, 38.10402024], [-120.592767, 38.104157], [-120.59280423, 38.10419683], [-120.593025, 38.104433], [-120.5931065, 38.104515], [-120.593188, 38.104597], [-120.593272, 38.104677], [-120.593356, 38.104757], [-120.5934445, 38.1048355], [-120.593533, 38.104914], [-120.5936235, 38.10499], [-120.593714, 38.105066], [-120.593904, 38.1052135], [-120.594094, 38.105361], [-120.594294, 38.105502], [-120.594494, 38.105643], [-120.595354, 38.10619], [-120.595564, 38.106321], [-120.595774, 38.106452], [-120.5967346, 38.10705006], [-120.597695, 38.107648], [-120.598552, 38.1081865], [-120.599409, 38.108725], [-120.59959622, 38.10884175], [-120.59976674, 38.10894809], [-120.599981, 38.1090815], [-120.600197, 38.109216], [-120.6003095, 38.1092835], [-120.600422, 38.109351], [-120.60051231, 38.10940198], [-120.60087206, 38.10960503], [-120.60096315, 38.10965243], [-120.601118, 38.109733], [-120.601236, 38.1097905], [-120.601354, 38.109848], [-120.601594, 38.1099555], [-120.601834, 38.110063], [-120.601956, 38.110112], [-120.602078, 38.110161], [-120.6034245, 38.110659], [-120.604771, 38.111157], [-120.6053405, 38.11137], [-120.60591, 38.111583], [-120.606159, 38.111674], [-120.606408, 38.111765], [-120.6066135, 38.1118405], [-120.606819, 38.111916], [-120.60787651, 38.112311], [-120.608934, 38.112706], [-120.6097975, 38.113024], [-120.610661, 38.113342], [-120.611268, 38.1135695], [-120.611875, 38.113797], [-120.61289, 38.114169], [-120.613905, 38.114541], [-120.614156, 38.1146345], [-120.614407, 38.114728], [-120.6145008, 38.1147649], [-120.6145946, 38.1148018], [-120.6148638, 38.1149109], [-120.615133, 38.11502], [-120.61537, 38.115128], [-120.615607, 38.115236], [-120.61583, 38.1153515], [-120.616053, 38.115467], [-120.616163, 38.1155265], [-120.616273, 38.115586], [-120.6164865, 38.1157115], [-120.6167, 38.115837], [-120.6168025, 38.115904], [-120.616905, 38.115971], [-120.6170995, 38.1161095], [-120.617294, 38.116248], [-120.617389, 38.11632], [-120.617484, 38.116392], [-120.617667, 38.1165435], [-120.61785, 38.116695], [-120.618028, 38.1168515], [-120.618206, 38.117008], [-120.6182925, 38.117087], [-120.618379, 38.117166], [-120.619242, 38.1179325], [-120.620105, 38.118699], [-120.62028, 38.1188485], [-120.620455, 38.118998], [-120.6205345, 38.119074], [-120.620614, 38.11915], [-120.620703, 38.119225], [-120.620792, 38.1193], [-120.62083488, 38.11933837], [-120.6207372, 38.11934073], [-120.61878542, 38.11936271], [-120.61830573, 38.11936869], [-120.61799289, 38.11937175], [-120.61725772, 38.11938484], [-120.61706654, 38.11938297], [-120.61675643, 38.12660216], [-120.61213466, 38.12667737], [-120.61200805, 38.13029482], [-120.61053747, 38.13030583], [-120.60742584, 38.13027507], [-120.60283152, 38.13023662], [-120.60277398, 38.13384782], [-120.60274601, 38.13747409], [-120.60736342, 38.13751458], [-120.6073618, 38.14475334], [-120.61201618, 38.14479087], [-120.6119361, 38.14834023], [-120.60962221, 38.14838503], [-120.606647, 38.14836361], [-120.60473896, 38.14834986], [-120.59807179, 38.14830185], [-120.59805057, 38.14933924], [-120.59804513, 38.15007793], [-120.59804468, 38.15013904], [-120.59793012, 38.15013571], [-120.59778653, 38.15013153], [-120.59579638, 38.15007362], [-120.59463138, 38.1500526], [-120.5934664, 38.15004458], [-120.59346219, 38.14946655], [-120.59345489, 38.14860997], [-120.593075, 38.148612], [-120.592778, 38.148601], [-120.592639, 38.148586], [-120.592509, 38.148567], [-120.592389, 38.148535], [-120.592276, 38.148495], [-120.592169, 38.148441], [-120.592065, 38.148383], [-120.591983, 38.148304], [-120.59144379, 38.14829007], [-120.58905204, 38.15032608], [-120.58686265, 38.15156279], [-120.58617976, 38.15194774], [-120.58434185, 38.15198137], [-120.57511975, 38.15214426], [-120.57508075, 38.15577112], [-120.57044946, 38.15588892], [-120.56582551, 38.15598476], [-120.56584849, 38.15399924], [-120.56590109, 38.15234496], [-120.56597499, 38.14870504], [-120.56471347, 38.14873199], [-120.56462261, 38.14873393], [-120.56330659, 38.14876204], [-120.56137937, 38.14880334], [-120.55948077, 38.14882691], [-120.55945757, 38.14793706], [-120.558895, 38.148013], [-120.558515, 38.148055], [-120.557894, 38.148132], [-120.55759, 38.148168], [-120.557405, 38.148184], [-120.557033, 38.14823], [-120.556846, 38.148269], [-120.556652, 38.148318], [-120.556483, 38.148374], [-120.556321, 38.148443], [-120.556021, 38.148592], [-120.55575, 38.148752], [-120.555611, 38.14882], [-120.555465, 38.148884], [-120.554809, 38.149123], [-120.554548, 38.149226], [-120.554469, 38.149258], [-120.553715, 38.149527], [-120.553346, 38.149668], [-120.552774, 38.149876], [-120.552046, 38.150153], [-120.55167853, 38.15028794], [-120.550826, 38.150601], [-120.550504, 38.150716], [-120.550342, 38.15077], [-120.550057, 38.150855], [-120.549926, 38.15089], [-120.549789, 38.150913], [-120.549649, 38.150931], [-120.549354, 38.150961], [-120.549207, 38.150993], [-120.548811, 38.151096], [-120.548627, 38.151149], [-120.548526, 38.151174], [-120.548269, 38.151249], [-120.548009, 38.151338], [-120.547914, 38.151406], [-120.547796, 38.151491], [-120.54771168, 38.15153886], [-120.547648, 38.151575], [-120.547505, 38.151665], [-120.54747525, 38.1516885], [-120.54705154, 38.15223787], [-120.54699298, 38.15229862], [-120.54676178, 38.15253848], [-120.54669078, 38.15255051], [-120.54645027, 38.15252825], [-120.546396, 38.15252], [-120.546319, 38.152516], [-120.546239, 38.152517], [-120.546075, 38.152539], [-120.545907, 38.152581], [-120.545816, 38.1526], [-120.545723, 38.152608], [-120.545631, 38.152607], [-120.545439, 38.152592], [-120.545139, 38.152576], [-120.54501042, 38.15257538], [-120.54417836, 38.15264274], [-120.544119, 38.15265], [-120.54407004, 38.15265936], [-120.54358556, 38.15277208], [-120.543545, 38.152787], [-120.543474, 38.152826], [-120.543406, 38.152871], [-120.54336, 38.152907], [-120.54330138, 38.15296341], [-120.543227, 38.153058], [-120.543124, 38.153225], [-120.543095, 38.153288], [-120.543005, 38.153458], [-120.5430037, 38.15325275], [-120.54298801, 38.14915481], [-120.54105853, 38.14915512], [-120.54104694, 38.14175322], [-120.54244393, 38.14172336], [-120.5456386, 38.14165506], [-120.54562215, 38.14058599], [-120.54561291, 38.13998557], [-120.54556336, 38.13674229], [-120.54554398, 38.13571267], [-120.5455105, 38.13071905], [-120.545171, 38.125724], [-120.54077081, 38.12575023], [-120.54070953, 38.12237066], [-120.53608224, 38.12245335], [-120.53603617, 38.11988033], [-120.53140813, 38.11996184], [-120.53140184, 38.11746926], [-120.53142941, 38.11642768], [-120.53079411, 38.11641222], [-120.52939578, 38.11643415], [-120.5267734, 38.11644564], [-120.52673932, 38.11477496], [-120.52767988, 38.11476314], [-120.53139012, 38.11470479], [-120.53134374, 38.11038039], [-120.53133574, 38.10737285], [-120.53132915, 38.10699891], [-120.53132875, 38.10566127], [-120.53127882, 38.10414613], [-120.531194, 38.10034852], [-120.53119364, 38.1001556], [-120.53119978, 38.09833334], [-120.53296509, 38.09833661], [-120.53860745, 38.0982868], [-120.54052848, 38.09824454], [-120.54051817, 38.0971306], [-120.54049957, 38.0960344], [-120.54047863, 38.09494691], [-120.54047449, 38.09467164], [-120.54047262, 38.09463011], [-120.54045695, 38.09368286], [-120.540463, 38.09299], [-120.54043054, 38.09103331], [-120.53852222, 38.09107496], [-120.53837632, 38.09107814], [-120.538904, 38.088916], [-120.53912245, 38.08830346], [-120.537733, 38.088272], [-120.537927, 38.088099], [-120.53797611, 38.08805518], [-120.53788485, 38.08798229], [-120.53810489, 38.08780728], [-120.53876501, 38.08728224], [-120.53973051, 38.08641861], [-120.53976235, 38.086389], [-120.53997419, 38.08619244], [-120.54016562, 38.08602173], [-120.54046114, 38.08573353], [-120.54054764, 38.08569652], [-120.54088774, 38.08548527], [-120.54123128, 38.08527967], [-120.54157819, 38.08507979], [-120.54192835, 38.08488568], [-120.54228168, 38.08469739], [-120.54263808, 38.08451498], [-120.54299745, 38.0843385], [-120.5433597, 38.08416799], [-120.54372472, 38.0840035], [-120.54409773, 38.08384214], [-120.54429851, 38.08375818], [-120.54441058, 38.0837082], [-120.54492663, 38.0834459], [-120.54521769, 38.08329795], [-120.5455114, 38.0830951]]]}, "properties": {"zone_id": "CCU-131", "zone_status": "Evacuation Warning", "zone_status_reason": "CCU-153 is under evacuation warning due to Gann Fire. ", "county_name": "Calaveras", "community": null, "acreage": 9799, "last_updated": 1785898593000, "url": "https://protect.genasys.com/zones/US-CA-XCA-CCU-131", "known_as": null, "data_source_name": "Zonehaven"}}, {"type": "Feature", "geometry": {"type": "Polygon", "coordinates": [[[-118.9918863, 36.05436356], [-118.99063967, 36.05421634], [-118.98971854, 36.05384855], [-118.98881621, 36.05365402], [-118.98748903, 36.05304306], [-118.98704539, 36.05264183], [-118.98395491, 36.05241385], [-118.98276684, 36.05264791], [-118.98181188, 36.05225883], [-118.9810073, 36.05232874], [-118.97980419, 36.05234698], [-118.97879659, 36.05217068], [-118.97823264, 36.05196399], [-118.97663852, 36.05215245], [-118.97508952, 36.05263879], [-118.97451053, 36.05279077], [-118.97415711, 36.05291843], [-118.97339013, 36.05274821], [-118.97272504, 36.05271211], [-118.97273788, 36.05132672], [-118.9728059, 36.0513302], [-118.97303997, 36.05132919], [-118.98169016, 36.0512862], [-118.98223393, 36.05128267], [-118.98629251, 36.05218455], [-118.98770696, 36.05259624], [-118.98881024, 36.05303079], [-118.99098851, 36.05378552], [-118.9918553, 36.05381633], [-118.9918863, 36.05436356]]]}, "properties": {"zone_id": "PVL-E044", "zone_status": "Evacuation Order", "zone_status_reason": "Flooding", "county_name": "Tulare", "community": null, "acreage": 40, "last_updated": 1695274388000, "url": "https://protect.genasys.com/zones/US-CA-XTU-PVL-E044", "known_as": null, "data_source_name": "Zonehaven"}}, {"type": "Feature", "geometry": {"type": "Polygon", "coordinates": [[[-118.17596132, 34.01794487], [-118.17558, 34.0177812], [-118.1750323, 34.0175337], [-118.1743271, 34.0172194], [-118.174095, 34.0171131], [-118.1736265, 34.0168958], [-118.17342292, 34.01680317], [-118.1731731, 34.0166895], [-118.17310118, 34.0166512], [-118.17296392, 34.01657811], [-118.1727763, 34.0164782], [-118.17257347, 34.01635793], [-118.1725022, 34.0161844], [-118.1723563, 34.0158002], [-118.17231285, 34.01564905], [-118.17229162, 34.01557523], [-118.1722704, 34.0155014], [-118.1722275, 34.0152809], [-118.1722103, 34.0150745], [-118.1722103, 34.01479], [-118.1722117, 34.01474841], [-118.1722189, 34.0145338], [-118.17225242, 34.01300162], [-118.1722533, 34.0129615], [-118.1722614, 34.01198222], [-118.17226568, 34.0114641], [-118.1722764, 34.0099897], [-118.17228045, 34.00910035], [-118.1722845, 34.008211], [-118.1722872, 34.0077885], [-118.17230866, 34.0075361], [-118.17232398, 34.00735597], [-118.1723421, 34.0071429], [-118.17235302, 34.00706038], [-118.1724125, 34.0066107], [-118.17251735, 34.0060378], [-118.1726222, 34.0054649], [-118.17268754, 34.00523639], [-118.1727857, 34.0048931], [-118.17283375, 34.00472547], [-118.1728749, 34.0045819], [-118.1730964, 34.0039694], [-118.1732259, 34.003595], [-118.1733607, 34.0032714], [-118.1739609, 34.0019629], [-118.17423483, 34.00148621], [-118.17440422, 34.00157566], [-118.17453072, 34.00164246], [-118.17461952, 34.00168935], [-118.17469249, 34.00172787], [-118.17479059, 34.00177967], [-118.17490206, 34.00183853], [-118.17768647, 34.00330874], [-118.17955721, 34.00429693], [-118.18005427, 34.00455944], [-118.18143464, 34.00528835], [-118.18183516, 34.00549986], [-118.1854288, 34.00671419], [-118.1894677, 34.00807883], [-118.19328985, 34.00937003], [-118.19343597, 34.00941939], [-118.19350654, 34.00944324], [-118.1933075, 34.00985393], [-118.19326872, 34.00993392], [-118.19323528, 34.01000267], [-118.19262861, 34.01124955], [-118.19260244, 34.01130613], [-118.19253536, 34.01137145], [-118.19245131, 34.01145337], [-118.19244148, 34.0114888], [-118.19227226, 34.01209507], [-118.19223896, 34.01221438], [-118.19216558, 34.01247726], [-118.19211857, 34.01264051], [-118.19211796, 34.01292062], [-118.1919412, 34.0129053], [-118.19141531, 34.01285994], [-118.191418, 34.01317105], [-118.19142122, 34.01355387], [-118.19142141, 34.01359175], [-118.19142206, 34.01364777], [-118.19142307, 34.0137329], [-118.19142373, 34.01381648], [-118.19142748, 34.01425798], [-118.19142977, 34.01452672], [-118.19143217, 34.01480754], [-118.19143451, 34.01508232], [-118.19147606, 34.01508229], [-118.19212114, 34.01508197], [-118.19222481, 34.01508192], [-118.19223442, 34.01646415], [-118.19215363, 34.01647058], [-118.1909814, 34.01647373], [-118.19057851, 34.01647481], [-118.19037577, 34.01647535], [-118.19008424, 34.01647613], [-118.18843799, 34.01648053], [-118.18768631, 34.01648256], [-118.1874504, 34.01648317], [-118.18733417, 34.01647357], [-118.18733025, 34.0159746], [-118.18732767, 34.01564694], [-118.1872193, 34.01564724], [-118.18712861, 34.0156475], [-118.18670231, 34.01564871], [-118.1866325, 34.01564889], [-118.18627825, 34.0156498], [-118.1862077, 34.01565005], [-118.18611736, 34.01565034], [-118.18607696, 34.01565047], [-118.1860172, 34.01565065], [-118.1855605, 34.01565203], [-118.18510451, 34.01565361], [-118.18504573, 34.01565381], [-118.18492684, 34.0156541], [-118.18483949, 34.01565424], [-118.18432468, 34.01565566], [-118.18417778, 34.01565607], [-118.18395361, 34.01565668], [-118.1838042, 34.01565708], [-118.18360618, 34.01565752], [-118.18334149, 34.01565828], [-118.18312021, 34.01565892], [-118.18298842, 34.01565933], [-118.18294862, 34.01565945], [-118.18260544, 34.01566041], [-118.18250308, 34.01566051], [-118.18246684, 34.01566064], [-118.18240907, 34.01566085], [-118.182048, 34.0156619], [-118.18189924, 34.01566233], [-118.18156465, 34.01566323], [-118.18139104, 34.0156637], [-118.18135624, 34.01299066], [-118.18135339, 34.0127418], [-118.18135045, 34.01254277], [-118.1813468, 34.01224607], [-118.18134376, 34.01199843], [-118.17992849, 34.01187737], [-118.17989215, 34.01187428], [-118.17913683, 34.01180966], [-118.17839642, 34.01174631], [-118.17812312, 34.01172293], [-118.17782613, 34.01169753], [-118.17732369, 34.01165452], [-118.17669651, 34.01160087], [-118.17645513, 34.01158021], [-118.1759285, 34.01153516], [-118.17593549, 34.01253584], [-118.17593749, 34.01274095], [-118.17593826, 34.01281889], [-118.17593955, 34.01300917], [-118.17594062, 34.01331281], [-118.17594112, 34.01345806], [-118.1759417, 34.01362489], [-118.17594291, 34.01386925], [-118.17594346, 34.01403251], [-118.17594395, 34.01417701], [-118.17594452, 34.01433845], [-118.17594509, 34.01449738], [-118.1759462, 34.01476189], [-118.17594678, 34.01485487], [-118.17594715, 34.01491412], [-118.17594746, 34.0149644], [-118.17594811, 34.01507009], [-118.17594998, 34.01538087], [-118.17595064, 34.01551042], [-118.17595122, 34.01562383], [-118.17595103, 34.01572339], [-118.17595082, 34.01582643], [-118.17595131, 34.01587489], [-118.17595186, 34.01592947], [-118.17595197, 34.01598101], [-118.17595209, 34.0160387], [-118.17595324, 34.01614793], [-118.17595343, 34.01620089], [-118.17595364, 34.0162585], [-118.17595407, 34.01637119], [-118.17595427, 34.01641976], [-118.17595455, 34.01648935], [-118.17595589, 34.01665628], [-118.17595622, 34.01677924], [-118.17595652, 34.01688916], [-118.17595691, 34.01702013], [-118.17595809, 34.01726109], [-118.17595935, 34.01752736], [-118.17596132, 34.01794487]]]}, "properties": {"zone_id": "COM-Q0174", "zone_status": "Advisory", "zone_status_reason": "LA County Sheriff 08/04 4PM: Due to operations related to a building fire in Commerce, there is smoke in the area of E Pacific Way and Ash Street. Individuals with sensitivity to smoke should avoid unnecessary exposure to outdoor air and monitor air quality. For emergencies dial 911. More information at Alertla.org.", "county_name": "Los Angeles", "community": null, "acreage": 485, "last_updated": 1785910396000, "url": "https://protect.genasys.com/zones/US-CA-XLA-COM-Q0174", "known_as": null, "data_source_name": "Zonehaven"}}, {"type": "Feature", "geometry": {"type": "Polygon", "coordinates": [[[-119.01663989, 36.05561998], [-119.0166333, 36.0558772], [-119.01663142, 36.05593591], [-119.01556698, 36.05586397], [-119.01494685, 36.05586337], [-119.01418722, 36.05609623], [-119.01308538, 36.05643397], [-119.01192945, 36.05647877], [-119.00843398, 36.05631517], [-119.00793534, 36.05620523], [-119.00803219, 36.05494595], [-119.00889542, 36.05499765], [-119.01047961, 36.05559228], [-119.01243157, 36.05524922], [-119.01378944, 36.05536357], [-119.01458154, 36.05547792], [-119.01663989, 36.05561998]]]}, "properties": {"zone_id": "PVL-E039", "zone_status": "Evacuation Order", "zone_status_reason": "Flooding", "county_name": "Tulare", "community": null, "acreage": 19, "last_updated": 1695274388000, "url": "https://protect.genasys.com/zones/US-CA-XTU-PVL-E039", "known_as": null, "data_source_name": "Zonehaven"}}, {"type": "Feature", "geometry": {"type": "Polygon", "coordinates": [[[-118.19226445, 34.02029451], [-118.1922632, 34.02013657], [-118.19225312, 34.01885648], [-118.19224667, 34.01803863], [-118.19224438, 34.01774818], [-118.19223442, 34.01646415], [-118.19222481, 34.01508192], [-118.19212114, 34.01508197], [-118.19147606, 34.01508229], [-118.19143451, 34.01508232], [-118.19143217, 34.01480754], [-118.19142977, 34.01452672], [-118.19142748, 34.01425798], [-118.19142373, 34.01381648], [-118.19142307, 34.0137329], [-118.19142206, 34.01364777], [-118.19142141, 34.01359175], [-118.19142122, 34.01355387], [-118.191418, 34.01317105], [-118.19141531, 34.01285994], [-118.1919412, 34.0129053], [-118.19211796, 34.01292062], [-118.19219565, 34.01292681], [-118.19228143, 34.01293342], [-118.19463623, 34.01313784], [-118.19569567, 34.01322978], [-118.20050896, 34.01364346], [-118.20055293, 34.01364737], [-118.20065668, 34.01365688], [-118.20070478, 34.01366143], [-118.20093955, 34.01368492], [-118.20098236, 34.01368919], [-118.20108154, 34.01370082], [-118.20114221, 34.01370794], [-118.20127275, 34.01372328], [-118.20140577, 34.01373888], [-118.20147499, 34.01374728], [-118.20153859, 34.01375592], [-118.20157113, 34.01376034], [-118.20167112, 34.01377394], [-118.20174401, 34.01378385], [-118.20180369, 34.01379235], [-118.20193589, 34.0138123], [-118.20206806, 34.01383225], [-118.2022, 34.0138536], [-118.2023317, 34.01387552], [-118.20246327, 34.01389822], [-118.20259456, 34.01392199], [-118.20272559, 34.01394573], [-118.20277382, 34.01395505], [-118.20282202, 34.01396431], [-118.20287616, 34.01397471], [-118.20291848, 34.01398289], [-118.20302497, 34.01400532], [-118.20312093, 34.01402555], [-118.20325117, 34.01405303], [-118.20338142, 34.01408048], [-118.20348587, 34.01410251], [-118.20353111, 34.01411205], [-118.20364115, 34.0141378], [-118.20372062, 34.01415641], [-118.20377051, 34.01416809], [-118.20383714, 34.01418372], [-118.20389954, 34.01419928], [-118.20402821, 34.01423143], [-118.20415685, 34.0142638], [-118.20428483, 34.01429782], [-118.20444649, 34.01434102], [-118.20460761, 34.01438625], [-118.20479421, 34.01443939], [-118.20488436, 34.0144666], [-118.20492431, 34.01447853], [-118.20501575, 34.01450586], [-118.20506056, 34.01451925], [-118.20506041, 34.01450126], [-118.20505836, 34.01438904], [-118.20505539, 34.01422584], [-118.20505331, 34.01407826], [-118.20505251, 34.01403492], [-118.20504704, 34.01374045], [-118.20504392, 34.0135715], [-118.20504063, 34.01339244], [-118.20502681, 34.01262232], [-118.20519065, 34.01268936], [-118.20533938, 34.01275028], [-118.2053697, 34.01276273], [-118.20576698, 34.01275856], [-118.20684093, 34.01274733], [-118.20697607, 34.01274594], [-118.20699997, 34.01278693], [-118.20724216, 34.01320738], [-118.20727516, 34.01326467], [-118.20764227, 34.01390205], [-118.20766755, 34.01394597], [-118.20783379, 34.01423482], [-118.20795046, 34.0144375], [-118.20827845, 34.0150073], [-118.20833017, 34.01500692], [-118.20840518, 34.01500657], [-118.20859612, 34.0150057], [-118.20924664, 34.01686455], [-118.20692554, 34.0182458], [-118.20300651, 34.02443492], [-118.2029088, 34.0243926], [-118.19861593, 34.02253364], [-118.19845979, 34.02246602], [-118.19830257, 34.02239608], [-118.1980445, 34.022266], [-118.1979545, 34.0222268], [-118.19622, 34.0214705], [-118.1960587, 34.0213996], [-118.1955732, 34.0211861], [-118.1944143, 34.0207483], [-118.193653, 34.0205416], [-118.1926141, 34.0203355], [-118.19226445, 34.02029451]]]}, "properties": {"zone_id": "LFD-1279-A", "zone_status": "Advisory", "zone_status_reason": "LAFD 6/25 5:50 PM: Due to operations related to June 17, 2026, building fire, an Advisory remains in place for the area east of Boyle Heights. Individuals with sensitivity to smoke and/or nuisance odors should monitor AQMD Air Quality alerts (AQMD.gov) and avoid unnecessary exposure to outdoor air. For emergencies dial 911. LAFD.org/Alerts ", "county_name": "Los Angeles", "community": null, "acreage": 338, "last_updated": 1782460218000, "url": "https://protect.genasys.com/zones/US-CA-XLA-LFD-1279-A", "known_as": null, "data_source_name": "Zonehaven"}}, {"type": "Feature", "geometry": {"type": "Polygon", "coordinates": [[[-120.668085, 38.045848], [-120.667863, 38.045286], [-120.667801, 38.045149], [-120.667669, 38.044883], [-120.667593, 38.044759], [-120.667502, 38.044641], [-120.6674, 38.044534], [-120.667202, 38.044314], [-120.667011, 38.044092], [-120.666928, 38.043984], [-120.666858, 38.043869], [-120.666692, 38.043505], [-120.666477, 38.043156], [-120.666393, 38.043033], [-120.666301, 38.042914], [-120.666204, 38.0428], [-120.666008, 38.042585], [-120.665906, 38.042486], [-120.665798, 38.042393], [-120.665562, 38.042211], [-120.665446, 38.042106], [-120.665217, 38.041886], [-120.665102, 38.041781], [-120.664995, 38.041668], [-120.664896, 38.04155], [-120.664712, 38.041315], [-120.664366, 38.04083], [-120.66411, 38.040486], [-120.664023, 38.040379], [-120.663934, 38.040279], [-120.663842, 38.040189], [-120.663747, 38.040108], [-120.663207, 38.039709], [-120.662433, 38.039131], [-120.661918, 38.038744], [-120.660589, 38.037769], [-120.659902, 38.037257], [-120.659654, 38.037045], [-120.659536, 38.036933], [-120.659207, 38.036594], [-120.658252, 38.03564], [-120.657956, 38.035348], [-120.657679, 38.035061], [-120.657193, 38.034503], [-120.657, 38.034252], [-120.656714, 38.033896], [-120.656468, 38.033611], [-120.65615, 38.033233], [-120.65602, 38.033091], [-120.655889, 38.032962], [-120.655753, 38.032854], [-120.655614, 38.032763], [-120.655267, 38.032547], [-120.655129, 38.032455], [-120.655056, 38.032415], [-120.654981, 38.032381], [-120.654905, 38.032352], [-120.654752, 38.032308], [-120.654406, 38.032301], [-120.654355, 38.032321], [-120.654184, 38.032407], [-120.653924, 38.032569], [-120.653624, 38.032782], [-120.652976, 38.033258], [-120.652901, 38.033303], [-120.652818, 38.033341], [-120.652732, 38.03337], [-120.652644, 38.033394], [-120.652462, 38.033434], [-120.652373, 38.033461], [-120.65229, 38.033494], [-120.652215, 38.033535], [-120.652149, 38.033582], [-120.652092, 38.033633], [-120.652041, 38.033686], [-120.651946, 38.033797], [-120.651744, 38.034063], [-120.651487, 38.034444], [-120.65121, 38.03494], [-120.651138, 38.035049], [-120.65108, 38.035103], [-120.65101, 38.035145], [-120.650934, 38.035164], [-120.650856, 38.035166], [-120.650737, 38.035148], [-120.650428, 38.035069], [-120.650296, 38.035044], [-120.650208, 38.035038], [-120.650122, 38.035042], [-120.65004881, 38.03505615], [-120.65003839, 38.0350096], [-120.65004149, 38.03439657], [-120.65005175, 38.03235558], [-120.65030071, 38.02868127], [-120.65032997, 38.02639627], [-120.65034715, 38.02505485], [-120.65027673, 38.01788469], [-120.65027491, 38.01768653], [-120.65027418, 38.01645938], [-120.6503516, 38.01424922], [-120.65043158, 38.01109749], [-120.65043527, 38.01060959], [-120.65962394, 38.01051064], [-120.65965668, 38.00886423], [-120.65984147, 37.99957179], [-120.66057655, 37.99955879], [-120.66374835, 37.99950272], [-120.66441265, 37.99949098], [-120.6674958, 37.99947619], [-120.66762157, 37.99947558], [-120.66773102, 37.9994749], [-120.66783215, 37.9994739], [-120.66791561, 37.99947312], [-120.66797603, 37.99947246], [-120.66891157, 37.99946179], [-120.66895495, 38.00324255], [-120.67349131, 38.00314076], [-120.67827555, 38.0030513], [-120.67827417, 38.00309834], [-120.67875226, 38.00308841], [-120.67950871, 38.00307271], [-120.67970725, 37.99571739], [-120.68238038, 37.99567498], [-120.68261111, 37.99567132], [-120.68288538, 37.99566518], [-120.68342512, 37.99565492], [-120.68377544, 37.99565398], [-120.68400525, 37.99539398], [-120.68483012, 37.99538309], [-120.68484287, 37.99565141], [-120.68681107, 37.99565427], [-120.6875789, 37.99565537], [-120.68747569, 37.99197542], [-120.69094204, 37.99191847], [-120.69110243, 37.99182632], [-120.69117047, 37.99191518], [-120.69274434, 37.99189252], [-120.69295098, 37.99188965], [-120.69675305, 37.99191241], [-120.69672132, 37.994104], [-120.69672618, 37.99551617], [-120.7016677, 37.99543852], [-120.70194135, 37.99543594], [-120.70486383, 37.99539552], [-120.70479908, 37.99904819], [-120.70476459, 38.00099369], [-120.70475588, 38.00148513], [-120.70473759, 38.00251749], [-120.70473432, 38.00270185], [-120.70694247, 38.00271742], [-120.71378803, 38.00276567], [-120.72287119, 38.00282968], [-120.73209974, 38.00284566], [-120.73205876, 38.005038], [-120.73207889, 38.00550196], [-120.73205609, 38.00604493], [-120.73208209, 38.00689873], [-120.73210409, 38.00906488], [-120.7320932, 38.01009514], [-120.74129128, 38.01011014], [-120.74130909, 38.00648671], [-120.75050186, 38.00647925], [-120.75052803, 38.00285221], [-120.7597292, 38.00284349], [-120.76376351, 38.00283908], [-120.76916533, 38.00283318], [-120.77859972, 38.00282224], [-120.78810348, 38.00283627], [-120.78803284, 38.01008713], [-120.78801052, 38.01262748], [-120.78797638, 38.01733802], [-120.78797707, 38.01738792], [-120.78804082, 38.0173886], [-120.78804782, 38.01793397], [-120.78805602, 38.01857318], [-120.78806901, 38.01958512], [-120.7880711, 38.01974813], [-120.78807169, 38.01979467], [-120.78808669, 38.02096314], [-120.79755271, 38.02098176], [-120.79763948, 38.02460956], [-120.80221372, 38.02463091], [-120.81601329, 38.024688], [-120.81580645, 38.03112054], [-120.81577153, 38.03220645], [-120.81601519, 38.03921304], [-120.81610075, 38.04167351], [-120.81626791, 38.04647917], [-120.81627114, 38.04657199], [-120.8069304, 38.04644081], [-120.7977663, 38.04637917], [-120.79129591, 38.04632842], [-120.78796111, 38.04630227], [-120.7842971, 38.04629991], [-120.77981319, 38.04629703], [-120.77842341, 38.04628329], [-120.77866059, 38.05715284], [-120.76002855, 38.05725652], [-120.76003078, 38.05738999], [-120.76009561, 38.0612722], [-120.76011015, 38.06854131], [-120.7601247, 38.07581023], [-120.76301659, 38.07583556], [-120.76880039, 38.07588623], [-120.77910368, 38.0759765], [-120.779193, 38.088534], [-120.77921527, 38.09043928], [-120.77876977, 38.0975553], [-120.7694338, 38.09765061], [-120.76913282, 38.1050237], [-120.768037, 38.105031], [-120.76435833, 38.10500808], [-120.76250677, 38.10494091], [-120.75992259, 38.10484717], [-120.75995549, 38.10121996], [-120.75534559, 38.10122667], [-120.75536964, 38.09758698], [-120.75075295, 38.0975831], [-120.75073382, 38.10123239], [-120.75073905, 38.10235361], [-120.745183, 38.102375], [-120.74515864, 38.10121124], [-120.74148462, 38.10119731], [-120.74147335, 38.10482115], [-120.73518457, 38.10481259], [-120.72298711, 38.10479598], [-120.72299203, 38.1120409], [-120.70912032, 38.11212497], [-120.70909229, 38.11081599], [-120.70906222, 38.10817494], [-120.70907916, 38.10776386], [-120.70914892, 38.10607124], [-120.709169, 38.10465776], [-120.70442258, 38.10460398], [-120.70444929, 38.10281802], [-120.70444329, 38.10004758], [-120.70444013, 38.0978033], [-120.7044421, 38.0975978], [-120.70336107, 38.09764622], [-120.70278203, 38.09767185], [-120.69981864, 38.09784258], [-120.69984155, 38.09725577], [-120.69987705, 38.09578674], [-120.69988843, 38.09531623], [-120.69987565, 38.0927269], [-120.69991662, 38.09117583], [-120.69992587, 38.0905358], [-120.69992364, 38.09035181], [-120.69993449, 38.08943364], [-120.69991596, 38.08775989], [-120.69991431, 38.08690677], [-120.69903531, 38.0869316], [-120.69645391, 38.08700458], [-120.69374227, 38.08709901], [-120.69075789, 38.08720411], [-120.69072318, 38.08721859], [-120.69075558, 38.08563675], [-120.69071793, 38.08427128], [-120.69069641, 38.08333691], [-120.6861399, 38.08349191], [-120.68613804, 38.08015181], [-120.68614626, 38.07841862], [-120.68615619, 38.07632501], [-120.68608846, 38.07632923], [-120.68360443, 38.07629949], [-120.68097971, 38.07626923], [-120.67931733, 38.07625186], [-120.67751947, 38.0762333], [-120.67249933, 38.07617623], [-120.66833053, 38.06913466], [-120.66814356, 38.06885144], [-120.66837107, 38.06359096], [-120.66840046, 38.06253243], [-120.6684242, 38.06167754], [-120.66847744, 38.05380484], [-120.66851334, 38.0517825], [-120.668602, 38.046788], [-120.668411, 38.046519], [-120.668263, 38.046251], [-120.668199, 38.046118], [-120.668085, 38.045848]]]}, "properties": {"zone_id": "CCU-147", "zone_status": "Evacuation Order", "zone_status_reason": "Pool Station Road, Cement Plant Road closed. ", "county_name": "Calaveras", "community": null, "acreage": 28401, "last_updated": 1785848719000, "url": "https://protect.genasys.com/zones/US-CA-XCA-CCU-147", "known_as": "", "data_source_name": "Zonehaven"}}, {"type": "Feature", "geometry": {"type": "Polygon", "coordinates": [[[-119.01663142, 36.05593591], [-119.01691895, 36.05595534], [-119.01779816, 36.05601476], [-119.01969569, 36.05614299], [-119.02551765, 36.05653644], [-119.02613127, 36.05670178], [-119.0261346, 36.0567991], [-119.0261438, 36.0570697], [-119.02615105, 36.05726749], [-119.01661235, 36.05653253], [-119.01663142, 36.05593591]]]}, "properties": {"zone_id": "PVL-E036", "zone_status": "Evacuation Order", "zone_status_reason": "Flooding", "county_name": "Tulare", "community": null, "acreage": 15, "last_updated": 1695274388000, "url": "https://protect.genasys.com/zones/US-CA-XTU-PVL-E036", "known_as": null, "data_source_name": "Zonehaven"}}, {"type": "Feature", "geometry": {"type": "Polygon", "coordinates": [[[-120.70450152, 38.16676675], [-120.69910276, 38.16671132], [-120.69880885, 38.16671247], [-120.69528704, 38.16670325], [-120.69451655, 38.16668942], [-120.69447144, 38.16291559], [-120.68988399, 38.16284562], [-120.6899725, 38.15939975], [-120.68537936, 38.15935731], [-120.68528859, 38.15584106], [-120.68526319, 38.15209712], [-120.6852489, 38.14845757], [-120.68530889, 38.14845777], [-120.685601, 38.14845799], [-120.6903095, 38.14850179], [-120.69477545, 38.14854316], [-120.6949546, 38.14489287], [-120.69030017, 38.1448579], [-120.6903656, 38.14123911], [-120.68568711, 38.14122391], [-120.68593679, 38.13405752], [-120.68831661, 38.13404619], [-120.69778825, 38.13400508], [-120.70457046, 38.13397565], [-120.70457149, 38.13389886], [-120.70456985, 38.13032563], [-120.70449546, 38.11205663], [-120.70726566, 38.11209189], [-120.70912032, 38.11212497], [-120.72299203, 38.1120409], [-120.72759852, 38.11204789], [-120.72759068, 38.1192945], [-120.72299438, 38.11928688], [-120.72300357, 38.13377808], [-120.72764026, 38.13379495], [-120.74152452, 38.1338655], [-120.74608236, 38.13401542], [-120.75068627, 38.13410684], [-120.75071239, 38.1374466], [-120.75530796, 38.13744924], [-120.75530633, 38.13759499], [-120.75526762, 38.14106704], [-120.75525243, 38.14254743], [-120.75524133, 38.14362991], [-120.75523043, 38.14469222], [-120.75632367, 38.1446924], [-120.75765475, 38.14469261], [-120.75982407, 38.14469297], [-120.7598157, 38.14521891], [-120.75975169, 38.1492408], [-120.75999753, 38.14923132], [-120.76169704, 38.14916578], [-120.76266971, 38.14912827], [-120.76431449, 38.14906484], [-120.76640719, 38.15048204], [-120.76800785, 38.15175524], [-120.76887137, 38.15243335], [-120.77343051, 38.1560829], [-120.77338804, 38.15969611], [-120.77569133, 38.15963499], [-120.77799461, 38.15957387], [-120.77799369, 38.16008063], [-120.77799185, 38.16109415], [-120.77798052, 38.16191894], [-120.7779792, 38.16200209], [-120.7753925, 38.1619529], [-120.77539619, 38.16326616], [-120.77610073, 38.16325249], [-120.77623527, 38.16324988], [-120.77627954, 38.16324902], [-120.77699254, 38.16323451], [-120.77797153, 38.16321457], [-120.7779621, 38.16367454], [-120.77792569, 38.16545053], [-120.77792166, 38.16568426], [-120.77791503, 38.16609254], [-120.777849, 38.168554], [-120.77783493, 38.16876144], [-120.77779, 38.169424], [-120.77773003, 38.17085658], [-120.7777, 38.171574], [-120.77771799, 38.17238425], [-120.77772798, 38.1728346], [-120.77775797, 38.17418561], [-120.78051112, 38.17424873], [-120.78094305, 38.17425862], [-120.78103014, 38.17426063], [-120.78092819, 38.17435547], [-120.77981572, 38.17507501], [-120.7790709, 38.17538431], [-120.77887739, 38.17546467], [-120.77781352, 38.17535187], [-120.77658572, 38.17484727], [-120.77555012, 38.17457767], [-120.77475518, 38.17412689], [-120.77409739, 38.17375387], [-120.77312499, 38.17333741], [-120.77229699, 38.17318281], [-120.77146292, 38.17323181], [-120.77047012, 38.17348141], [-120.76994552, 38.17376781], [-120.76905919, 38.17437107], [-120.76860032, 38.17480681], [-120.76857416, 38.17484513], [-120.76821972, 38.17536427], [-120.76780992, 38.17610641], [-120.76775672, 38.17669801], [-120.76761372, 38.17715821], [-120.76769699, 38.17750221], [-120.76792899, 38.17796961], [-120.76792764, 38.1780139], [-120.76791179, 38.17853387], [-120.76774819, 38.17890121], [-120.76760532, 38.17915641], [-120.76742852, 38.17919267], [-120.76693699, 38.17967841], [-120.76651879, 38.17990021], [-120.76590232, 38.18020541], [-120.76547059, 38.18037141], [-120.76519852, 38.18040587], [-120.76426339, 38.18042847], [-120.76310375, 38.18038043], [-120.76006492, 38.17945321], [-120.75979107, 38.17944803], [-120.75933779, 38.17950087], [-120.75751232, 38.17974941], [-120.75652819, 38.18003227], [-120.75651443, 38.18003872], [-120.75540419, 38.18055901], [-120.75503112, 38.18074801], [-120.75404259, 38.18146687], [-120.75371539, 38.18162587], [-120.75353497, 38.18168991], [-120.75266459, 38.18199881], [-120.75224012, 38.18221821], [-120.75203799, 38.18253647], [-120.75194032, 38.18294281], [-120.75196079, 38.18325041], [-120.75214839, 38.18360741], [-120.75232959, 38.18376121], [-120.75270972, 38.18420201], [-120.75320339, 38.18481841], [-120.75372212, 38.18521841], [-120.75492092, 38.18582661], [-120.75573819, 38.18663701], [-120.75614052, 38.18725167], [-120.75636232, 38.18777621], [-120.75641412, 38.18847801], [-120.75638799, 38.18889247], [-120.75627174, 38.18919759], [-120.75619972, 38.18938661], [-120.75603939, 38.18966661], [-120.75580959, 38.18996301], [-120.75547519, 38.19052841], [-120.75492492, 38.19115967], [-120.75458872, 38.19133221], [-120.75384152, 38.19168261], [-120.75213212, 38.19280087], [-120.75133799, 38.19326441], [-120.75104279, 38.19346941], [-120.75069832, 38.19364561], [-120.74967979, 38.19410287], [-120.74876519, 38.19436887], [-120.74844119, 38.19440207], [-120.74786372, 38.19450127], [-120.74740432, 38.19451241], [-120.74720252, 38.19449601], [-120.74654819, 38.19434807], [-120.74587332, 38.19424947], [-120.74567139, 38.19419467], [-120.74558792, 38.19413981], [-120.74494079, 38.19427741], [-120.74459999, 38.19440387], [-120.74442612, 38.19444787], [-120.74425219, 38.19446441], [-120.74420339, 38.19444247], [-120.74402252, 38.19450301], [-120.74366072, 38.19452507], [-120.74350292, 38.19456107], [-120.74317419, 38.19460727], [-120.74274619, 38.19468147], [-120.74229379, 38.19479607], [-120.74203279, 38.19497607], [-120.74169892, 38.19521241], [-120.74122599, 38.19548721], [-120.74113456, 38.19552514], [-120.74081532, 38.19565761], [-120.74028668, 38.19602797], [-120.7389649, 38.19672916], [-120.73786073, 38.19697095], [-120.73694052, 38.19719121], [-120.73665519, 38.19730661], [-120.73660652, 38.19730107], [-120.73637719, 38.19740181], [-120.73627792, 38.19740727], [-120.73543112, 38.19762187], [-120.73486276, 38.19773127], [-120.73430643, 38.19766408], [-120.73320087, 38.19739027], [-120.73205198, 38.19654726], [-120.73171335, 38.19644792], [-120.73009952, 38.19597447], [-120.72859887, 38.1963404], [-120.72649552, 38.19714527], [-120.72575779, 38.19720041], [-120.72555612, 38.19716747], [-120.72527072, 38.19706867], [-120.72458859, 38.19670101], [-120.72360719, 38.19626201], [-120.72315492, 38.19626207], [-120.72288352, 38.19631161], [-120.72280782, 38.19634425], [-120.72280869, 38.19625716], [-120.7228097, 38.19613174], [-120.72281175, 38.19588703], [-120.7228635, 38.1942804], [-120.7229028, 38.19257977], [-120.72290114, 38.17954356], [-120.72290097, 38.17822855], [-120.72285895, 38.1774349], [-120.72214166, 38.17744306], [-120.72157249, 38.17744954], [-120.72103058, 38.17745571], [-120.70905894, 38.17759193], [-120.70445835, 38.17764393], [-120.70450697, 38.17403884], [-120.70450152, 38.16676675]]]}, "properties": {"zone_id": "CCU-109", "zone_status": "Evacuation Order", "zone_status_reason": " GANN FIRE UPDATE: Evacuation orders for zones CCU-147, CCU-109, CCU139, CCU-110. Evacuate the area due to wildfire.", "county_name": "Calaveras", "community": null, "acreage": 10357, "last_updated": 1785836532000, "url": "https://protect.genasys.com/zones/US-CA-XCA-CCU-109", "known_as": "", "data_source_name": "Zonehaven"}}, {"type": "Feature", "geometry": {"type": "Polygon", "coordinates": [[[-120.389835013598, 37.9654188067198], [-120.390131768459, 37.9663366287996], [-120.391622197483, 37.9692006672609], [-120.393143676775, 37.9717463846467], [-120.393442222876, 37.9731192374147], [-120.391709047503, 37.9734439195734], [-120.389316412592, 37.969884566279], [-120.385511436509, 37.9688941949482], [-120.385710078273, 37.9653467726414], [-120.388599873202, 37.9653241139601], [-120.389835013598, 37.9654188067198]]]}, "properties": {"zone_id": "Southgate Dr", "zone_status": "Evacuation Warning", "zone_status_reason": "Dove Fire", "county_name": "Tuolumne", "community": null, "acreage": null, "last_updated": 1785451183599, "url": "https://experience.arcgis.com/experience/d309d5b7f81a46adbb0a1ae627967633/", "known_as": null, "data_source_name": "Tuolumne County ArcGIS Online"}}, {"type": "Feature", "geometry": {"type": "Polygon", "coordinates": [[[-118.1573046, 34.0204125], [-118.15709476, 34.02036718], [-118.15672745, 34.02028785], [-118.1566098, 34.020261], [-118.15655325, 34.02024809], [-118.15650699, 34.02023752], [-118.15632448, 34.02019582], [-118.15626526, 34.0201832], [-118.15620329, 34.02017], [-118.156135, 34.0201558], [-118.1554996, 34.0200237], [-118.1552356, 34.0199711], [-118.15516988, 34.01995708], [-118.15511482, 34.01994534], [-118.1542825, 34.0197678], [-118.15405654, 34.01971713], [-118.15396282, 34.01969612], [-118.1536064, 34.0196162], [-118.15366942, 34.01951013], [-118.15381709, 34.0195412], [-118.15384355, 34.01949614], [-118.15397481, 34.0192726], [-118.1539958, 34.01923691], [-118.15406771, 34.01911525], [-118.15412504, 34.01901793], [-118.15418728, 34.01891133], [-118.15425921, 34.01879194], [-118.1543051, 34.01871384], [-118.1543803, 34.01858597], [-118.15445399, 34.01846052], [-118.15451275, 34.01836069], [-118.15464502, 34.01813713], [-118.15468837, 34.01806329], [-118.15476259, 34.01793693], [-118.15482193, 34.01783595], [-118.15483845, 34.01780779], [-118.15489187, 34.01771706], [-118.15503095, 34.0174808], [-118.15508059, 34.01739679], [-118.15515517, 34.01727051], [-118.15522922, 34.01714514], [-118.15528525, 34.01705027], [-118.15541818, 34.01682361], [-118.15547442, 34.01672817], [-118.15554991, 34.01660005], [-118.15562235, 34.0164771], [-118.15570557, 34.01633581], [-118.15578251, 34.01620521], [-118.155814, 34.01615166], [-118.15594574, 34.01592903], [-118.15597759, 34.01587471], [-118.1560379, 34.01577188], [-118.1561353, 34.01560578], [-118.15625774, 34.01539942], [-118.15628925, 34.01534449], [-118.15631504, 34.01530086], [-118.1563652, 34.01521608], [-118.15642, 34.01512352], [-118.15655587, 34.01489329], [-118.15660437, 34.01481063], [-118.15667852, 34.01468427], [-118.15674976, 34.01456277], [-118.15676893, 34.01453014], [-118.1568053, 34.01446815], [-118.15694002, 34.01423864], [-118.15698708, 34.01415878], [-118.15706317, 34.01402969], [-118.15713599, 34.01390614], [-118.15718997, 34.01381456], [-118.15732428, 34.01358842], [-118.15737526, 34.01350152], [-118.15745013, 34.01337395], [-118.15752404, 34.01324814], [-118.15757738, 34.01315701], [-118.15771209, 34.0129302], [-118.1578646, 34.01267052], [-118.15796587, 34.01249815], [-118.15807068, 34.01232122], [-118.15813039, 34.01221985], [-118.15824763, 34.01202077], [-118.15833615, 34.01187048], [-118.15854394, 34.01151655], [-118.15858574, 34.01144587], [-118.15862136, 34.01138512], [-118.15868619, 34.01127454], [-118.15884728, 34.01099909], [-118.15895666, 34.01081204], [-118.1589324, 34.0107412], [-118.1585892, 34.0098969], [-118.1584526, 34.0095608], [-118.1584275, 34.0094176], [-118.1584565, 34.0093128], [-118.1584947, 34.0092271], [-118.15867671, 34.0089676], [-118.1587435, 34.0090409], [-118.1597365, 34.0101294], [-118.1600145, 34.0104429], [-118.1603217, 34.0107357], [-118.1604926, 34.0108866], [-118.1609274, 34.0112018], [-118.1612875, 34.0114408], [-118.1616352, 34.0116422], [-118.1625125, 34.0120658], [-118.1650426, 34.0132149], [-118.1679616, 34.0145365], [-118.1684024, 34.0146951], [-118.1690925, 34.0149004], [-118.1696869, 34.0150745], [-118.1701933, 34.0152168], [-118.1704851, 34.0153093], [-118.1706418, 34.0153573], [-118.1709612, 34.0154784], [-118.1712406, 34.0155997], [-118.1715055, 34.0157285], [-118.1717928, 34.0158847], [-118.1721611, 34.016108], [-118.1723648, 34.0162342], [-118.17257347, 34.01635793], [-118.1726395, 34.0165187], [-118.1729142, 34.0172159], [-118.1730343, 34.0175574], [-118.1731287, 34.0178989], [-118.1732649, 34.01872977], [-118.173266, 34.0187921], [-118.17326778, 34.01889239], [-118.17326835, 34.01892447], [-118.1732707, 34.0190573], [-118.17327261, 34.01969394], [-118.1732744, 34.0202919], [-118.1732694, 34.02044225], [-118.1732644, 34.0205926], [-118.17325729, 34.02064075], [-118.1732386, 34.02076725], [-118.17321232, 34.02094456], [-118.17318185, 34.02111455], [-118.17316279, 34.02122089], [-118.1731509, 34.0212872], [-118.17296, 34.0219647], [-118.1728124, 34.0224487], [-118.17252364, 34.02339557], [-118.17251371, 34.02342813], [-118.172496, 34.0234862], [-118.17246122, 34.0236151], [-118.17241344, 34.02360483], [-118.17234947, 34.02359109], [-118.17210484, 34.02353853], [-118.17206, 34.0235289], [-118.17200092, 34.02351628], [-118.17176942, 34.02346685], [-118.17173228, 34.02345892], [-118.1710503, 34.0233133], [-118.1700143, 34.023085], [-118.1690014, 34.0228801], [-118.16855169, 34.02278752], [-118.1679808, 34.02267], [-118.1672809, 34.02251984], [-118.16708951, 34.02247878], [-118.1669543, 34.0224502], [-118.16591586, 34.02222879], [-118.1657438, 34.0221921], [-118.16540373, 34.02212307], [-118.16532426, 34.02210693], [-118.1651989, 34.02208149], [-118.1651129, 34.02206403], [-118.16507461, 34.02205626], [-118.16501646, 34.02204445], [-118.1645556, 34.0219509], [-118.1633942, 34.021703], [-118.16306562, 34.02163528], [-118.16261432, 34.02154212], [-118.16245991, 34.02150856], [-118.16232968, 34.02148026], [-118.16226832, 34.02146692], [-118.1621886, 34.0214496], [-118.1617018, 34.0213451], [-118.16166961, 34.02133879], [-118.16159056, 34.02132331], [-118.16154751, 34.02131487], [-118.1611408, 34.0212352], [-118.1608673, 34.02117737], [-118.1607374, 34.0211499], [-118.1602138, 34.021036], [-118.1597418, 34.0209365], [-118.15965272, 34.02091804], [-118.1592954, 34.020844], [-118.15897857, 34.02077503], [-118.15894004, 34.02076664], [-118.1588627, 34.0207498], [-118.1587863, 34.02073319], [-118.1586088, 34.0206946], [-118.15840415, 34.02064938], [-118.1583513, 34.0206377], [-118.15787938, 34.02053598], [-118.15746338, 34.02044661], [-118.1573046, 34.0204125]]]}, "properties": {"zone_id": "LAC-E0171", "zone_status": "Advisory", "zone_status_reason": "LASD 6/25 5:50 PM: Due to operations related to June 17, 2026, building fire, an Advisory remains in place for the area east of Boyle Heights. Individuals with sensitivity to smoke and/or nuisance odors should monitor AQMD Air Quality alerts (AQMD.gov) and avoid unnecessary exposure to outdoor air. For emergencies dial 911. More information at Alertla.org", "county_name": "Los Angeles", "community": null, "acreage": 380, "last_updated": 1782460241000, "url": "https://protect.genasys.com/zones/US-CA-XLA-LAC-E0171", "known_as": null, "data_source_name": "Zonehaven"}}, {"type": "Feature", "geometry": {"type": "Polygon", "coordinates": [[[-120.84784468, 38.10862702], [-120.8477862, 38.10864374], [-120.84766439, 38.10867587], [-120.84751152, 38.10873081], [-120.84746279, 38.10876367], [-120.84740732, 38.10879121], [-120.84729612, 38.10884067], [-120.84662892, 38.10923621], [-120.84642052, 38.10938461], [-120.84622599, 38.10950547], [-120.84617127, 38.10954667], [-120.84593412, 38.10972521], [-120.84571179, 38.10993387], [-120.84564219, 38.11001081], [-120.84561452, 38.11005467], [-120.84558672, 38.11009861], [-120.84555899, 38.11014261], [-120.84553112, 38.11018661], [-120.84546172, 38.11028541], [-120.84543379, 38.11032941], [-120.84539219, 38.11039527], [-120.84536452, 38.11043921], [-120.84533659, 38.11048321], [-120.84533672, 38.11051607], [-120.84530892, 38.11053807], [-120.84529492, 38.11058201], [-120.84526712, 38.11061501], [-120.84523939, 38.11065887], [-120.84522539, 38.11070287], [-120.84521159, 38.11073581], [-120.84518379, 38.11075781], [-120.84516992, 38.11082367], [-120.84511439, 38.11091161], [-120.84508659, 38.11096101], [-120.84507272, 38.11102141], [-120.84501719, 38.11112567], [-120.84501719, 38.11116421], [-120.84498939, 38.11118607], [-120.84498939, 38.11123007], [-120.84496159, 38.11125207], [-120.84494772, 38.11134541], [-120.84491299, 38.11142787], [-120.84488519, 38.11162547], [-120.84488532, 38.11176281], [-120.84489919, 38.11179581], [-120.84494099, 38.11207027], [-120.84491332, 38.11232841], [-120.84489939, 38.11240541], [-120.84487159, 38.11246581], [-120.84487159, 38.11254267], [-120.84484379, 38.11256461], [-120.84481612, 38.11270201], [-120.84480232, 38.11276781], [-120.84477452, 38.11278981], [-120.84476052, 38.11283381], [-120.84473279, 38.11293261], [-120.84466339, 38.11306987], [-120.84464939, 38.11309741], [-120.84462159, 38.11311927], [-120.84460772, 38.11317427], [-120.84445479, 38.11332261], [-120.84432979, 38.11337201], [-120.84428812, 38.11336107], [-120.84420759, 38.11337501], [-120.84351012, 38.11315021], [-120.84332019, 38.11315261], [-120.84272372, 38.11294381], [-120.84101916, 38.1125905], [-120.83969392, 38.11231581], [-120.83918072, 38.11234827], [-120.83851332, 38.11248661], [-120.83839212, 38.11255368], [-120.83819312, 38.11266381], [-120.83758212, 38.11282741], [-120.8372995, 38.11278245], [-120.83717852, 38.11276321], [-120.83590892, 38.11295247], [-120.83584372, 38.11303987], [-120.83543452, 38.11323547], [-120.83528339, 38.11348847], [-120.83517992, 38.11387927], [-120.83523999, 38.11460567], [-120.83532332, 38.11484707], [-120.83527319, 38.11529581], [-120.83527312, 38.11533961], [-120.83530092, 38.11539461], [-120.83535659, 38.11547147], [-120.83556519, 38.11561421], [-120.83559299, 38.11564707], [-120.83559299, 38.11570207], [-120.83562079, 38.11572407], [-120.83562079, 38.11593267], [-120.83559299, 38.11595467], [-120.83556532, 38.11604807], [-120.83552359, 38.11613041], [-120.83549579, 38.11615241], [-120.83546792, 38.11619627], [-120.83544012, 38.11628421], [-120.83539852, 38.11635007], [-120.83539859, 38.11638307], [-120.83537079, 38.11640501], [-120.83537072, 38.11651487], [-120.83537079, 38.11677841], [-120.83534299, 38.11689927], [-120.83531519, 38.11696521], [-120.83530139, 38.11700907], [-120.83527359, 38.11703107], [-120.83527352, 38.11706401], [-120.83524572, 38.11708601], [-120.83515539, 38.11730567], [-120.83515552, 38.11737161], [-120.83512759, 38.11742647], [-120.83508592, 38.11760227], [-120.83503039, 38.11766807], [-120.83501683, 38.11772133], [-120.83498859, 38.11774507], [-120.83494699, 38.11785487], [-120.83493312, 38.11789881], [-120.83490532, 38.11792087], [-120.83484972, 38.11809647], [-120.83480812, 38.11829427], [-120.83478032, 38.11831621], [-120.83475252, 38.11852487], [-120.83473859, 38.11856881], [-120.83471079, 38.11862367], [-120.83471092, 38.11865667], [-120.83468312, 38.11867867], [-120.83468299, 38.11871161], [-120.83465519, 38.11878847], [-120.83461359, 38.11885441], [-120.83458579, 38.11889827], [-120.83458579, 38.11893681], [-120.83455799, 38.11895867], [-120.83454412, 38.11900821], [-120.83446072, 38.11910707], [-120.83443292, 38.11915101], [-120.83441892, 38.11919501], [-120.83439119, 38.11921687], [-120.83436339, 38.11926081], [-120.83436339, 38.11929381], [-120.83433559, 38.11934867], [-120.83433572, 38.11960687], [-120.83436352, 38.11966167], [-120.83436352, 38.11970021], [-120.83443312, 38.11984841], [-120.83443312, 38.11988687], [-120.83446092, 38.11994181], [-120.83446792, 38.12004067], [-120.83441232, 38.12035921], [-120.83439839, 38.12041961], [-120.83437059, 38.12050201], [-120.83434279, 38.12052401], [-120.83432892, 38.12063921], [-120.83431499, 38.12067767], [-120.83430119, 38.12074361], [-120.83424552, 38.12088641], [-120.83424559, 38.12094127], [-120.83421779, 38.12096327], [-120.83418999, 38.12118287], [-120.83417619, 38.12123787], [-120.83413439, 38.12138067], [-120.83412059, 38.12142461], [-120.83409279, 38.12144661], [-120.83407879, 38.12154001], [-120.83402319, 38.12163881], [-120.83402332, 38.12168281], [-120.83399552, 38.12173221], [-120.83398159, 38.12180347], [-120.83395379, 38.12183101], [-120.83395379, 38.12186387], [-120.83392599, 38.12188601], [-120.83389812, 38.12192987], [-120.83389819, 38.12196841], [-120.83387039, 38.12199027], [-120.83385659, 38.12202867], [-120.83374532, 38.12215501], [-120.83374532, 38.12219901], [-120.83373152, 38.12223187], [-120.83374532, 38.12228687], [-120.83389832, 38.12245161], [-120.83412079, 38.12264927], [-120.83431552, 38.12276447], [-120.83478132, 38.12289081], [-120.83483692, 38.12291821], [-120.83510112, 38.12295661], [-120.83526792, 38.12296761], [-120.83532359, 38.12297861], [-120.83557379, 38.12303347], [-120.83646372, 38.12331887], [-120.83661672, 38.12341221], [-120.83682532, 38.12358241], [-120.83740939, 38.12411507], [-120.83747899, 38.12419187], [-120.83760412, 38.12434567], [-120.83775012, 38.12453241], [-120.83780579, 38.12460927], [-120.83781972, 38.12464761], [-120.83784752, 38.12467507], [-120.83791712, 38.12476847], [-120.83800052, 38.12487827], [-120.83803532, 38.12492221], [-120.83806132, 38.12498827], [-120.83808912, 38.12501581], [-120.83818652, 38.12521347], [-120.83818659, 38.12524641], [-120.83820739, 38.12526841], [-120.83826312, 38.12544407], [-120.83827712, 38.12554287], [-120.83830479, 38.12556487], [-120.83833972, 38.12572961], [-120.83838139, 38.12582287], [-120.83839532, 38.12585041], [-120.83842312, 38.12587787], [-120.83852059, 38.12599321], [-120.83864572, 38.12612501], [-120.83870132, 38.12619627], [-120.83873612, 38.12626227], [-120.83886132, 38.12638301], [-120.83898652, 38.12653681], [-120.83904212, 38.12661921], [-120.83908379, 38.12665207], [-120.83920212, 38.12682767], [-120.83922992, 38.12684967], [-120.83927172, 38.12691561], [-120.83929952, 38.12697061], [-120.83932739, 38.12699247], [-120.83932732, 38.12703641], [-120.83935519, 38.12705841], [-120.83936899, 38.12710781], [-120.83941779, 38.12728901], [-120.83944559, 38.12731647], [-120.83950132, 38.12743181], [-120.83952912, 38.12747567], [-120.83954312, 38.12753067], [-120.83957079, 38.12755261], [-120.83957092, 38.12758547], [-120.83959859, 38.12760747], [-120.83963352, 38.12772281], [-120.83966132, 38.12773927], [-120.83974479, 38.12795347], [-120.83975872, 38.12800841], [-120.83978659, 38.12806327], [-120.83980752, 38.12827187], [-120.83977979, 38.12843681], [-120.83975199, 38.12845867], [-120.83971719, 38.12855747], [-120.83964772, 38.12865647], [-120.83961992, 38.12870041], [-120.83959212, 38.12877727], [-120.83955039, 38.12882121], [-120.83955039, 38.12885967], [-120.83952259, 38.12888161], [-120.83933512, 38.12945281], [-120.83928652, 38.12952967], [-120.83928652, 38.12960647], [-120.83925872, 38.12969441], [-120.83925192, 38.12998001], [-120.83923812, 38.13002387], [-120.83923799, 38.13006787], [-120.83925199, 38.13010087], [-120.83925199, 38.13026561], [-120.83927292, 38.13046321], [-120.83932859, 38.13056207], [-120.83939819, 38.13064447], [-120.83949559, 38.13075421], [-120.83952259, 38.13080695], [-120.83966952, 38.13097387], [-120.83969719, 38.13101781], [-120.83971119, 38.13109467], [-120.83970432, 38.13134727], [-120.83967652, 38.13153407], [-120.83966272, 38.13158887], [-120.83963492, 38.13164387], [-120.83960712, 38.13174821], [-120.83960712, 38.13178667], [-120.83957239, 38.13180867], [-120.83955852, 38.13189107], [-120.83953072, 38.13192947], [-120.83928052, 38.13224261], [-120.83920399, 38.13234141], [-120.83917632, 38.13240727], [-120.83912072, 38.13246221], [-120.83910679, 38.13252821], [-120.83907899, 38.13255007], [-120.83903732, 38.13266001], [-120.83901652, 38.13271487], [-120.83898872, 38.13273687], [-120.83894012, 38.13323121], [-120.83892632, 38.13325861], [-120.83889852, 38.13341241], [-120.83888472, 38.13345627], [-120.83885692, 38.13347827], [-120.83882212, 38.13363207], [-120.83880819, 38.13369241], [-120.83878039, 38.13371447], [-120.83859979, 38.13392867], [-120.83853032, 38.13398361], [-120.83832872, 38.13417587], [-120.83820359, 38.13431867], [-120.83816192, 38.13436261], [-120.83812019, 38.13441747], [-120.83804328, 38.13447503], [-120.83798799, 38.13451641], [-120.83789079, 38.13457127], [-120.83782119, 38.13459327], [-120.83776559, 38.13461527], [-120.83718159, 38.13475821], [-120.83707039, 38.13476921], [-120.83697312, 38.13480207], [-120.83669499, 38.13482421], [-120.83662552, 38.13482967], [-120.83651419, 38.13483521], [-120.83626392, 38.13480781], [-120.83613872, 38.13477487], [-120.83602752, 38.13476941], [-120.83587452, 38.13478047], [-120.83583272, 38.13481887], [-120.83576319, 38.13482441], [-120.83567279, 38.13487927], [-120.83546432, 38.13503307], [-120.83525579, 38.13522541], [-120.83521412, 38.13528027], [-120.83495692, 38.13550001], [-120.83474839, 38.13563187], [-120.83425479, 38.13578021], [-120.83396272, 38.13595047], [-120.83301739, 38.13670847], [-120.83279479, 38.13689521], [-120.83242943, 38.13726037], [-120.83223566, 38.13749343], [-120.83223566, 38.1376362], [-120.83228325, 38.13782656], [-120.83237843, 38.13801691], [-120.83252119, 38.13823107], [-120.83259258, 38.13839763], [-120.83271155, 38.1385404], [-120.83283052, 38.13868316], [-120.83299709, 38.13887352], [-120.83320572, 38.13909741], [-120.83325883, 38.13932562], [-120.83340159, 38.13949218], [-120.83349677, 38.13961115], [-120.83373472, 38.13987289], [-120.83394887, 38.14003946], [-120.83430579, 38.14020602], [-120.8347103, 38.14034879], [-120.83509101, 38.14049155], [-120.83532896, 38.14061053], [-120.8355669, 38.14080088], [-120.83563829, 38.14111021], [-120.83573347, 38.14132437], [-120.83573347, 38.14149093], [-120.83573347, 38.14180026], [-120.83573347, 38.14210959], [-120.83575803, 38.14240031], [-120.83576685, 38.14250475], [-120.83566208, 38.14296619], [-120.83566208, 38.14320414], [-120.83566208, 38.14346588], [-120.83570967, 38.143799], [-120.83580485, 38.14408454], [-120.83585244, 38.14434628], [-120.83578106, 38.14453664], [-120.83563829, 38.14472699], [-120.83551592, 38.14496201], [-120.83549512, 38.14506087], [-120.83552299, 38.14515981], [-120.83555079, 38.14520361], [-120.83577175, 38.14535874], [-120.83580112, 38.14539587], [-120.83584292, 38.14542881], [-120.83588472, 38.14548361], [-120.83589159, 38.14556047], [-120.83591939, 38.14559347], [-120.83594732, 38.14569227], [-120.83601692, 38.14583507], [-120.83611432, 38.14593941], [-120.83619079, 38.14607121], [-120.83623259, 38.14625247], [-120.83623259, 38.14634027], [-120.83626039, 38.14638421], [-120.83628832, 38.14643907], [-120.83635092, 38.14653801], [-120.83639766, 38.14657489], [-120.83644832, 38.14664781], [-120.83657352, 38.14681801], [-120.83660139, 38.14686187], [-120.83669172, 38.14699367], [-120.83671959, 38.14703767], [-120.83674739, 38.14705961], [-120.83681712, 38.14724641], [-120.83681712, 38.14729021], [-120.83684492, 38.14733967], [-120.83687279, 38.14737807], [-120.83690752, 38.14742747], [-120.83703279, 38.14755927], [-120.83715792, 38.14763621], [-120.83735272, 38.14773501], [-120.83742232, 38.14781187], [-120.83743619, 38.14788867], [-120.83740139, 38.14800407], [-120.83737359, 38.14802607], [-120.83735972, 38.14807547], [-120.83733192, 38.14809741], [-120.83731812, 38.14815241], [-120.83733199, 38.14822921], [-120.83735979, 38.14825121], [-120.83740152, 38.14832261], [-120.83745719, 38.14838301], [-120.83790252, 38.14903087], [-120.83794419, 38.14906381], [-120.83837467, 38.14948592], [-120.83782632, 38.14976127], [-120.83779832, 38.14978262], [-120.83762452, 38.14991507], [-120.83751339, 38.14998107], [-120.83745772, 38.14999201], [-120.83737432, 38.15003047], [-120.83729079, 38.15010741], [-120.83722119, 38.15015127], [-120.83705439, 38.15019527], [-120.83688052, 38.15022827], [-120.83654672, 38.15024487], [-120.83615719, 38.15025587], [-120.83611559, 38.15023941], [-120.83601819, 38.15025041], [-120.83568439, 38.15021201], [-120.83564259, 38.15021207], [-120.83551752, 38.15017907], [-120.83495432, 38.15020387], [-120.83459499, 38.15013061], [-120.83393612, 38.15015621], [-120.83297119, 38.14998661], [-120.83279319, 38.15002347], [-120.83268032, 38.14997301], [-120.83244579, 38.14998461], [-120.83198259, 38.14974807], [-120.83187852, 38.14958487], [-120.83134699, 38.14928867], [-120.83056279, 38.14867527], [-120.83022432, 38.14852381], [-120.82988272, 38.14822507], [-120.82895362, 38.14810643], [-120.82853483, 38.14802791], [-120.82814222, 38.14800174], [-120.82789549, 38.14798764], [-120.82668036, 38.14787949], [-120.82621952, 38.14783847], [-120.82612083, 38.14787107], [-120.82562512, 38.14812618], [-120.82509212, 38.14844127], [-120.82482499, 38.14849661], [-120.82437412, 38.14884847], [-120.82424059, 38.14887621], [-120.82374952, 38.14918101], [-120.82363539, 38.14933387], [-120.82320212, 38.14946061], [-120.82290552, 38.14970667], [-120.82241892, 38.14995521], [-120.82199659, 38.15004262], [-120.82184012, 38.15007501], [-120.82151092, 38.15036481], [-120.82028819, 38.15069181], [-120.82009819, 38.15069421], [-120.81975068, 38.15058596], [-120.81967059, 38.15056101], [-120.81942432, 38.15053807], [-120.81915712, 38.15059341], [-120.81849512, 38.15047187], [-120.8183426, 38.15049301], [-120.81768619, 38.15026967], [-120.81757419, 38.15024487], [-120.81702784, 38.15003718], [-120.81621882, 38.14982779], [-120.8152269, 38.14970766], [-120.81480145, 38.14969045], [-120.81466741, 38.14968502], [-120.81370658, 38.14961188], [-120.81349672, 38.14957081], [-120.81319536, 38.14952738], [-120.8131045, 38.14951428], [-120.81267818, 38.14998959], [-120.80919262, 38.15137082], [-120.80613252, 38.15218547], [-120.80385486, 38.15339063], [-120.80170399, 38.15597727], [-120.79699872, 38.15733447], [-120.7966018, 38.15839199], [-120.79611231, 38.15969609], [-120.79544873, 38.161464], [-120.79442152, 38.16269547], [-120.79446299, 38.16394687], [-120.79487679, 38.16533047], [-120.79453472, 38.16616827], [-120.79389492, 38.16672127], [-120.79238672, 38.16812787], [-120.79196528, 38.16872096], [-120.79173752, 38.16904147], [-120.79056152, 38.17070427], [-120.78958332, 38.17136167], [-120.78898692, 38.17100567], [-120.78602512, 38.17296121], [-120.78345592, 38.17337561], [-120.78164019, 38.17369307], [-120.78116486, 38.17413529], [-120.79977499, 38.14040934], [-120.7693389, 38.09997522], [-120.7694338, 38.09765061], [-120.77876977, 38.0975553], [-120.77921527, 38.09043928], [-120.779193, 38.088534], [-120.78204266, 38.08855589], [-120.78346749, 38.08856683], [-120.78393425, 38.08857041], [-120.784401, 38.088574], [-120.78563333, 38.08856867], [-120.788098, 38.088558], [-120.78813288, 38.08916265], [-120.78820265, 38.09037195], [-120.78959748, 38.09040756], [-120.79077997, 38.09038661], [-120.79116017, 38.09037987], [-120.7919481, 38.0903659], [-120.79724504, 38.09041963], [-120.80728903, 38.09026927], [-120.80864788, 38.09025997], [-120.81134697, 38.0902415], [-120.8137803, 38.09027895], [-120.81494164, 38.09029682], [-120.81642666, 38.09031968], [-120.81655409, 38.09032164], [-120.81690935, 38.09032709], [-120.83075151, 38.0903942], [-120.83091091, 38.09765969], [-120.83324536, 38.09766971], [-120.83496196, 38.09767708], [-120.83552203, 38.09767947], [-120.83612375, 38.09768179], [-120.83956477, 38.09769504], [-120.83956518, 38.09779419], [-120.83966843, 38.10141643], [-120.84044208, 38.10140139], [-120.84430582, 38.10134499], [-120.84416755, 38.09769381], [-120.84482682, 38.09773813], [-120.84723211, 38.09769405], [-120.84796093, 38.09768069], [-120.85135263, 38.09761839], [-120.851279, 38.097836], [-120.850798, 38.09843], [-120.850411, 38.098783], [-120.850287, 38.099054], [-120.850183, 38.099325], [-120.850279, 38.099618], [-120.85029, 38.100002], [-120.85037, 38.100231], [-120.85060265, 38.10031312], [-120.85054212, 38.10079387], [-120.85082472, 38.10147421], [-120.85072759, 38.10215927], [-120.85034539, 38.10257107], [-120.85025639, 38.10258947], [-120.84996012, 38.10283567], [-120.84969939, 38.10318527], [-120.84964932, 38.10345427], [-120.84936519, 38.10384807], [-120.84944819, 38.10397627], [-120.84946076, 38.10401271], [-120.84949579, 38.10411421], [-120.84904592, 38.10502021], [-120.84908159, 38.10512361], [-120.84900772, 38.10532367], [-120.84906719, 38.10549607], [-120.84896452, 38.10644087], [-120.84909539, 38.10682021], [-120.84893559, 38.10718581], [-120.84896259, 38.10740187], [-120.84881472, 38.10780201], [-120.84852152, 38.10819527], [-120.84839865, 38.10824139], [-120.84830372, 38.10833521], [-120.84823419, 38.10843407], [-120.84808139, 38.10854387], [-120.84803959, 38.10854401], [-120.84798399, 38.10857687], [-120.84784468, 38.10862702]]]}, "properties": {"zone_id": "CCU-130-A", "zone_status": "Advisory", "zone_status_reason": "GANN VEGITATION FIRE:\nZone CCU-130. \n\nFire crews are responding to a vegetation fire near Hogan Dam Road and Gann Road. Please avoid the area while fire crews are working.   \n", "county_name": "Calaveras", "community": null, "acreage": 8128, "last_updated": 1785890475000, "url": "https://protect.genasys.com/zones/US-CA-XCA-CCU-130-A", "known_as": null, "data_source_name": "Zonehaven"}}, {"type": "Feature", "geometry": {"type": "Polygon", "coordinates": [[[-119.05750879, 36.05476396], [-119.05751181, 36.05514409], [-119.05601222, 36.05521834], [-119.0511452, 36.05500832], [-119.04711913, 36.05624433], [-119.04610482, 36.05715066], [-119.0455668, 36.05784284], [-119.04478823, 36.05861182], [-119.04471489, 36.05954423], [-119.04287378, 36.06050594], [-119.04001297, 36.06100968], [-119.03923504, 36.06099434], [-119.0392347, 36.0608653], [-119.03924344, 36.0602806], [-119.03949898, 36.06031657], [-119.03955298, 36.06032417], [-119.03974258, 36.06030653], [-119.04028598, 36.06025597], [-119.04119542, 36.06003102], [-119.04333158, 36.05950264], [-119.04372658, 36.05927397], [-119.04485518, 36.05829044], [-119.04521535, 36.05780571], [-119.04635125, 36.05627697], [-119.04671805, 36.05595677], [-119.05091965, 36.05463177], [-119.05148358, 36.05458624], [-119.05647318, 36.05468077], [-119.0574633, 36.05474012], [-119.05751088, 36.05474297], [-119.05750879, 36.05476396]]]}, "properties": {"zone_id": "PVL-E030", "zone_status": "Evacuation Order", "zone_status_reason": "Flooding", "county_name": "Tulare", "community": null, "acreage": 26, "last_updated": 1695274388000, "url": "https://protect.genasys.com/zones/US-CA-XTU-PVL-E030", "known_as": "", "data_source_name": "Zonehaven"}}, {"type": "Feature", "geometry": {"type": "Polygon", "coordinates": [[[-120.64967731, 38.10516794], [-120.64967178, 38.10538121], [-120.64965981, 38.1058419], [-120.64957944, 38.10893664], [-120.64936342, 38.117254], [-120.64930721, 38.11941784], [-120.6401771, 38.11931719], [-120.63686173, 38.11928013], [-120.63104701, 38.11921512], [-120.63065144, 38.12473593], [-120.6305475, 38.1261865], [-120.630468, 38.126087], [-120.630385, 38.12599], [-120.630302, 38.125893], [-120.630215, 38.1257995], [-120.630128, 38.125706], [-120.6300365, 38.125614], [-120.629945, 38.125522], [-120.629848, 38.125433], [-120.629751, 38.125344], [-120.62955705, 38.12517665], [-120.6293631, 38.1250093], [-120.6290414, 38.1247525], [-120.62892972, 38.12467915], [-120.62887782, 38.12464507], [-120.62878699, 38.12458542], [-120.6285916, 38.1244571], [-120.6283315, 38.1243006], [-120.6280714, 38.1241441], [-120.6278027, 38.12398805], [-120.627534, 38.123832], [-120.626938, 38.1234825], [-120.626342, 38.123133], [-120.626227, 38.123062], [-120.626112, 38.122991], [-120.6258465, 38.1228335], [-120.625581, 38.122676], [-120.62554305, 38.12265355], [-120.6255051, 38.1226311], [-120.62499756, 38.12233105], [-120.62449, 38.122031], [-120.62393049, 38.121697], [-120.623371, 38.121363], [-120.6231695, 38.121236], [-120.6229842, 38.12111921], [-120.622952, 38.121099], [-120.622853, 38.1210315], [-120.622754, 38.120964], [-120.6226565, 38.1208945], [-120.622559, 38.120825], [-120.622464, 38.1207525], [-120.622369, 38.12068], [-120.6222775, 38.1206055], [-120.622186, 38.120531], [-120.622095, 38.1204535], [-120.622004, 38.120376], [-120.621919, 38.1202985], [-120.621834, 38.120221], [-120.6217415, 38.120144], [-120.621649, 38.120067], [-120.6212205, 38.1196835], [-120.62083488, 38.11933837], [-120.620792, 38.1193], [-120.620703, 38.119225], [-120.620614, 38.11915], [-120.6205345, 38.119074], [-120.620455, 38.118998], [-120.62028, 38.1188485], [-120.620105, 38.118699], [-120.619242, 38.1179325], [-120.618379, 38.117166], [-120.6182925, 38.117087], [-120.618206, 38.117008], [-120.618028, 38.1168515], [-120.61785, 38.116695], [-120.617667, 38.1165435], [-120.617484, 38.116392], [-120.617389, 38.11632], [-120.617294, 38.116248], [-120.6170995, 38.1161095], [-120.616905, 38.115971], [-120.6168025, 38.115904], [-120.6167, 38.115837], [-120.6164865, 38.1157115], [-120.616273, 38.115586], [-120.616163, 38.1155265], [-120.616053, 38.115467], [-120.61583, 38.1153515], [-120.615607, 38.115236], [-120.61537, 38.115128], [-120.615133, 38.11502], [-120.6148638, 38.1149109], [-120.6145946, 38.1148018], [-120.6145008, 38.1147649], [-120.614407, 38.114728], [-120.614156, 38.1146345], [-120.613905, 38.114541], [-120.61289, 38.114169], [-120.611875, 38.113797], [-120.611268, 38.1135695], [-120.610661, 38.113342], [-120.6097975, 38.113024], [-120.608934, 38.112706], [-120.60787651, 38.112311], [-120.606819, 38.111916], [-120.6066135, 38.1118405], [-120.606408, 38.111765], [-120.606159, 38.111674], [-120.60591, 38.111583], [-120.6053405, 38.11137], [-120.604771, 38.111157], [-120.6034245, 38.110659], [-120.602078, 38.110161], [-120.601956, 38.110112], [-120.601834, 38.110063], [-120.601594, 38.1099555], [-120.601354, 38.109848], [-120.601236, 38.1097905], [-120.601118, 38.109733], [-120.60096315, 38.10965243], [-120.60087206, 38.10960503], [-120.60051231, 38.10940198], [-120.600422, 38.109351], [-120.6003095, 38.1092835], [-120.600197, 38.109216], [-120.599981, 38.1090815], [-120.59976674, 38.10894809], [-120.59959622, 38.10884175], [-120.599409, 38.108725], [-120.598552, 38.1081865], [-120.597695, 38.107648], [-120.5967346, 38.10705006], [-120.595774, 38.106452], [-120.595564, 38.106321], [-120.595354, 38.10619], [-120.594494, 38.105643], [-120.594294, 38.105502], [-120.594094, 38.105361], [-120.593904, 38.1052135], [-120.593714, 38.105066], [-120.5936235, 38.10499], [-120.593533, 38.104914], [-120.5934445, 38.1048355], [-120.593356, 38.104757], [-120.593272, 38.104677], [-120.593188, 38.104597], [-120.5931065, 38.104515], [-120.593025, 38.104433], [-120.59280423, 38.10419683], [-120.592767, 38.104157], [-120.59264162, 38.10402024], [-120.59257395, 38.10394643], [-120.59251382, 38.10388084], [-120.592243, 38.10358544], [-120.59137361, 38.10263711], [-120.590751, 38.101958], [-120.59023615, 38.10139615], [-120.59014299, 38.1012945], [-120.589535, 38.100631], [-120.589459, 38.100553], [-120.589383, 38.100475], [-120.58933485, 38.1004258], [-120.5892867, 38.1003766], [-120.589242, 38.100331], [-120.58891327, 38.09998918], [-120.588815, 38.099887], [-120.588623, 38.099705], [-120.588254, 38.09934], [-120.587865, 38.098995], [-120.58636626, 38.09771793], [-120.585512, 38.09699], [-120.58487188, 38.09644396], [-120.584835, 38.0964125], [-120.584158, 38.095835], [-120.5834545, 38.0952355], [-120.582751, 38.094636], [-120.582696, 38.094586], [-120.582641, 38.094536], [-120.5825315, 38.0944355], [-120.582422, 38.094335], [-120.582261, 38.0941935], [-120.5821, 38.094052], [-120.58206879, 38.09402693], [-120.582039, 38.094003], [-120.581817, 38.093825], [-120.581595, 38.093647], [-120.581097, 38.093232], [-120.580568, 38.092825], [-120.58031, 38.0926125], [-120.580052, 38.0924], [-120.579876, 38.09226], [-120.5797, 38.09212], [-120.579329, 38.091845], [-120.579134, 38.0917115], [-120.578939, 38.091578], [-120.578736, 38.0914495], [-120.578533, 38.091321], [-120.578111, 38.091072], [-120.577781, 38.0908935], [-120.577451, 38.090715], [-120.5773055, 38.0906415], [-120.577257, 38.090617], [-120.577223, 38.0906], [-120.5771575, 38.090569], [-120.577092, 38.090538], [-120.5770587, 38.0905222], [-120.576072, 38.090052], [-120.575575, 38.089815], [-120.57513343, 38.08960873], [-120.574693, 38.089403], [-120.5740795, 38.089117], [-120.573466, 38.088831], [-120.573045, 38.088632], [-120.5729935, 38.0886075], [-120.572942, 38.088583], [-120.5728705, 38.088549], [-120.57282797, 38.08852878], [-120.57283278, 38.08847745], [-120.57212886, 38.08814967], [-120.57148397, 38.08779443], [-120.57058656, 38.08736418], [-120.57036941, 38.08726007], [-120.570198, 38.08717973], [-120.57038194, 38.08669581], [-120.5704655, 38.08665778], [-120.57082235, 38.08649535], [-120.57112252, 38.08635671], [-120.57211967, 38.08617236], [-120.57282807, 38.08602084], [-120.57282217, 38.08588433], [-120.57284351, 38.08348696], [-120.5705392, 38.08349747], [-120.56997294, 38.08272045], [-120.56973368, 38.08137086], [-120.56973064, 38.07992366], [-120.56973053, 38.07987561], [-120.56978801, 38.07885191], [-120.56979545, 38.07871941], [-120.56980239, 38.07855465], [-120.56982433, 38.07803355], [-120.56982608, 38.07797457], [-120.56987948, 38.07617115], [-120.56982913, 38.07617201], [-120.56941621, 38.07617903], [-120.56924991, 38.07618213], [-120.56724409, 38.0762195], [-120.56664084, 38.07622952], [-120.56679634, 38.07616696], [-120.56824133, 38.07556312], [-120.56823767, 38.07540547], [-120.5683731, 38.0753576], [-120.569136, 38.075088], [-120.569946, 38.074801], [-120.57005369, 38.07476282], [-120.570273, 38.074685], [-120.572514, 38.073893], [-120.573497, 38.073554], [-120.574508, 38.073236], [-120.575543, 38.072942], [-120.577679, 38.072424], [-120.577817, 38.072395], [-120.578298, 38.072295], [-120.578507, 38.072251], [-120.578577, 38.072237], [-120.578808, 38.072191], [-120.580727, 38.071805], [-120.581002, 38.071757], [-120.581279, 38.071717], [-120.581557, 38.071686], [-120.581835, 38.071663], [-120.582112, 38.071648], [-120.582206, 38.071646], [-120.582387, 38.071643], [-120.582658, 38.071647], [-120.582924, 38.071657], [-120.5837713, 38.0717007], [-120.585096, 38.071769], [-120.585527, 38.071795], [-120.58605, 38.071811], [-120.586313, 38.071809], [-120.586576, 38.071796], [-120.586806, 38.071777], [-120.587099, 38.071742], [-120.587358, 38.071699], [-120.587614, 38.071646], [-120.587867, 38.071583], [-120.588116, 38.07151], [-120.588363, 38.07143], [-120.588606, 38.071342], [-120.588845, 38.071244], [-120.589079, 38.071136], [-120.589769, 38.07079], [-120.590646, 38.070359], [-120.590684, 38.07034], [-120.5909, 38.070238], [-120.591113, 38.070144], [-120.591269, 38.070086], [-120.591331, 38.070063], [-120.591553, 38.069994], [-120.591766, 38.06994], [-120.592014, 38.069893], [-120.592255, 38.069856], [-120.592989, 38.069765], [-120.593233, 38.069727], [-120.593473, 38.069678], [-120.593695, 38.069622], [-120.59394, 38.069542], [-120.594145, 38.06945], [-120.594339, 38.069347], [-120.594518, 38.069237], [-120.59474303, 38.06908245], [-120.594797, 38.0690475], [-120.594858, 38.069008], [-120.5949405, 38.06896], [-120.595023, 38.068912], [-120.5955, 38.06861], [-120.5955675, 38.068555], [-120.595635, 38.0685], [-120.59588, 38.068262], [-120.5959375, 38.0682005], [-120.595995, 38.068139], [-120.596058, 38.0680785], [-120.596121, 38.068018], [-120.59616063, 38.06798313], [-120.596246, 38.067908], [-120.5963715, 38.0678035], [-120.596497, 38.067699], [-120.596563, 38.06765], [-120.596629, 38.067601], [-120.5966985, 38.0675545], [-120.596768, 38.067508], [-120.5968385, 38.067466], [-120.596909, 38.067424], [-120.597054, 38.067347], [-120.597204, 38.067276], [-120.597514, 38.067159], [-120.597595, 38.067138], [-120.597676, 38.067117], [-120.59776, 38.0671005], [-120.597844, 38.067084], [-120.5979095, 38.0670785], [-120.597975, 38.067073], [-120.598117, 38.067072], [-120.598321, 38.067083], [-120.598787, 38.067118], [-120.599319, 38.067148], [-120.599506, 38.067149], [-120.599692, 38.06714], [-120.599871, 38.067122], [-120.600051, 38.067082], [-120.6001415, 38.0670565], [-120.600232, 38.067031], [-120.6004215, 38.0669645], [-120.600611, 38.066898], [-120.601371, 38.066612], [-120.60157, 38.066549], [-120.601911, 38.066459], [-120.601999, 38.066448], [-120.602087, 38.066437], [-120.602175, 38.0664375], [-120.602263, 38.066438], [-120.602352, 38.066447], [-120.602441, 38.066456], [-120.602713, 38.066506], [-120.603, 38.066581], [-120.603186, 38.0666455], [-120.603372, 38.06671], [-120.603561, 38.0667865], [-120.60375, 38.066863], [-120.604117, 38.067036], [-120.604476, 38.067218], [-120.604659, 38.067305], [-120.604849, 38.067383], [-120.605041, 38.067454], [-120.605863, 38.067729], [-120.606916, 38.068048], [-120.607128, 38.06812], [-120.607311, 38.0681905], [-120.60735235, 38.06820643], [-120.607494, 38.068261], [-120.607631, 38.068306], [-120.607812, 38.068353], [-120.607994, 38.068389], [-120.60887679, 38.06853155], [-120.609759, 38.068674], [-120.609882, 38.0686865], [-120.610005, 38.068699], [-120.610127, 38.0687025], [-120.610249, 38.068706], [-120.611759, 38.06869], [-120.611903, 38.0686865], [-120.612047, 38.068683], [-120.6122435, 38.068669], [-120.61244, 38.068655], [-120.6125395, 38.0686405], [-120.612639, 38.068626], [-120.6127385, 38.068602], [-120.612838, 38.068578], [-120.613011, 38.068521], [-120.613791, 38.068218], [-120.613891, 38.0681815], [-120.613991, 38.068145], [-120.6141715, 38.068074], [-120.6143516, 38.06800316], [-120.615253, 38.067649], [-120.615665, 38.067499], [-120.61578912, 38.06745984], [-120.615871, 38.067434], [-120.615972, 38.0674105], [-120.616073, 38.067387], [-120.616274, 38.067355], [-120.616664, 38.067327], [-120.617191, 38.06731], [-120.618276, 38.067195], [-120.61833736, 38.06718517], [-120.618457, 38.067166], [-120.6185065, 38.067154], [-120.618556, 38.067142], [-120.6186345, 38.0671205], [-120.618713, 38.067099], [-120.61886, 38.067042], [-120.618987, 38.066978], [-120.619046, 38.0669315], [-120.619105, 38.066885], [-120.619152, 38.0668345], [-120.619199, 38.066784], [-120.619226, 38.066745], [-120.619274, 38.066674], [-120.6193, 38.0666145], [-120.619326, 38.066555], [-120.619349, 38.066428], [-120.6193465, 38.0663635], [-120.6193441, 38.0663016], [-120.619289, 38.066042], [-120.619175, 38.0655465], [-120.619061, 38.065051], [-120.619029, 38.064844], [-120.618999, 38.064647], [-120.6189925, 38.064583], [-120.618986, 38.064519], [-120.618981, 38.064394], [-120.619, 38.06427], [-120.6190192, 38.06419055], [-120.619029, 38.06415], [-120.6190715, 38.0640435], [-120.619114, 38.063937], [-120.6191415, 38.0638745], [-120.619169, 38.063812], [-120.619228, 38.063658], [-120.61925585, 38.06358531], [-120.619287, 38.063504], [-120.61929806, 38.06346959], [-120.6193235, 38.0633905], [-120.61936, 38.063277], [-120.61941, 38.0631085], [-120.61946, 38.06294], [-120.6194685, 38.0628895], [-120.619477, 38.062839], [-120.619474, 38.062737], [-120.6194645, 38.062686], [-120.619455, 38.062635], [-120.619415, 38.062533], [-120.619392, 38.062484], [-120.619369, 38.062435], [-120.619333, 38.062331], [-120.619297, 38.062227], [-120.619281, 38.062118], [-120.619277, 38.0620635], [-120.619273, 38.062009], [-120.61927, 38.061811], [-120.6192765, 38.0616745], [-120.619283, 38.06156], [-120.619291, 38.061283], [-120.619293, 38.061219], [-120.619308, 38.061109], [-120.619334, 38.060993], [-120.619374, 38.060873], [-120.61943, 38.060752], [-120.619543, 38.060549], [-120.619595, 38.060469], [-120.619642, 38.060382], [-120.619691, 38.060243], [-120.619721, 38.06009], [-120.61984492, 38.05930576], [-120.62000923, 38.05931131], [-120.62215651, 38.05932305], [-120.62218734, 38.05932387], [-120.62218692, 38.05935662], [-120.62683764, 38.05937773], [-120.62684747, 38.05945231], [-120.62711121, 38.06145343], [-120.62713447, 38.06162988], [-120.62707992, 38.06525076], [-120.63168234, 38.06524432], [-120.63154578, 38.06895493], [-120.63611761, 38.06898243], [-120.6406578, 38.06899132], [-120.64154464, 38.06899369], [-120.64276859, 38.06902162], [-120.64401152, 38.06902285], [-120.64513576, 38.06902751], [-120.64518038, 38.07089172], [-120.64642686, 38.07088015], [-120.64679074, 38.07161177], [-120.6467894, 38.07182899], [-120.64723469, 38.07275892], [-120.64706952, 38.07275047], [-120.64053069, 38.07265766], [-120.64049648, 38.07455475], [-120.64278422, 38.07457281], [-120.64490923, 38.07461577], [-120.64483387, 38.07480331], [-120.64502315, 38.07511557], [-120.64524813, 38.0753823], [-120.6456282, 38.07582673], [-120.64551293, 38.07632075], [-120.64545265, 38.07644278], [-120.64415254, 38.07691669], [-120.64415126, 38.07714943], [-120.64418077, 38.07802954], [-120.64422402, 38.0788245], [-120.64319467, 38.07921022], [-120.64308987, 38.07980764], [-120.64716341, 38.07981906], [-120.64943558, 38.07981828], [-120.64965443, 38.07981938], [-120.64945763, 38.09070265], [-120.64967731, 38.10516794]]]}, "properties": {"zone_id": "CCU-140", "zone_status": "Evacuation Order", "zone_status_reason": "Gann Fire update CCU-140 Evacuation order.  Leave Now. ", "county_name": "Calaveras", "community": null, "acreage": 7807, "last_updated": 1785897982000, "url": "https://protect.genasys.com/zones/US-CA-XCA-CCU-140", "known_as": null, "data_source_name": "Zonehaven"}}, {"type": "Feature", "geometry": {"type": "Polygon", "coordinates": [[[-118.16982891, 34.04420769], [-118.16959719, 34.04421067], [-118.1692222, 34.0442155], [-118.1680167, 34.0442226], [-118.1679443, 34.0442232], [-118.1677237, 34.0442251], [-118.167064, 34.0442346], [-118.1648768, 34.044232], [-118.1627225, 34.044224], [-118.1626086, 34.0442772], [-118.1619377, 34.0442772], [-118.16128247, 34.04428252], [-118.1607069, 34.0442872], [-118.1605521, 34.0442379], [-118.1597332, 34.0442471], [-118.1588559, 34.044255], [-118.15715809, 34.04426968], [-118.15715827, 34.04417074], [-118.1571569, 34.04402511], [-118.1571572, 34.04388497], [-118.15715579, 34.04374895], [-118.15715613, 34.04361155], [-118.15715475, 34.04347416], [-118.15715502, 34.04333746], [-118.15715465, 34.04329841], [-118.15715367, 34.04320073], [-118.15715397, 34.04305992], [-118.15715259, 34.04292528], [-118.15715287, 34.04278926], [-118.15715233, 34.04273158], [-118.15715151, 34.04264978], [-118.1571517, 34.04257551], [-118.15715182, 34.04251173], [-118.15715044, 34.04237434], [-118.15715074, 34.04223763], [-118.15714932, 34.04209746], [-118.15714948, 34.0420427], [-118.15714966, 34.04196144], [-118.1571488, 34.04187412], [-118.15714828, 34.04182337], [-118.15714839, 34.04177616], [-118.15714855, 34.04168735], [-118.1571472, 34.04154995], [-118.15714726, 34.04150981], [-118.15714751, 34.04141187], [-118.15714612, 34.0412738], [-118.1571462, 34.04124352], [-118.1571464, 34.0411378], [-118.15714505, 34.04100039], [-118.15714534, 34.04085681], [-118.15714393, 34.04073865], [-118.15714369, 34.04064236], [-118.15733686, 34.04062735], [-118.15733585, 34.04051704], [-118.15733304, 34.04028347], [-118.15733166, 34.04014745], [-118.15733021, 34.04005886], [-118.15732882, 34.03992076], [-118.15732582, 34.03977925], [-118.15732452, 34.0396171], [-118.15732314, 34.03947971], [-118.15732014, 34.03934163], [-118.15731877, 34.03920699], [-118.15731739, 34.0390696], [-118.15731442, 34.03891228], [-118.15731307, 34.03877418], [-118.15731169, 34.03863954], [-118.15730868, 34.03849322], [-118.15730715, 34.03834896], [-118.15730698, 34.03830859], [-118.15730599, 34.03820263], [-118.15730301, 34.03805634], [-118.15730148, 34.03791065], [-118.15730131, 34.0378741], [-118.15730032, 34.03776845], [-118.15729731, 34.03762213], [-118.15729595, 34.03747858], [-118.15729453, 34.0373288], [-118.15729312, 34.03724087], [-118.15729163, 34.03716805], [-118.15728901, 34.03695199], [-118.15728602, 34.03671361], [-118.1596531, 34.03669], [-118.16184677, 34.03664486], [-118.1625687, 34.03663], [-118.16347295, 34.036605], [-118.1643772, 34.03658], [-118.1652347, 34.03648219], [-118.1656397, 34.036436], [-118.1688806, 34.0359077], [-118.16916086, 34.03586385], [-118.1694264, 34.0358223], [-118.16973785, 34.03577273], [-118.16980387, 34.03576244], [-118.16988106, 34.03575059], [-118.16988252, 34.03579449], [-118.16988602, 34.03590019], [-118.1698919, 34.0360775], [-118.16989596, 34.03623762], [-118.16989784, 34.03631136], [-118.1699167, 34.0370547], [-118.1699345, 34.03807769], [-118.1699416, 34.0384855], [-118.16993385, 34.04058087], [-118.1699334, 34.0407036], [-118.1699284, 34.0429636], [-118.1699043, 34.0437205], [-118.16988029, 34.04389091], [-118.16986901, 34.04397101], [-118.1698504, 34.0441031], [-118.16982891, 34.04420769]]]}, "properties": {"zone_id": "LAC-E0350", "zone_status": "Advisory", "zone_status_reason": "LASD 6/25 5:50 PM: Due to operations related to June 17, 2026, building fire, an Advisory remains in place for the area east of Boyle Heights. Individuals with sensitivity to smoke and/or nuisance odors should monitor AQMD Air Quality alerts (AQMD.gov) and avoid unnecessary exposure to outdoor air. For emergencies dial 911. More information at Alertla.org", "county_name": "Los Angeles", "community": null, "acreage": 250, "last_updated": 1782460241000, "url": "https://protect.genasys.com/zones/US-CA-XLA-LAC-E0350", "known_as": null, "data_source_name": "Zonehaven"}}, {"type": "Feature", "geometry": {"type": "Polygon", "coordinates": [[[-118.19243721, 34.0404782], [-118.19237588, 34.03400488], [-118.1922875, 34.03400505], [-118.19206881, 34.03400546], [-118.1918443, 34.03400622], [-118.19184571, 34.03414743], [-118.19184715, 34.03428483], [-118.19184918, 34.03442186], [-118.19140796, 34.03442239], [-118.19140656, 34.03428536], [-118.19140515, 34.03414775], [-118.19140374, 34.03400635], [-118.19140237, 34.03386895], [-118.191401, 34.03373156], [-118.19139963, 34.03359417], [-118.19139822, 34.03345678], [-118.19139766, 34.03339842], [-118.19183614, 34.03338275], [-118.19187954, 34.03338119], [-118.1921998, 34.03336978], [-118.19236746, 34.03336577], [-118.19238279, 34.03322451], [-118.1928337, 34.0332105], [-118.1936797, 34.0331809], [-118.1945489, 34.0331505], [-118.1948446, 34.0331401], [-118.1949699, 34.0331551], [-118.1950927, 34.03320758], [-118.1953686, 34.0333255], [-118.1961426, 34.0336559], [-118.196444, 34.0337846], [-118.196881, 34.0339712], [-118.1969396, 34.0339962], [-118.1970217, 34.0340319], [-118.19814, 34.0345287], [-118.1983354, 34.0346145], [-118.1984596, 34.034669], [-118.198653, 34.0347539], [-118.2002834, 34.0354727], [-118.2007509, 34.0356917], [-118.20094286, 34.03577649], [-118.20098249, 34.035794], [-118.20102214, 34.03581151], [-118.2012141, 34.0358963], [-118.2022849, 34.0363742], [-118.202665, 34.0365445], [-118.2034009, 34.0368742], [-118.2040388, 34.0371665], [-118.2042796, 34.0372679], [-118.2044104, 34.0373227], [-118.2046657, 34.0374392], [-118.2053158, 34.0377269], [-118.2063573, 34.0381929], [-118.2069292, 34.0384471], [-118.2074716, 34.0386861], [-118.2077674, 34.0388164], [-118.2079868, 34.0389131], [-118.208211, 34.0390105], [-118.2093262, 34.0395158], [-118.210363, 34.0399852], [-118.2106217, 34.0401008], [-118.2109776, 34.0402624], [-118.2111378, 34.0403351], [-118.2117564, 34.0406024], [-118.21166625, 34.04074867], [-118.2115183, 34.0409887], [-118.21135023, 34.04125435], [-118.21132568, 34.04129315], [-118.2112589, 34.0413987], [-118.21123648, 34.04143253], [-118.2111885, 34.0415049], [-118.21096814, 34.04184583], [-118.2109288, 34.04190669], [-118.21090528, 34.04194308], [-118.2107736, 34.0421468], [-118.21065697, 34.04232919], [-118.21063491, 34.04236369], [-118.21057181, 34.04246429], [-118.2101771, 34.0430936], [-118.20992249, 34.04350184], [-118.20982992, 34.04365026], [-118.2097893, 34.0437154], [-118.20959253, 34.04401748], [-118.2095019, 34.0441566], [-118.20896911, 34.04497464], [-118.208924, 34.0450439], [-118.2088667, 34.04513354], [-118.20884456, 34.04516818], [-118.2087915, 34.0452512], [-118.20863409, 34.04549796], [-118.2086104, 34.0455351], [-118.20845493, 34.04577863], [-118.20841324, 34.04584392], [-118.2083694, 34.0459126], [-118.20835275, 34.0459387], [-118.2083105, 34.0460049], [-118.2081565, 34.0462462], [-118.20813137, 34.04628557], [-118.20810966, 34.04631958], [-118.20808469, 34.04635872], [-118.2080278, 34.0464479], [-118.2080047, 34.04648384], [-118.20797162, 34.0465353], [-118.2078025, 34.04679841], [-118.2072477, 34.0465587], [-118.2071405, 34.0465122], [-118.2065125, 34.0462399], [-118.2059067, 34.0459727], [-118.2058093, 34.0459298], [-118.205288, 34.0456989], [-118.2046754, 34.045429], [-118.2045821, 34.0453879], [-118.2040549, 34.0451555], [-118.2035059, 34.0449135], [-118.2033898, 34.0448623], [-118.2028486, 34.0446238], [-118.2025024, 34.0444721], [-118.2022456, 34.0443668], [-118.2020271, 34.0442762], [-118.2018252, 34.044193], [-118.2016227, 34.0441095], [-118.2015782, 34.0440893], [-118.2009194, 34.0437905], [-118.2007437, 34.0437108], [-118.2003942, 34.0435523], [-118.2000536, 34.0434029], [-118.1986031, 34.0427665], [-118.1979329, 34.0424672], [-118.1976569, 34.0423439], [-118.1971065, 34.042098], [-118.1970491, 34.0420724], [-118.1964058, 34.041785], [-118.1955818, 34.041408], [-118.19477507, 34.04103823], [-118.1939339, 34.0406755], [-118.1932899, 34.0403753], [-118.1931395, 34.0403255], [-118.1930252, 34.0403296], [-118.1924794, 34.0404649], [-118.19243721, 34.0404782]]]}, "properties": {"zone_id": "LFD-1241", "zone_status": "Advisory", "zone_status_reason": "LAFD 6/25 5:50 PM: Due to operations related to June 17, 2026, building fire, an Advisory remains in place for the area east of Boyle Heights. Individuals with sensitivity to smoke and/or nuisance odors should monitor AQMD Air Quality alerts (AQMD.gov) and avoid unnecessary exposure to outdoor air. For emergencies dial 911. LAFD.org/Alerts ", "county_name": "Los Angeles", "community": null, "acreage": 350, "last_updated": 1782460218000, "url": "https://protect.genasys.com/zones/US-CA-XLA-LFD-1241", "known_as": null, "data_source_name": "Zonehaven"}}, {"type": "Feature", "geometry": {"type": "Polygon", "coordinates": [[[-118.19223442, 34.01646415], [-118.19224438, 34.01774818], [-118.19224667, 34.01803863], [-118.19225312, 34.01885648], [-118.1922632, 34.02013657], [-118.19226445, 34.02029451], [-118.1919317, 34.0202555], [-118.19180662, 34.02024802], [-118.1914719, 34.020228], [-118.1913011, 34.0202197], [-118.1911694, 34.0202198], [-118.1910377, 34.0202199], [-118.19057913, 34.02022223], [-118.190134, 34.0202245], [-118.188239, 34.0202327], [-118.1870364, 34.0202371], [-118.18533722, 34.02024325], [-118.1846064, 34.0202459], [-118.1842522, 34.0202472], [-118.18395805, 34.02024775], [-118.1836639, 34.0202483], [-118.1833456, 34.0202412], [-118.1830273, 34.0202341], [-118.18271405, 34.0202075], [-118.1824008, 34.0201809], [-118.1817613, 34.0201008], [-118.1814597, 34.0200444], [-118.1811581, 34.019988], [-118.1808658, 34.01992015], [-118.1805735, 34.0198523], [-118.18022075, 34.01974397], [-118.18003816, 34.01968795], [-118.1798698, 34.0196363], [-118.1795849, 34.0195336], [-118.1793, 34.0194309], [-118.17887735, 34.0192426], [-118.1784547, 34.0190543], [-118.17819005, 34.01893605], [-118.17813823, 34.0189129], [-118.1779254, 34.0188178], [-118.1776567, 34.0186977], [-118.177388, 34.0185776], [-118.1763663, 34.0181187], [-118.17632123, 34.01809936], [-118.17596132, 34.01794487], [-118.17595935, 34.01752736], [-118.17595809, 34.01726109], [-118.17595691, 34.01702013], [-118.17595652, 34.01688916], [-118.17595622, 34.01677924], [-118.17595589, 34.01665628], [-118.17595455, 34.01648935], [-118.17595427, 34.01641976], [-118.17595407, 34.01637119], [-118.17595364, 34.0162585], [-118.17595343, 34.01620089], [-118.17595324, 34.01614793], [-118.17595209, 34.0160387], [-118.17595197, 34.01598101], [-118.17595186, 34.01592947], [-118.17595131, 34.01587489], [-118.17595082, 34.01582643], [-118.17595103, 34.01572339], [-118.17595122, 34.01562383], [-118.17595064, 34.01551042], [-118.17594998, 34.01538087], [-118.17594811, 34.01507009], [-118.17594746, 34.0149644], [-118.17594715, 34.01491412], [-118.17594678, 34.01485487], [-118.1759462, 34.01476189], [-118.17594509, 34.01449738], [-118.17594452, 34.01433845], [-118.17594395, 34.01417701], [-118.17594346, 34.01403251], [-118.17594291, 34.01386925], [-118.1759417, 34.01362489], [-118.17594112, 34.01345806], [-118.17594062, 34.01331281], [-118.17593955, 34.01300917], [-118.17593826, 34.01281889], [-118.17593749, 34.01274095], [-118.17593549, 34.01253584], [-118.1759285, 34.01153516], [-118.17645513, 34.01158021], [-118.17669651, 34.01160087], [-118.17732369, 34.01165452], [-118.17782613, 34.01169753], [-118.17812312, 34.01172293], [-118.17839642, 34.01174631], [-118.17913683, 34.01180966], [-118.17989215, 34.01187428], [-118.17992849, 34.01187737], [-118.18134376, 34.01199843], [-118.1813468, 34.01224607], [-118.18135045, 34.01254277], [-118.18135339, 34.0127418], [-118.18135624, 34.01299066], [-118.18139104, 34.0156637], [-118.18156465, 34.01566323], [-118.18189924, 34.01566233], [-118.182048, 34.0156619], [-118.18240907, 34.01566085], [-118.18246684, 34.01566064], [-118.18250308, 34.01566051], [-118.18260544, 34.01566041], [-118.18294862, 34.01565945], [-118.18298842, 34.01565933], [-118.18312021, 34.01565892], [-118.18334149, 34.01565828], [-118.18360618, 34.01565752], [-118.1838042, 34.01565708], [-118.18395361, 34.01565668], [-118.18417778, 34.01565607], [-118.18432468, 34.01565566], [-118.18483949, 34.01565424], [-118.18492684, 34.0156541], [-118.18504573, 34.01565381], [-118.18510451, 34.01565361], [-118.1855605, 34.01565203], [-118.1860172, 34.01565065], [-118.18607696, 34.01565047], [-118.18611736, 34.01565034], [-118.1862077, 34.01565005], [-118.18627825, 34.0156498], [-118.1866325, 34.01564889], [-118.18670231, 34.01564871], [-118.18712861, 34.0156475], [-118.1872193, 34.01564724], [-118.18732767, 34.01564694], [-118.18733025, 34.0159746], [-118.18733417, 34.01647357], [-118.1874504, 34.01648317], [-118.18768631, 34.01648256], [-118.18843799, 34.01648053], [-118.19008424, 34.01647613], [-118.19037577, 34.01647535], [-118.19057851, 34.01647481], [-118.1909814, 34.01647373], [-118.19215363, 34.01647058], [-118.19223442, 34.01646415]]]}, "properties": {"zone_id": "LAC-E0173", "zone_status": "Advisory", "zone_status_reason": "LASD 6/25 5:50 PM: Due to operations related to June 17, 2026, building fire, an Advisory remains in place for the area east of Boyle Heights. Individuals with sensitivity to smoke and/or nuisance odors should monitor AQMD Air Quality alerts (AQMD.gov) and avoid unnecessary exposure to outdoor air. For emergencies dial 911. More information at Alertla.org", "county_name": "Los Angeles", "community": null, "acreage": 216, "last_updated": 1782460241000, "url": "https://protect.genasys.com/zones/US-CA-XLA-LAC-E0173", "known_as": null, "data_source_name": "Zonehaven"}}, {"type": "Feature", "geometry": {"type": "Polygon", "coordinates": [[[-119.02614973, 36.05723153], [-119.0261438, 36.0570697], [-119.0261346, 36.0567991], [-119.02613127, 36.05670178], [-119.02918145, 36.05752364], [-119.03301385, 36.05880857], [-119.03512778, 36.05938244], [-119.03579421, 36.0595524], [-119.03791805, 36.06009404], [-119.03849882, 36.06017579], [-119.03924344, 36.0602806], [-119.0392347, 36.0608653], [-119.03923501, 36.06098307], [-119.03700112, 36.06058049], [-119.03487695, 36.05996994], [-119.03401154, 36.05993178], [-119.03283145, 36.05941027], [-119.03130519, 36.05893963], [-119.03042405, 36.05865978], [-119.02925969, 36.05820186], [-119.0272142, 36.05741321], [-119.02614973, 36.05723153]]]}, "properties": {"zone_id": "PVL-E032", "zone_status": "Evacuation Order", "zone_status_reason": "Flooding", "county_name": "Tulare", "community": null, "acreage": 21, "last_updated": 1695274388000, "url": "https://protect.genasys.com/zones/US-CA-XTU-PVL-E032", "known_as": null, "data_source_name": "Zonehaven"}}, {"type": "Feature", "geometry": {"type": "Polygon", "coordinates": [[[-118.21582855, 34.02979649], [-118.2157015, 34.0298095], [-118.2152123, 34.0298238], [-118.21489096, 34.02981488], [-118.21479413, 34.02981219], [-118.2146973, 34.0298095], [-118.21443708, 34.02978339], [-118.21440275, 34.02977995], [-118.2141082, 34.0297504], [-118.2135657, 34.0296665], [-118.2132528, 34.0295914], [-118.2131745, 34.0295726], [-118.2129012, 34.02949865], [-118.2126279, 34.0294247], [-118.2123379, 34.0293337], [-118.2120479, 34.0292427], [-118.21173056, 34.02913078], [-118.2113155, 34.0289844], [-118.2107317, 34.02880164], [-118.2105431, 34.0287426], [-118.2102856, 34.02867145], [-118.2100281, 34.0286003], [-118.20972771, 34.02853985], [-118.2094273, 34.0284794], [-118.20914835, 34.0284438], [-118.2088694, 34.0284082], [-118.2085003, 34.0283869], [-118.20831145, 34.02838335], [-118.2081226, 34.0283798], [-118.20791235, 34.02838335], [-118.2077021, 34.0283869], [-118.2074961, 34.0284011], [-118.2072901, 34.0284153], [-118.2064146, 34.028522], [-118.2046257, 34.0287904], [-118.20412142, 34.02885849], [-118.2037681, 34.0289062], [-118.20365001, 34.02892216], [-118.20357587, 34.02893218], [-118.2032087, 34.0289818], [-118.2022792, 34.0291056], [-118.20132467, 34.0292443], [-118.2009771, 34.0292948], [-118.2007196, 34.0293375], [-118.2004621, 34.0293802], [-118.20023895, 34.0294193], [-118.2000158, 34.0294584], [-118.19990695, 34.029483], [-118.19980538, 34.02950596], [-118.1995437, 34.0295651], [-118.1992862, 34.02962555], [-118.1990287, 34.029686], [-118.19877119, 34.0297465], [-118.1985137, 34.029807], [-118.1983163, 34.02985675], [-118.1981189, 34.0299065], [-118.1976297, 34.0300346], [-118.1970288, 34.0301911], [-118.19662523, 34.03028922], [-118.1930206, 34.0311656], [-118.19267276, 34.03124225], [-118.19235128, 34.03131309], [-118.19235004, 34.03115504], [-118.19234774, 34.03086429], [-118.19232816, 34.02837922], [-118.19232496, 34.02797351], [-118.19231788, 34.02707501], [-118.1923171, 34.02697616], [-118.19229788, 34.02453696], [-118.19229343, 34.02397211], [-118.19228713, 34.02317295], [-118.19228354, 34.02271696], [-118.19227099, 34.02112502], [-118.19226445, 34.02029451], [-118.1926141, 34.0203355], [-118.193653, 34.0205416], [-118.1944143, 34.0207483], [-118.1955732, 34.0211861], [-118.1960587, 34.0213996], [-118.19622, 34.0214705], [-118.1979545, 34.0222268], [-118.1980445, 34.022266], [-118.19830257, 34.02239608], [-118.19845979, 34.02246602], [-118.19861593, 34.02253364], [-118.2029088, 34.0243926], [-118.2032484, 34.0245397], [-118.20330619, 34.02456472], [-118.20340585, 34.02460787], [-118.20345858, 34.0246307], [-118.204072, 34.0248963], [-118.20466287, 34.02513455], [-118.205038, 34.0252858], [-118.2055553, 34.0254256], [-118.2062038, 34.0256279], [-118.2069382, 34.0258687], [-118.2072901, 34.0259897], [-118.2077278, 34.0261604], [-118.208569, 34.0265445], [-118.2094015, 34.0269144], [-118.20964371, 34.0270166], [-118.2098736, 34.0271136], [-118.2111782, 34.0276969], [-118.2130665, 34.0285505], [-118.21326506, 34.02863619], [-118.2134785, 34.0287283], [-118.21427566, 34.0290911], [-118.21447852, 34.02918342], [-118.2145831, 34.02923102], [-118.2154011, 34.0296033], [-118.21582855, 34.02979649]]]}, "properties": {"zone_id": "LFD-1281", "zone_status": "Advisory", "zone_status_reason": "LAFD 6/25 5:50 PM: Due to operations related to June 17, 2026, building fire, an Advisory remains in place for the area east of Boyle Heights. Individuals with sensitivity to smoke and/or nuisance odors should monitor AQMD Air Quality alerts (AQMD.gov) and avoid unnecessary exposure to outdoor air. For emergencies dial 911. LAFD.org/Alerts ", "county_name": "Los Angeles", "community": null, "acreage": 278, "last_updated": 1782460218000, "url": "https://protect.genasys.com/zones/US-CA-XLA-LFD-1281", "known_as": null, "data_source_name": "Zonehaven"}}, {"type": "Feature", "geometry": {"type": "Polygon", "coordinates": [[[-120.78116486, 38.17413529], [-120.7810863, 38.17420838], [-120.78103014, 38.17426063], [-120.78094305, 38.17425862], [-120.78051112, 38.17424873], [-120.77775797, 38.17418561], [-120.77772798, 38.1728346], [-120.77771799, 38.17238425], [-120.7777, 38.171574], [-120.77773003, 38.17085658], [-120.77779, 38.169424], [-120.77783493, 38.16876144], [-120.777849, 38.168554], [-120.77791503, 38.16609254], [-120.77792166, 38.16568426], [-120.77792569, 38.16545053], [-120.7779621, 38.16367454], [-120.77797153, 38.16321457], [-120.77699254, 38.16323451], [-120.77627954, 38.16324902], [-120.77623527, 38.16324988], [-120.77610073, 38.16325249], [-120.77539619, 38.16326616], [-120.7753925, 38.1619529], [-120.7779792, 38.16200209], [-120.77798052, 38.16191894], [-120.77799185, 38.16109415], [-120.77799369, 38.16008063], [-120.77799461, 38.15957387], [-120.77569133, 38.15963499], [-120.77338804, 38.15969611], [-120.77343051, 38.1560829], [-120.76887137, 38.15243335], [-120.76800785, 38.15175524], [-120.76640719, 38.15048204], [-120.76431449, 38.14906484], [-120.76266971, 38.14912827], [-120.76169704, 38.14916578], [-120.75975169, 38.1492408], [-120.7598157, 38.14521891], [-120.75982407, 38.14469297], [-120.75632367, 38.1446924], [-120.75523043, 38.14469222], [-120.75525243, 38.14254743], [-120.75526762, 38.14106704], [-120.75530796, 38.13744924], [-120.75071239, 38.1374466], [-120.75068627, 38.13410684], [-120.74608236, 38.13401542], [-120.74152452, 38.1338655], [-120.72764026, 38.13379495], [-120.72300357, 38.13377808], [-120.72299438, 38.11928688], [-120.72759068, 38.1192945], [-120.72759852, 38.11204789], [-120.72299203, 38.1120409], [-120.72298711, 38.10479598], [-120.74147335, 38.10482115], [-120.74148462, 38.10119731], [-120.74515864, 38.10121124], [-120.745183, 38.102375], [-120.75073905, 38.10235361], [-120.75073382, 38.10123239], [-120.75075295, 38.0975831], [-120.75536964, 38.09758698], [-120.75534559, 38.10122667], [-120.75995549, 38.10121996], [-120.75992259, 38.10484717], [-120.76250677, 38.10494091], [-120.76435833, 38.10500808], [-120.768037, 38.105031], [-120.76913282, 38.1050237], [-120.7693389, 38.09997522], [-120.79977499, 38.14040934], [-120.78116486, 38.17413529]]]}, "properties": {"zone_id": "CCU-130-B", "zone_status": "Evacuation Order", "zone_status_reason": "GANN VEGITATION FIRE:\nZone CCU-130. \n\nFire crews are responding to a vegetation fire near Hogan Dam Road and Gann Road. Please avoid the area while fire crews are working.   \n\nZone CCU-130 has been split.  CCU-130B Mandatory Evacuation Order. \nZone CCU-130A advisory only at this time. ", "county_name": "Calaveras", "community": null, "acreage": 6724, "last_updated": 1785890667000, "url": "https://protect.genasys.com/zones/US-CA-XCA-CCU-130-B", "known_as": null, "data_source_name": "Zonehaven"}}, {"type": "Feature", "geometry": {"type": "Polygon", "coordinates": [[[-120.56237005, 38.04461659], [-120.56745777, 38.0445484], [-120.56746916, 38.04549], [-120.56747134, 38.04589317], [-120.56748684, 38.04742539], [-120.56750164, 38.04822826], [-120.56874645, 38.04823472], [-120.57223131, 38.04820903], [-120.57696129, 38.04819099], [-120.57697199, 38.04952351], [-120.57699405, 38.05142893], [-120.57701377, 38.05184796], [-120.57951087, 38.05182981], [-120.58616243, 38.05651343], [-120.58617118, 38.05849391], [-120.58643873, 38.06155021], [-120.5908099, 38.06150982], [-120.5948593, 38.06147926], [-120.59483071, 38.0629556], [-120.59482813, 38.06312779], [-120.5947988, 38.06508596], [-120.59473976, 38.06902687], [-120.59474303, 38.06908245], [-120.594518, 38.069237], [-120.594339, 38.069347], [-120.594145, 38.06945], [-120.59394, 38.069542], [-120.593695, 38.069622], [-120.593473, 38.069678], [-120.593233, 38.069727], [-120.592989, 38.069765], [-120.592255, 38.069856], [-120.592014, 38.069893], [-120.591766, 38.06994], [-120.591553, 38.069994], [-120.591331, 38.070063], [-120.591269, 38.070086], [-120.591113, 38.070144], [-120.5909, 38.070238], [-120.590684, 38.07034], [-120.590646, 38.070359], [-120.589769, 38.07079], [-120.589079, 38.071136], [-120.588845, 38.071244], [-120.588606, 38.071342], [-120.588363, 38.07143], [-120.588116, 38.07151], [-120.587867, 38.071583], [-120.587614, 38.071646], [-120.587358, 38.071699], [-120.587099, 38.071742], [-120.586806, 38.071777], [-120.586576, 38.071796], [-120.586313, 38.071809], [-120.58605, 38.071811], [-120.585527, 38.071795], [-120.585096, 38.071769], [-120.5837713, 38.0717007], [-120.582924, 38.071657], [-120.582658, 38.071647], [-120.582387, 38.071643], [-120.582206, 38.071646], [-120.582112, 38.071648], [-120.581835, 38.071663], [-120.581557, 38.071686], [-120.581279, 38.071717], [-120.581002, 38.071757], [-120.580727, 38.071805], [-120.578808, 38.072191], [-120.578577, 38.072237], [-120.578507, 38.072251], [-120.578298, 38.072295], [-120.577817, 38.072395], [-120.577679, 38.072424], [-120.575543, 38.072942], [-120.574508, 38.073236], [-120.573497, 38.073554], [-120.572514, 38.073893], [-120.570273, 38.074685], [-120.57005369, 38.07476282], [-120.569946, 38.074801], [-120.569136, 38.075088], [-120.5683731, 38.0753576], [-120.56823767, 38.07540547], [-120.56823145, 38.07513679], [-120.56823973, 38.07495782], [-120.56840871, 38.07489533], [-120.56861489, 38.07481444], [-120.56878681, 38.0747394], [-120.56895071, 38.074662], [-120.5690245, 38.07462752], [-120.56918579, 38.07454087], [-120.56931856, 38.07447019], [-120.56987072, 38.07414538], [-120.56992336, 38.07411478], [-120.57001654, 38.07405055], [-120.57013448, 38.07394615], [-120.57019769, 38.07385516], [-120.57024187, 38.07376657], [-120.57026945, 38.0736915], [-120.57028629, 38.07357907], [-120.57028932, 38.0735153], [-120.57027076, 38.07339036], [-120.57023568, 38.0732944], [-120.57017617, 38.07317166], [-120.57014232, 38.07309344], [-120.57010563, 38.07301011], [-120.57007313, 38.07291781], [-120.57004877, 38.07283626], [-120.57002987, 38.07275693], [-120.57001651, 38.07266679], [-120.57000698, 38.07258021], [-120.57000363, 38.07252798], [-120.57000251, 38.07247555], [-120.57000367, 38.07242313], [-120.57000713, 38.07237067], [-120.57001288, 38.07231822], [-120.57002093, 38.07226587], [-120.57003123, 38.07221366], [-120.57004379, 38.07216159], [-120.57005858, 38.07210979], [-120.57007569, 38.07205826], [-120.57009495, 38.07200706], [-120.57011641, 38.07195624], [-120.57014009, 38.07190586], [-120.57016582, 38.07185592], [-120.57019367, 38.07180648], [-120.57022353, 38.07175763], [-120.57025541, 38.07170936], [-120.57028906, 38.07166172], [-120.57032455, 38.07161469], [-120.57036174, 38.07156831], [-120.57079356, 38.07100583], [-120.57065163, 38.07094136], [-120.57046758, 38.07112631], [-120.57041595, 38.0711758], [-120.57032233, 38.07130755], [-120.570269, 38.07138261], [-120.5701934, 38.07148902], [-120.57015124, 38.0715424], [-120.57010892, 38.0715993], [-120.57007121, 38.071654], [-120.57003579, 38.07170935], [-120.57000274, 38.07176531], [-120.56997212, 38.07182185], [-120.56994389, 38.07187896], [-120.56991814, 38.07193653], [-120.56989492, 38.07199457], [-120.56987413, 38.07205291], [-120.56985591, 38.07211164], [-120.5698402, 38.07217066], [-120.56982716, 38.07222987], [-120.56981655, 38.07228936], [-120.56980861, 38.0723489], [-120.56980321, 38.07240858], [-120.56980046, 38.07246829], [-120.56980024, 38.07252796], [-120.56980252, 38.07258483], [-120.56981684, 38.07274122], [-120.56984433, 38.07286846], [-120.56987737, 38.07297842], [-120.56992139, 38.07309725], [-120.56994968, 38.07315342], [-120.57004186, 38.07334656], [-120.57006467, 38.07340531], [-120.5700864, 38.07349993], [-120.57007749, 38.07363491], [-120.57003831, 38.07374162], [-120.57000725, 38.07378992], [-120.56999102, 38.07381516], [-120.56992162, 38.0738933], [-120.5698056, 38.07397955], [-120.5692531, 38.07430441], [-120.56916074, 38.07435535], [-120.56903557, 38.07442358], [-120.56890643, 38.07448693], [-120.56878514, 38.07454552], [-120.56864818, 38.07460541], [-120.56852289, 38.07465761], [-120.56839943, 38.07470349], [-120.56831122, 38.07473723], [-120.56821861, 38.0747704], [-120.56816374, 38.07479089], [-120.56816327, 38.07469615], [-120.56814344, 38.0743273], [-120.56814374, 38.07408775], [-120.56814074, 38.07385222], [-120.56812608, 38.07362418], [-120.56813742, 38.07337126], [-120.56813146, 38.07324667], [-120.56812643, 38.07301945], [-120.56812474, 38.07263484], [-120.56812453, 38.07258674], [-120.56811844, 38.07200472], [-120.56811662, 38.07183202], [-120.56811525, 38.07170847], [-120.56811136, 38.07140458], [-120.56810814, 38.07115576], [-120.56810456, 38.07087706], [-120.56810208, 38.07068639], [-120.56810002, 38.07052687], [-120.5680986, 38.07045535], [-120.56809405, 38.07022814], [-120.56808947, 38.07000103], [-120.56808586, 38.0698199], [-120.56808393, 38.06972332], [-120.56811412, 38.06933123], [-120.56811562, 38.06918929], [-120.56822965, 38.06905168], [-120.56888971, 38.06942235], [-120.56934117, 38.0688878], [-120.56958287, 38.06860161], [-120.5698003, 38.06834416], [-120.57003387, 38.06806759], [-120.56964413, 38.06785188], [-120.56920059, 38.06760639], [-120.56861286, 38.0672811], [-120.56820098, 38.06705312], [-120.56784322, 38.06685511], [-120.56754228, 38.06668853], [-120.56723414, 38.06651798], [-120.56698923, 38.06638241], [-120.56643281, 38.06609867], [-120.56687216, 38.06561222], [-120.56706472, 38.06539901], [-120.56669869, 38.06517938], [-120.56516853, 38.0642612], [-120.56517294, 38.06376255], [-120.56351524, 38.06366047], [-120.56351242, 38.06352725], [-120.56350573, 38.06280622], [-120.56348479, 38.06182742], [-120.56247666, 38.06182439], [-120.56153193, 38.0618403], [-120.56086199, 38.06185159], [-120.56028632, 38.0618613], [-120.56000744, 38.0618626], [-120.55971655, 38.06186393], [-120.55967195, 38.06186411], [-120.55930176, 38.06186586], [-120.55891077, 38.06186765], [-120.55850015, 38.06186956], [-120.55813677, 38.06187125], [-120.55784038, 38.0618726], [-120.55748711, 38.06187206], [-120.5573397, 38.06187257], [-120.55708517, 38.06187341], [-120.55673669, 38.06187454], [-120.55638772, 38.06187572], [-120.55607519, 38.06187675], [-120.5551651, 38.06187973], [-120.55461659, 38.06188245], [-120.5533436, 38.06188238], [-120.55326228, 38.06188241], [-120.55142981, 38.06188388], [-120.55073489, 38.0618846], [-120.55029398, 38.06188506], [-120.54991886, 38.06189002], [-120.54976263, 38.06188816], [-120.54959619, 38.06188621], [-120.54956203, 38.06188581], [-120.54948521, 38.0618849], [-120.54949145, 38.06177014], [-120.54945793, 38.06163788], [-120.54945026, 38.06160761], [-120.54938145, 38.06139311], [-120.54926965, 38.06125906], [-120.5492416, 38.06124141], [-120.54897522, 38.06107389], [-120.54885504, 38.06099832], [-120.54874402, 38.06102698], [-120.54852473, 38.06110229], [-120.54830965, 38.06114818], [-120.54800758, 38.06115157], [-120.54770817, 38.06108345], [-120.54740505, 38.06108953], [-120.54688618, 38.06115403], [-120.54652698, 38.06123323], [-120.54629011, 38.06130228], [-120.54520188, 38.06125069], [-120.54503313, 38.06121642], [-120.54462062, 38.06119596], [-120.54410456, 38.06125893], [-120.54364862, 38.06133657], [-120.54308305, 38.06144266], [-120.54273871, 38.06151521], [-120.5425957, 38.06160739], [-120.54238253, 38.06172094], [-120.54218432, 38.06192909], [-120.54212927, 38.06203385], [-120.54202226, 38.06223748], [-120.54178123, 38.06243601], [-120.54172748, 38.06235691], [-120.54169831, 38.06231398], [-120.54154708, 38.06209138], [-120.540908, 38.06100434], [-120.54073824, 38.06073768], [-120.54065895, 38.06061312], [-120.54052906, 38.06040907], [-120.54036574, 38.06015251], [-120.54019715, 38.0599161], [-120.54007101, 38.05973918], [-120.53994904, 38.05956811], [-120.53986291, 38.05944733], [-120.53969632, 38.05921369], [-120.53962561, 38.05910776], [-120.54073217, 38.05913455], [-120.54075165, 38.05970124], [-120.54180092, 38.05969783], [-120.54179727, 38.05913124], [-120.5428117, 38.05913186], [-120.54284594, 38.05899987], [-120.54292442, 38.05886608], [-120.54297085, 38.05867504], [-120.54305631, 38.05823661], [-120.54285168, 38.05782226], [-120.5423742, 38.05760285], [-120.54208763, 38.05730787], [-120.54169184, 38.05731109], [-120.54174907, 38.05712271], [-120.54195729, 38.05707458], [-120.54209613, 38.05698533], [-120.54224354, 38.0567451], [-120.54235626, 38.05659408], [-120.54244641, 38.05651372], [-120.54251236, 38.05638814], [-120.54267714, 38.05617536], [-120.54286801, 38.05603117], [-120.54344794, 38.0554889], [-120.54355438, 38.05540845], [-120.5437053, 38.05533213], [-120.54410463, 38.05526349], [-120.5442087, 38.05523575], [-120.54425884, 38.05568193], [-120.54553149, 38.05406692], [-120.54544054, 38.05373918], [-120.545545, 38.053694], [-120.54681599, 38.053112], [-120.54870852, 38.05209476], [-120.55152371, 38.05205517], [-120.55152433, 38.05293137], [-120.55352641, 38.05292876], [-120.55350357, 38.05003273], [-120.5547379, 38.05000906], [-120.55469099, 38.04923192], [-120.55591134, 38.04924941], [-120.5558956, 38.04832596], [-120.55589558, 38.0481562], [-120.5558955, 38.04737295], [-120.55723825, 38.04739244], [-120.55812781, 38.04740536], [-120.55813157, 38.04830004], [-120.56237146, 38.0482957], [-120.56237005, 38.04461659]]]}, "properties": {"zone_id": "CCU-148", "zone_status": "Evacuation Warning", "zone_status_reason": "CCU-153 is under evacuation warning due to Gann Fire. ", "county_name": "Calaveras", "community": null, "acreage": 1915, "last_updated": 1785898593000, "url": "https://protect.genasys.com/zones/US-CA-XCA-CCU-148", "known_as": null, "data_source_name": "Zonehaven"}}, {"type": "Feature", "geometry": {"type": "Polygon", "coordinates": [[[-120.72280447, 38.19668174], [-120.72280037, 38.19705035], [-120.72278431, 38.1997621], [-120.72278022, 38.20080462], [-120.72277766, 38.20161743], [-120.72277437, 38.20184954], [-120.7227415, 38.2018243], [-120.722397, 38.20156], [-120.72206, 38.201302], [-120.721749, 38.201079], [-120.72142, 38.200861], [-120.721231, 38.200764], [-120.720899, 38.200627], [-120.720714, 38.200561], [-120.720326, 38.200434], [-120.720145, 38.200383], [-120.719942, 38.200342], [-120.719735, 38.200309], [-120.719521, 38.200285], [-120.719078, 38.200274], [-120.718852, 38.200276], [-120.718626, 38.200288], [-120.718399, 38.20031], [-120.718172, 38.200346], [-120.717945, 38.20039], [-120.71772, 38.200443], [-120.717498, 38.200504], [-120.71728, 38.200574], [-120.717067, 38.200654], [-120.716855, 38.200741], [-120.716645, 38.200837], [-120.716444, 38.200945], [-120.716246, 38.201057], [-120.716058, 38.201176], [-120.715878, 38.2013], [-120.715705, 38.201429], [-120.715542, 38.201564], [-120.715387, 38.201704], [-120.715244, 38.201849], [-120.715107, 38.201998], [-120.714977, 38.202153], [-120.714855, 38.202314], [-120.714742, 38.202479], [-120.714637, 38.202647], [-120.714545, 38.202822], [-120.714461, 38.202999], [-120.714382, 38.203179], [-120.714108, 38.203918], [-120.713956, 38.204289], [-120.713864, 38.20447], [-120.713759, 38.204648], [-120.713639, 38.20482], [-120.713507, 38.204987], [-120.713363, 38.205147], [-120.713206, 38.2053], [-120.713039, 38.205445], [-120.712862, 38.205581], [-120.712676, 38.205708], [-120.712482, 38.205823], [-120.712282, 38.205928], [-120.71208, 38.206025], [-120.711875, 38.206113], [-120.7114026, 38.2062953], [-120.711266, 38.206348], [-120.710685, 38.20656], [-120.71052, 38.20663], [-120.710194, 38.206797], [-120.710049, 38.206888], [-120.710022, 38.206909], [-120.7099543, 38.2069626], [-120.709777, 38.207103], [-120.708954, 38.207954], [-120.708672, 38.20823], [-120.708524, 38.208359], [-120.70837, 38.208481], [-120.708198, 38.208607], [-120.708035, 38.208708], [-120.707863, 38.208798], [-120.707686, 38.208878], [-120.707506, 38.208952], [-120.707326, 38.209018], [-120.707145, 38.209077], [-120.706965, 38.20913], [-120.706788, 38.209174], [-120.706612, 38.209209], [-120.706438, 38.209235], [-120.706266, 38.209255], [-120.706013, 38.209271], [-120.705908, 38.209277], [-120.705721, 38.209281], [-120.70532, 38.209262], [-120.704965, 38.209214], [-120.704788, 38.209179], [-120.704462, 38.209097], [-120.704179, 38.209007], [-120.703867, 38.208883], [-120.703726, 38.208815], [-120.703531, 38.208702], [-120.702509, 38.208067], [-120.701966, 38.207724], [-120.701305, 38.207323], [-120.700932, 38.207125], [-120.700729, 38.20703], [-120.700565, 38.206961], [-120.700169, 38.206808], [-120.699558, 38.206581], [-120.699373, 38.2065], [-120.699192, 38.20641], [-120.699013, 38.206313], [-120.698837, 38.206208], [-120.69868, 38.206106], [-120.69852, 38.205987], [-120.69837, 38.205865], [-120.698225, 38.205738], [-120.697974, 38.205497], [-120.697802, 38.205319], [-120.6974054, 38.2048725], [-120.6969902, 38.2044339], [-120.696821, 38.204219], [-120.69679, 38.204185], [-120.696526, 38.203896], [-120.696078, 38.203429], [-120.695774, 38.203134], [-120.695617, 38.202994], [-120.695298, 38.202727], [-120.695135, 38.202601], [-120.69483989, 38.20238531], [-120.69485728, 38.20216877], [-120.69490571, 38.20026805], [-120.69492512, 38.19959455], [-120.69525128, 38.19959362], [-120.69618619, 38.19901946], [-120.69768987, 38.19823454], [-120.69672968, 38.19740795], [-120.69651738, 38.19722518], [-120.69582375, 38.19655878], [-120.6929533, 38.19380092], [-120.69239191, 38.19380068], [-120.69217573, 38.19380833], [-120.692145, 38.193682], [-120.692102, 38.193534], [-120.692053, 38.193387], [-120.691941, 38.193093], [-120.691718, 38.19257], [-120.6915439, 38.1921759], [-120.69151663, 38.19211418], [-120.690693, 38.19025], [-120.690441, 38.189688], [-120.69031, 38.189438], [-120.69015, 38.189175], [-120.690058, 38.18904], [-120.689957, 38.188905], [-120.689848, 38.188769], [-120.6897119, 38.1886164], [-120.68961, 38.188502], [-120.68948, 38.188369], [-120.68934, 38.188239], [-120.689191, 38.188111], [-120.689033, 38.187987], [-120.688867, 38.187865], [-120.688694, 38.187746], [-120.688514, 38.187632], [-120.688346, 38.187533], [-120.687258, 38.186919], [-120.686714, 38.18659], [-120.686461, 38.186418], [-120.68617, 38.1862], [-120.685948, 38.186021], [-120.685592, 38.185707], [-120.685355, 38.185478], [-120.685127, 38.185239], [-120.684759, 38.184825], [-120.684431, 38.184456], [-120.68438159, 38.18465657], [-120.68275529, 38.18468722], [-120.68273795, 38.18465664], [-120.6827186, 38.18462252], [-120.68265441, 38.1845093], [-120.68261017, 38.18443126], [-120.68257826, 38.18437507], [-120.68225871, 38.18448795], [-120.68222735, 38.18449903], [-120.68210907, 38.1845408], [-120.68206518, 38.18455631], [-120.68207597, 38.18460023], [-120.6821459, 38.18469868], [-120.68091495, 38.18474374], [-120.67940015, 38.1847723], [-120.6767272, 38.1848227], [-120.67632601, 38.18483025], [-120.6763278, 38.1849129], [-120.67537401, 38.18492484], [-120.67426201, 38.18494669], [-120.67310904, 38.18496935], [-120.67161929, 38.18499382], [-120.67141644, 38.18479141], [-120.671404, 38.184779], [-120.67064548, 38.18402948], [-120.669887, 38.18328], [-120.66973708, 38.18313185], [-120.6693711, 38.1827702], [-120.66896495, 38.18236888], [-120.668707, 38.182114], [-120.66845267, 38.18186203], [-120.66843114, 38.1818407], [-120.66840559, 38.18181539], [-120.66824412, 38.18165542], [-120.66744379, 38.18086238], [-120.666631, 38.180057], [-120.6664865, 38.1799055], [-120.666342, 38.179754], [-120.665949, 38.17934], [-120.665845, 38.179231], [-120.664244, 38.177648], [-120.66395897, 38.17736485], [-120.663486, 38.176895], [-120.6634045, 38.1768195], [-120.663323, 38.176744], [-120.6632395, 38.1766705], [-120.663156, 38.176597], [-120.66304, 38.176506], [-120.662789, 38.176322], [-120.6624945, 38.176127], [-120.6622, 38.175932], [-120.66154398, 38.17551802], [-120.6614909, 38.175485], [-120.66138295, 38.175418], [-120.661275, 38.175351], [-120.661021, 38.175193], [-120.660767, 38.175035], [-120.66057, 38.1749085], [-120.660373, 38.174782], [-120.6602785, 38.1747175], [-120.660184, 38.174653], [-120.6600945, 38.174586], [-120.660005, 38.174519], [-120.6599225, 38.1744485], [-120.65984, 38.174378], [-120.65936, 38.1739245], [-120.65888, 38.173471], [-120.65687265, 38.17153798], [-120.6548653, 38.1696049], [-120.65418365, 38.16894845], [-120.653502, 38.168292], [-120.6532425, 38.1680355], [-120.652983, 38.167779], [-120.652934, 38.167728], [-120.652885, 38.167677], [-120.652767, 38.1675535], [-120.652649, 38.16743], [-120.652571, 38.16734], [-120.652493, 38.16725], [-120.6524185, 38.1671575], [-120.652344, 38.167065], [-120.6522745, 38.1669715], [-120.652205, 38.166878], [-120.6520775, 38.166685], [-120.65195, 38.166492], [-120.651841, 38.1662925], [-120.651732, 38.166093], [-120.65168, 38.16599], [-120.651628, 38.165887], [-120.6513825, 38.1653705], [-120.651137, 38.164854], [-120.651085, 38.164756], [-120.651033, 38.164658], [-120.6509765, 38.1645635], [-120.65092, 38.164469], [-120.6508595, 38.1643775], [-120.650799, 38.164286], [-120.650736, 38.164197], [-120.650673, 38.164108], [-120.6503645, 38.1636905], [-120.65005597, 38.16327296], [-120.649901, 38.163063], [-120.649746, 38.162853], [-120.6496416, 38.1627112], [-120.6495372, 38.1625694], [-120.6494014, 38.16240165], [-120.6492656, 38.1622339], [-120.64921105, 38.16217355], [-120.6491565, 38.1621132], [-120.6490853, 38.1620322], [-120.6489371, 38.16186354], [-120.648789, 38.161695], [-120.64864295, 38.1615218], [-120.648509, 38.161363], [-120.6484505, 38.161296], [-120.648392, 38.161229], [-120.648112, 38.160897], [-120.647832, 38.160565], [-120.647802, 38.16053], [-120.647732, 38.1604425], [-120.647662, 38.160355], [-120.6475955, 38.1602675], [-120.647529, 38.16018], [-120.647402, 38.160004], [-120.647275, 38.159828], [-120.647239, 38.159773], [-120.647203, 38.159718], [-120.647183, 38.1596875], [-120.647163, 38.159657], [-120.6471, 38.159561], [-120.647037, 38.159465], [-120.64699, 38.159391], [-120.64694298, 38.15931697], [-120.64662927, 38.15882185], [-120.64641238, 38.15847953], [-120.64635546, 38.1583897], [-120.64633533, 38.15835793], [-120.646317, 38.158329], [-120.64614, 38.158074], [-120.64608, 38.158], [-120.64602, 38.157926], [-120.6458975, 38.1577845], [-120.645775, 38.157643], [-120.645709, 38.1575745], [-120.645643, 38.157506], [-120.645502, 38.1573725], [-120.645361, 38.157239], [-120.6452825, 38.157172], [-120.645204, 38.157105], [-120.6450925, 38.1570175], [-120.64498095, 38.15692996], [-120.644923, 38.1568845], [-120.644865, 38.156839], [-120.6446466, 38.1566806], [-120.644159, 38.156327], [-120.644077, 38.1562605], [-120.643995, 38.156194], [-120.643917, 38.1561245], [-120.643839, 38.156055], [-120.6437285, 38.155943], [-120.643694, 38.155908], [-120.643625, 38.1558305], [-120.643556, 38.155753], [-120.643494, 38.1556715], [-120.643432, 38.15559], [-120.643378, 38.1555045], [-120.643324, 38.155419], [-120.6432775, 38.155329], [-120.643231, 38.155239], [-120.6431885, 38.155146], [-120.643146, 38.155053], [-120.642767, 38.1541675], [-120.642388, 38.153282], [-120.6423485, 38.1531775], [-120.642309, 38.153073], [-120.642278, 38.1529665], [-120.64225307, 38.15287598], [-120.64224102, 38.15283225], [-120.642222, 38.15274], [-120.642202, 38.152643], [-120.6421915, 38.1525785], [-120.642181, 38.152514], [-120.6421735, 38.152469], [-120.642166, 38.152424], [-120.642133, 38.152187], [-120.64212285, 38.15211407], [-120.6420999, 38.15194931], [-120.642087, 38.1518565], [-120.642074, 38.151763], [-120.642052, 38.1516555], [-120.64203, 38.151548], [-120.642019, 38.1515105], [-120.642008, 38.151473], [-120.6419885, 38.151406], [-120.641969, 38.151339], [-120.641931, 38.151238], [-120.641893, 38.151137], [-120.641844, 38.151027], [-120.641805, 38.15094], [-120.641661, 38.150659], [-120.641517, 38.150378], [-120.6414755, 38.150287], [-120.641434, 38.150196], [-120.6413695, 38.150065], [-120.641305, 38.149934], [-120.641064, 38.1494445], [-120.640823, 38.148955], [-120.6407415, 38.1487625], [-120.64066, 38.14857], [-120.640568, 38.148384], [-120.640476, 38.148198], [-120.6403865, 38.148029], [-120.640297, 38.14786], [-120.640084, 38.147491], [-120.640025, 38.1474], [-120.639966, 38.147309], [-120.6399015, 38.1472175], [-120.639837, 38.147126], [-120.6397675, 38.147033], [-120.639698, 38.14694], [-120.639622, 38.146845], [-120.639546, 38.14675], [-120.639379, 38.146563], [-120.639212, 38.146376], [-120.63907558, 38.14621797], [-120.638808, 38.145908], [-120.638562, 38.145618], [-120.63765451, 38.14452002], [-120.636747, 38.143422], [-120.6366085, 38.1432405], [-120.63647, 38.143059], [-120.63641, 38.1429665], [-120.63635, 38.142874], [-120.6362975, 38.1427785], [-120.636245, 38.142683], [-120.6362, 38.142585], [-120.636155, 38.142487], [-120.6361145, 38.1423855], [-120.636074, 38.142284], [-120.635837, 38.141651], [-120.6356, 38.141018], [-120.635411, 38.1404995], [-120.635222, 38.139981], [-120.635189, 38.1398805], [-120.635156, 38.13978], [-120.6351, 38.139595], [-120.635044, 38.13941], [-120.6349455, 38.1391305], [-120.634847, 38.138851], [-120.634816, 38.138753], [-120.634785, 38.138655], [-120.634759, 38.1385565], [-120.634733, 38.138458], [-120.6347165, 38.1383585], [-120.6347, 38.138259], [-120.6346935, 38.1381585], [-120.634687, 38.138058], [-120.6346915, 38.137957], [-120.634696, 38.137856], [-120.6347085, 38.1377555], [-120.634721, 38.137655], [-120.634742, 38.137556], [-120.634763, 38.137457], [-120.6347935, 38.1373585], [-120.634824, 38.13726], [-120.634904, 38.1370635], [-120.634984, 38.136867], [-120.6350715, 38.136671], [-120.635159, 38.136475], [-120.635197, 38.136375], [-120.635235, 38.136275], [-120.635263, 38.136173], [-120.635291, 38.136071], [-120.6353095, 38.135968], [-120.635328, 38.135865], [-120.635337, 38.1357615], [-120.635346, 38.135658], [-120.6353455, 38.135554], [-120.635345, 38.13545], [-120.6353365, 38.1353465], [-120.635328, 38.135243], [-120.635304, 38.135036], [-120.63528, 38.134829], [-120.63509338, 38.13350817], [-120.634958, 38.13255], [-120.63486463, 38.13194724], [-120.63485917, 38.13191202], [-120.6348365, 38.1317945], [-120.634816, 38.131691], [-120.6347865, 38.131589], [-120.634757, 38.131487], [-120.63472, 38.13138851], [-120.634683, 38.13129], [-120.634654, 38.1312235], [-120.634625, 38.131157], [-120.634612, 38.131128], [-120.634599, 38.131099], [-120.6345525, 38.131007], [-120.634506, 38.130915], [-120.634455, 38.130827], [-120.634404, 38.130739], [-120.6343455, 38.130653], [-120.634287, 38.130567], [-120.6342215, 38.130483], [-120.634156, 38.130399], [-120.6340835, 38.1303175], [-120.634011, 38.130236], [-120.6339335, 38.1301565], [-120.633856, 38.130077], [-120.6337735, 38.1299995], [-120.633691, 38.129922], [-120.633605, 38.129846], [-120.633519, 38.12977], [-120.6332495, 38.1295405], [-120.63298, 38.129311], [-120.632892, 38.129229], [-120.632804, 38.129147], [-120.63278158, 38.12912338], [-120.63272, 38.1290585], [-120.632636, 38.12897], [-120.632557, 38.1288755], [-120.632478, 38.128781], [-120.6324015, 38.1286825], [-120.632325, 38.128584], [-120.632097, 38.128271], [-120.631869, 38.127958], [-120.6316305, 38.12764], [-120.631392, 38.127322], [-120.631317, 38.127216], [-120.631242, 38.12711], [-120.6309345, 38.126698], [-120.6308805, 38.12662565], [-120.63083634, 38.12656648], [-120.63081036, 38.12653167], [-120.63078568, 38.1264986], [-120.630627, 38.126286], [-120.6305475, 38.1261865], [-120.63065144, 38.12473593], [-120.63104701, 38.11921512], [-120.63686173, 38.11928013], [-120.6401771, 38.11931719], [-120.64930721, 38.11941784], [-120.64936342, 38.117254], [-120.64957944, 38.10893664], [-120.64965981, 38.1058419], [-120.64967178, 38.10538121], [-120.64967731, 38.10516794], [-120.6619504, 38.10527585], [-120.66202463, 38.10527803], [-120.662069, 38.105372], [-120.662182, 38.105638], [-120.662199, 38.105696], [-120.662212, 38.105738], [-120.662233, 38.10584], [-120.662254, 38.106044], [-120.662254, 38.10625], [-120.662243, 38.106449], [-120.662218, 38.106627], [-120.66219, 38.106707], [-120.662148, 38.106783], [-120.662095, 38.106852], [-120.661959, 38.10698], [-120.661795, 38.107113], [-120.661706, 38.107178], [-120.661611, 38.10724], [-120.661512, 38.107298], [-120.661097, 38.107509], [-120.660688, 38.107753], [-120.660344, 38.107941], [-120.660235, 38.108007], [-120.660108, 38.108089], [-120.660025, 38.108146], [-120.659757, 38.10833], [-120.659403, 38.108556], [-120.659167, 38.108693], [-120.658932, 38.108815], [-120.658817, 38.108867], [-120.658704, 38.108913], [-120.658593, 38.108952], [-120.658389, 38.10901], [-120.658226, 38.109038], [-120.658128, 38.109047], [-120.657952, 38.10904], [-120.657776, 38.109024], [-120.657278, 38.108958], [-120.657188, 38.108953], [-120.657102, 38.108953], [-120.656937, 38.108969], [-120.656859, 38.108988], [-120.65679, 38.109015], [-120.656726, 38.109048], [-120.656616, 38.109123], [-120.656534, 38.109204], [-120.656482, 38.109273], [-120.65644, 38.109388], [-120.656424, 38.109465], [-120.656423, 38.109528], [-120.656429, 38.109599], [-120.656456, 38.109672], [-120.656491, 38.109738], [-120.656606, 38.109917], [-120.656663, 38.110023], [-120.656694, 38.110102], [-120.656733, 38.110286], [-120.656747, 38.110382], [-120.656808, 38.110673], [-120.656855, 38.110858], [-120.656886, 38.110948], [-120.656955, 38.11112], [-120.656998, 38.111203], [-120.657048, 38.111287], [-120.657228, 38.111551], [-120.657282, 38.11163], [-120.657335, 38.111726], [-120.657381, 38.111827], [-120.657423, 38.111933], [-120.6575926, 38.11247169], [-120.65767471, 38.11246632], [-120.66054028, 38.1122847], [-120.66432449, 38.11208181], [-120.66550788, 38.11173944], [-120.66750223, 38.1109069], [-120.67213565, 38.10915953], [-120.67646497, 38.10920804], [-120.67724907, 38.11065713], [-120.68107096, 38.11448391], [-120.68137491, 38.11482196], [-120.68157686, 38.11504774], [-120.68160009, 38.11591375], [-120.6816529, 38.11776882], [-120.68169707, 38.11930162], [-120.68172002, 38.11991262], [-120.6839739, 38.12001554], [-120.68466111, 38.12006085], [-120.68629067, 38.12016824], [-120.68836242, 38.12000174], [-120.68996998, 38.11993188], [-120.69051569, 38.11991864], [-120.69066039, 38.119913], [-120.69063973, 38.12305961], [-120.69063549, 38.12370567], [-120.69063477, 38.12381713], [-120.69063038, 38.124485], [-120.69057972, 38.12722646], [-120.68966807, 38.12723133], [-120.68593357, 38.12726192], [-120.68594541, 38.1305665], [-120.68594736, 38.13066399], [-120.68595063, 38.13263913], [-120.68593679, 38.13405752], [-120.68568711, 38.14122391], [-120.6903656, 38.14123911], [-120.69030017, 38.1448579], [-120.6949546, 38.14489287], [-120.69477545, 38.14854316], [-120.6903095, 38.14850179], [-120.685601, 38.14845799], [-120.68530889, 38.14845777], [-120.6852489, 38.14845757], [-120.68526319, 38.15209712], [-120.68528859, 38.15584106], [-120.68537936, 38.15935731], [-120.6899725, 38.15939975], [-120.68988399, 38.16284562], [-120.69447144, 38.16291559], [-120.69451655, 38.16668942], [-120.69528704, 38.16670325], [-120.69880885, 38.16671247], [-120.69910276, 38.16671132], [-120.70450152, 38.16676675], [-120.70450162, 38.16689623], [-120.70450697, 38.17403884], [-120.70445835, 38.17764393], [-120.70905894, 38.17759193], [-120.72285895, 38.1774349], [-120.72290097, 38.17822855], [-120.7229028, 38.19257977], [-120.7228635, 38.1942804], [-120.72281175, 38.19588703], [-120.7228097, 38.19613174], [-120.72280869, 38.19625716], [-120.72280782, 38.19634425], [-120.72280447, 38.19668174]]]}, "properties": {"zone_id": "CCU-110", "zone_status": "Evacuation Order", "zone_status_reason": "Pool Station Road, Cement Plant Road closed. ", "county_name": "Calaveras", "community": null, "acreage": 10079, "last_updated": 1785848719000, "url": "https://protect.genasys.com/zones/US-CA-XCA-CCU-110", "known_as": "", "data_source_name": "Zonehaven"}}, {"type": "Feature", "geometry": {"type": "Polygon", "coordinates": [[[-119.00789512, 36.05672891], [-119.007915, 36.0564319], [-119.00792992, 36.05620403], [-119.00843398, 36.05631517], [-119.01192945, 36.05647877], [-119.01308538, 36.05643397], [-119.01418722, 36.05609623], [-119.01494685, 36.05586337], [-119.01556698, 36.05586397], [-119.01663142, 36.05593591], [-119.01661169, 36.05655299], [-119.01604402, 36.05653689], [-119.01478714, 36.05651696], [-119.01332078, 36.05677597], [-119.01239067, 36.05671738], [-119.01047007, 36.05665879], [-119.00932254, 36.05664902], [-119.00789512, 36.05672891]]]}, "properties": {"zone_id": "PVL-E038", "zone_status": "Evacuation Order", "zone_status_reason": "Flooding", "county_name": "Tulare", "community": null, "acreage": 9, "last_updated": 1695274388000, "url": "https://protect.genasys.com/zones/US-CA-XTU-PVL-E038", "known_as": null, "data_source_name": "Zonehaven"}}, {"type": "Feature", "geometry": {"type": "Polygon", "coordinates": [[[-118.20859612, 34.0150057], [-118.20869912, 34.01500524], [-118.20880039, 34.01500479], [-118.209357, 34.01500223], [-118.20982613, 34.01500009], [-118.21012671, 34.01499872], [-118.21043072, 34.01499737], [-118.21073634, 34.01499601], [-118.2108916, 34.01499524], [-118.21200046, 34.01499017], [-118.21207464, 34.01498985], [-118.21213245, 34.01498955], [-118.21216395, 34.01498941], [-118.21269998, 34.01498696], [-118.21269795, 34.014369], [-118.21269769, 34.01429486], [-118.21305035, 34.01441333], [-118.21325917, 34.01448353], [-118.21358963, 34.01459462], [-118.2141238, 34.01477418], [-118.2144326, 34.01487797], [-118.21460566, 34.01493613], [-118.21472908, 34.01497762], [-118.21516305, 34.01497563], [-118.21560558, 34.01497579], [-118.21573983, 34.01502122], [-118.21599642, 34.01510806], [-118.21715042, 34.01549511], [-118.2171493, 34.01506334], [-118.21714895, 34.01502985], [-118.21714829, 34.01496645], [-118.21720478, 34.01496619], [-118.21818588, 34.01496164], [-118.21976828, 34.01495432], [-118.21983362, 34.01495453], [-118.2199318, 34.01495484], [-118.2199377, 34.0150879], [-118.2199458, 34.0152705], [-118.2199603, 34.0155978], [-118.2200057, 34.0166231], [-118.2200177, 34.0168478], [-118.2200244, 34.0169718], [-118.2200413, 34.0172877], [-118.2200673, 34.0177005], [-118.2200817, 34.0179283], [-118.220098, 34.0181877], [-118.2202271, 34.0202394], [-118.2202344, 34.0204538], [-118.2202306, 34.0205502], [-118.2201843, 34.0209938], [-118.2201336, 34.0214772], [-118.2200835, 34.0219557], [-118.2200687, 34.0221516], [-118.2200305, 34.022567], [-118.2200177, 34.0226757], [-118.2199436, 34.0233039], [-118.2199026, 34.0237026], [-118.2198429, 34.0242826], [-118.2198144, 34.02453741], [-118.2197807, 34.0248387], [-118.2197503, 34.0251436], [-118.2197396, 34.0252504], [-118.2197017, 34.0255441], [-118.21968978, 34.02569269], [-118.2196737, 34.0258932], [-118.2196593, 34.0260456], [-118.21964911, 34.02614098], [-118.2196331, 34.0262908], [-118.21960138, 34.02659763], [-118.2195932, 34.0266767], [-118.21958387, 34.02676706], [-118.2195464, 34.0271299], [-118.21953271, 34.02726817], [-118.219525, 34.027346], [-118.2195031, 34.027549], [-118.2194661, 34.0279365], [-118.2194314, 34.0280714], [-118.2194011, 34.02809386], [-118.2194241, 34.02815105], [-118.2194168, 34.0282307], [-118.2193506, 34.0283569], [-118.21932885, 34.02839837], [-118.21930885, 34.02843652], [-118.219009, 34.0290084], [-118.21896978, 34.02907763], [-118.2187649, 34.0294393], [-118.21873695, 34.02948863], [-118.21872151, 34.02952357], [-118.21869663, 34.02957188], [-118.2186596, 34.0296438], [-118.21856697, 34.02980387], [-118.21848638, 34.02994312], [-118.2183137, 34.0302415], [-118.21796572, 34.03079241], [-118.21789928, 34.0308976], [-118.21783091, 34.03085472], [-118.2176842, 34.0307627], [-118.217461, 34.0306276], [-118.2172722, 34.0305137], [-118.2169632, 34.030343], [-118.21668, 34.0301937], [-118.2163452, 34.03003], [-118.21582855, 34.02979649], [-118.2154011, 34.0296033], [-118.2145831, 34.02923102], [-118.21447852, 34.02918342], [-118.21427566, 34.0290911], [-118.2134785, 34.0287283], [-118.21326506, 34.02863619], [-118.2130665, 34.0285505], [-118.2111782, 34.0276969], [-118.2098736, 34.0271136], [-118.20964371, 34.0270166], [-118.2094015, 34.0269144], [-118.208569, 34.0265445], [-118.2077278, 34.0261604], [-118.2072901, 34.0259897], [-118.2069382, 34.0258687], [-118.2062038, 34.0256279], [-118.2055553, 34.0254256], [-118.205038, 34.0252858], [-118.20466287, 34.02513455], [-118.204072, 34.0248963], [-118.20345858, 34.0246307], [-118.20340585, 34.02460787], [-118.20330619, 34.02456472], [-118.2032484, 34.0245397], [-118.20300651, 34.02443492], [-118.20692554, 34.0182458], [-118.20924664, 34.01686455], [-118.20859612, 34.0150057]]]}, "properties": {"zone_id": "LFD-1279-B", "zone_status": "Advisory", "zone_status_reason": "LAFD 6/25 5:50 PM: Due to operations related to June 17, 2026, building fire, an Advisory remains in place for the area east of Boyle Heights. Individuals with sensitivity to smoke and/or nuisance odors should monitor AQMD Air Quality alerts (AQMD.gov) and avoid unnecessary exposure to outdoor air. For emergencies dial 911. LAFD.org/Alerts ", "county_name": "Los Angeles", "community": null, "acreage": 468, "last_updated": 1782460218000, "url": "https://protect.genasys.com/zones/US-CA-XLA-LFD-1279-B", "known_as": null, "data_source_name": "Zonehaven"}}, {"type": "Feature", "geometry": {"type": "Polygon", "coordinates": [[[-119.03924344, 36.0602806], [-119.03849882, 36.06017579], [-119.03791805, 36.06009404], [-119.03579421, 36.0595524], [-119.03512778, 36.05938244], [-119.03301385, 36.05880857], [-119.02918145, 36.05752364], [-119.02613127, 36.05670178], [-119.02551765, 36.05653644], [-119.01969569, 36.05614299], [-119.01779816, 36.05601476], [-119.01691895, 36.05595534], [-119.01663142, 36.05593591], [-119.0166333, 36.0558772], [-119.01664, 36.0556156], [-119.0166448, 36.0554274], [-119.01664842, 36.05532994], [-119.01836866, 36.05537553], [-119.02227243, 36.05566244], [-119.02415334, 36.05586328], [-119.02635364, 36.05620757], [-119.02798613, 36.05649447], [-119.02968959, 36.05686745], [-119.03199636, 36.05792898], [-119.03341592, 36.05835933], [-119.03508389, 36.05861754], [-119.0360066, 36.05893312], [-119.03778104, 36.05962167], [-119.03925238, 36.05968215], [-119.03924344, 36.0602806]]]}, "properties": {"zone_id": "PVL-E034", "zone_status": "Evacuation Order", "zone_status_reason": "Flooding", "county_name": "Tulare", "community": null, "acreage": 35, "last_updated": 1695274388000, "url": "https://protect.genasys.com/zones/US-CA-XTU-PVL-E034", "known_as": null, "data_source_name": "Zonehaven"}}, {"type": "Feature", "geometry": {"type": "Polygon", "coordinates": [[[-118.19235685, 34.03201989], [-118.19238279, 34.03322451], [-118.19236746, 34.03336577], [-118.1921998, 34.03336978], [-118.19187954, 34.03338119], [-118.19183614, 34.03338275], [-118.19139766, 34.03339842], [-118.19139822, 34.03345678], [-118.19139963, 34.03359417], [-118.191401, 34.03373156], [-118.19140237, 34.03386895], [-118.19140374, 34.03400635], [-118.19140515, 34.03414775], [-118.19140656, 34.03428536], [-118.19140796, 34.03442239], [-118.19184918, 34.03442186], [-118.19184715, 34.03428483], [-118.19184571, 34.03414743], [-118.1918443, 34.03400622], [-118.19206881, 34.03400546], [-118.1922875, 34.03400505], [-118.19237588, 34.03400488], [-118.19243721, 34.0404782], [-118.1923814, 34.0404958], [-118.1922357, 34.0404964], [-118.1922038, 34.04049651], [-118.1921512, 34.0404967], [-118.19191714, 34.04049758], [-118.191405, 34.0404995], [-118.19078349, 34.04050314], [-118.1903296, 34.0405058], [-118.18995864, 34.04050618], [-118.1892531, 34.0405069], [-118.18919592, 34.04050712], [-118.188181, 34.040511], [-118.18769881, 34.04051358], [-118.18737889, 34.0405153], [-118.187341, 34.0405155], [-118.18720018, 34.04051572], [-118.18710192, 34.04051587], [-118.1870193, 34.040516], [-118.1867215, 34.0405183], [-118.18640367, 34.04051843], [-118.1862254, 34.0405185], [-118.18609478, 34.04051853], [-118.1858404, 34.0405186], [-118.18552803, 34.0405203], [-118.1849768, 34.0405233], [-118.1846539, 34.0405236], [-118.18464173, 34.04052355], [-118.184386, 34.0405224], [-118.1837832, 34.0405292], [-118.1834646, 34.0405278], [-118.18268908, 34.04053054], [-118.18250183, 34.0405312], [-118.182275, 34.040532], [-118.18110273, 34.04053691], [-118.1806054, 34.040539], [-118.1798645, 34.040545], [-118.1784752, 34.04055], [-118.1774032, 34.0405503], [-118.1767412, 34.0405506], [-118.1765778, 34.0405515], [-118.1757659, 34.0405423], [-118.17543873, 34.04054593], [-118.17481595, 34.04055285], [-118.1740648, 34.0405612], [-118.1739017, 34.04056286], [-118.17379234, 34.04056398], [-118.1736041, 34.0405659], [-118.1729711, 34.0405656], [-118.17292362, 34.0405657], [-118.1719705, 34.0405678], [-118.1718604, 34.040568], [-118.17174124, 34.04056874], [-118.17167894, 34.04056913], [-118.17160427, 34.04056959], [-118.17154387, 34.04056996], [-118.17149933, 34.04057024], [-118.1713766, 34.040571], [-118.17131278, 34.04057127], [-118.17122515, 34.04057164], [-118.1709273, 34.0405729], [-118.17078149, 34.04057353], [-118.1705558, 34.0405745], [-118.17031314, 34.0405757], [-118.17025831, 34.04057644], [-118.17020081, 34.04057721], [-118.16993385, 34.04058087], [-118.1699416, 34.0384855], [-118.1699345, 34.03807769], [-118.1699167, 34.0370547], [-118.16989784, 34.03631136], [-118.16989596, 34.03623762], [-118.1698919, 34.0360775], [-118.16988602, 34.03590019], [-118.16988252, 34.03579449], [-118.16988106, 34.03575059], [-118.17015913, 34.03570791], [-118.17019218, 34.03570284], [-118.1702752, 34.0356901], [-118.17044723, 34.03566307], [-118.17351947, 34.03518029], [-118.1735636, 34.03517335], [-118.1756843, 34.0348401], [-118.1766473, 34.03471611], [-118.17677071, 34.03470022], [-118.1775429, 34.0346008], [-118.17781349, 34.03453286], [-118.17797848, 34.03449143], [-118.1784394, 34.0343757], [-118.1789217, 34.0342289], [-118.1806315, 34.0335398], [-118.18076179, 34.03347568], [-118.18087689, 34.03341904], [-118.18120606, 34.03325704], [-118.1813114, 34.0332052], [-118.1825262, 34.0326236], [-118.18308265, 34.03242815], [-118.1836391, 34.0322327], [-118.1844463, 34.0320152], [-118.18455633, 34.03199515], [-118.18458509, 34.03198991], [-118.18476355, 34.0319574], [-118.1850808, 34.0318996], [-118.1858688, 34.0318301], [-118.1864215, 34.03182275], [-118.1869742, 34.0318154], [-118.1882578, 34.0318226], [-118.1893736, 34.0318277], [-118.1905323, 34.0317139], [-118.19235128, 34.03131309], [-118.19235685, 34.03201989]]]}, "properties": {"zone_id": "LAC-E0125", "zone_status": "Advisory", "zone_status_reason": "LASD 6/25 5:50 PM: Due to operations related to June 17, 2026, building fire, an Advisory remains in place for the area east of Boyle Heights. Individuals with sensitivity to smoke and/or nuisance odors should monitor AQMD Air Quality alerts (AQMD.gov) and avoid unnecessary exposure to outdoor air. For emergencies dial 911. More information at Alertla.org", "county_name": "Los Angeles", "community": null, "acreage": 404, "last_updated": 1782460241000, "url": "https://protect.genasys.com/zones/US-CA-XLA-LAC-E0125", "known_as": "", "data_source_name": "Zonehaven"}}, {"type": "Feature", "geometry": {"type": "Polygon", "coordinates": [[[-120.649653, 38.035589], [-120.649591, 38.035726], [-120.64951, 38.035867], [-120.649408, 38.036014], [-120.649167, 38.036317], [-120.649124, 38.036367], [-120.648908, 38.036616], [-120.648771, 38.036759], [-120.648624, 38.03689], [-120.648167, 38.037231], [-120.647779, 38.037537], [-120.64768, 38.037633], [-120.6476, 38.037728], [-120.647536, 38.037825], [-120.647485, 38.037929], [-120.647448, 38.038049], [-120.647432, 38.038179], [-120.647433, 38.038468], [-120.647452, 38.038952], [-120.647477, 38.039107], [-120.647522, 38.039257], [-120.647693, 38.039709], [-120.647744, 38.039862], [-120.647831, 38.040152], [-120.647852, 38.040284], [-120.647836, 38.040413], [-120.64779, 38.040542], [-120.647725, 38.040669], [-120.647437, 38.041116], [-120.647383, 38.041213], [-120.647339, 38.041317], [-120.647306, 38.041433], [-120.647285, 38.041556], [-120.647278, 38.041685], [-120.647287, 38.041824], [-120.6473199, 38.0421153], [-120.6473333, 38.042466], [-120.6473225, 38.0427892], [-120.6472823, 38.0430617], [-120.647226, 38.0433997], [-120.6470007, 38.0445213], [-120.6468961, 38.0449881], [-120.6468666, 38.0453261], [-120.6468585, 38.0458394], [-120.6468451, 38.0461161], [-120.6468236, 38.0462323], [-120.64677, 38.0463823], [-120.646683, 38.046507], [-120.646578, 38.04663], [-120.646512, 38.046693], [-120.646453, 38.046749], [-120.646184, 38.046986], [-120.646056, 38.047105], [-120.64605001, 38.04711094], [-120.645822, 38.047337], [-120.645604, 38.047546], [-120.645494, 38.047638], [-120.645378, 38.04772], [-120.645257, 38.047788], [-120.645136, 38.047847], [-120.644332, 38.048165], [-120.644177, 38.048218], [-120.644014, 38.048263], [-120.643838, 38.048298], [-120.643648, 38.048325], [-120.643453, 38.048343], [-120.64326, 38.048351], [-120.643072, 38.048348], [-120.642889, 38.048333], [-120.642526, 38.048288], [-120.641976, 38.048209], [-120.641794, 38.048166], [-120.641615, 38.048105], [-120.64124, 38.047961], [-120.640633, 38.047754], [-120.640436, 38.047675], [-120.640243, 38.047588], [-120.639876, 38.04741], [-120.639699, 38.047331], [-120.639523, 38.047261], [-120.639353, 38.047202], [-120.639182, 38.047158], [-120.639009, 38.047128], [-120.638835, 38.047112], [-120.638655, 38.047104], [-120.638474, 38.047104], [-120.638295, 38.047109], [-120.638125, 38.047121], [-120.63796, 38.047143], [-120.637797, 38.047176], [-120.63764, 38.047225], [-120.637492, 38.047288], [-120.637184, 38.047445], [-120.636898, 38.047621], [-120.636593, 38.047797], [-120.63644, 38.04789], [-120.636293, 38.047987], [-120.635968, 38.04818], [-120.635785, 38.048296], [-120.635641, 38.048372], [-120.635226, 38.048591], [-120.63504, 38.048682], [-120.63485, 38.04876], [-120.634655, 38.048826], [-120.634451, 38.048878], [-120.634237, 38.048919], [-120.633085, 38.049098], [-120.631899, 38.049272], [-120.63153, 38.049339], [-120.631187, 38.04943], [-120.631139, 38.049447], [-120.630639, 38.04963], [-120.630082, 38.049857], [-120.629259, 38.050173], [-120.627826, 38.050706], [-120.627224, 38.050926], [-120.626622, 38.051141], [-120.626328, 38.051249], [-120.625587, 38.051522], [-120.624965, 38.051764], [-120.6248124, 38.0518168], [-120.624757, 38.051836], [-120.624543, 38.051898], [-120.624319, 38.051947], [-120.624169, 38.05197], [-120.62409, 38.051982], [-120.623638, 38.052041], [-120.623419, 38.052076], [-120.623205, 38.052116], [-120.623102, 38.052139], [-120.622999, 38.052162], [-120.622805, 38.052224], [-120.622626, 38.052308], [-120.622465, 38.052415], [-120.622326, 38.05254], [-120.622208, 38.05268], [-120.622114, 38.052831], [-120.621931, 38.053152], [-120.621767, 38.053415], [-120.621044, 38.054512], [-120.620941, 38.054653], [-120.620919, 38.054683], [-120.620705, 38.055009], [-120.620625, 38.055169], [-120.620556, 38.055338], [-120.620507, 38.055509], [-120.620398, 38.056016], [-120.620271, 38.056651], [-120.620209, 38.056996], [-120.62018, 38.057195], [-120.620132, 38.057526], [-120.620042, 38.058097], [-120.619991, 38.0584005], [-120.61993692, 38.05872347], [-120.61984492, 38.05930576], [-120.619721, 38.06009], [-120.619691, 38.060243], [-120.619642, 38.060382], [-120.619595, 38.060469], [-120.619543, 38.060549], [-120.61943, 38.060752], [-120.619374, 38.060873], [-120.619334, 38.060993], [-120.619308, 38.061109], [-120.619293, 38.061219], [-120.619291, 38.061283], [-120.619283, 38.06156], [-120.6192765, 38.0616745], [-120.61927, 38.061811], [-120.619273, 38.062009], [-120.619277, 38.0620635], [-120.619281, 38.062118], [-120.619297, 38.062227], [-120.619333, 38.062331], [-120.619369, 38.062435], [-120.619392, 38.062484], [-120.619415, 38.062533], [-120.619455, 38.062635], [-120.6194645, 38.062686], [-120.619474, 38.062737], [-120.619477, 38.062839], [-120.6194685, 38.0628895], [-120.61946, 38.06294], [-120.61941, 38.0631085], [-120.61936, 38.063277], [-120.6193235, 38.0633905], [-120.61929806, 38.06346959], [-120.619287, 38.063504], [-120.61925585, 38.06358531], [-120.619228, 38.063658], [-120.619169, 38.063812], [-120.6191415, 38.0638745], [-120.619114, 38.063937], [-120.6190715, 38.0640435], [-120.619029, 38.06415], [-120.6190192, 38.06419055], [-120.619, 38.06427], [-120.618981, 38.064394], [-120.618986, 38.064519], [-120.6189925, 38.064583], [-120.618999, 38.064647], [-120.619029, 38.064844], [-120.619061, 38.065051], [-120.619175, 38.0655465], [-120.619289, 38.066042], [-120.6193441, 38.0663016], [-120.6193465, 38.0663635], [-120.619349, 38.066428], [-120.619326, 38.066555], [-120.6193, 38.0666145], [-120.619274, 38.066674], [-120.619226, 38.066745], [-120.619199, 38.066784], [-120.619152, 38.0668345], [-120.619105, 38.066885], [-120.619046, 38.0669315], [-120.618987, 38.066978], [-120.61886, 38.067042], [-120.618713, 38.067099], [-120.6186345, 38.0671205], [-120.618556, 38.067142], [-120.6185065, 38.067154], [-120.618457, 38.067166], [-120.61833736, 38.06718517], [-120.618276, 38.067195], [-120.617191, 38.06731], [-120.616664, 38.067327], [-120.616274, 38.067355], [-120.616073, 38.067387], [-120.615972, 38.0674105], [-120.615871, 38.067434], [-120.61578912, 38.06745984], [-120.615665, 38.067499], [-120.615253, 38.067649], [-120.6143516, 38.06800316], [-120.6141715, 38.068074], [-120.613991, 38.068145], [-120.613891, 38.0681815], [-120.613791, 38.068218], [-120.613011, 38.068521], [-120.612838, 38.068578], [-120.6127385, 38.068602], [-120.612639, 38.068626], [-120.6125395, 38.0686405], [-120.61244, 38.068655], [-120.6122435, 38.068669], [-120.612047, 38.068683], [-120.611903, 38.0686865], [-120.611759, 38.06869], [-120.610249, 38.068706], [-120.610127, 38.0687025], [-120.610005, 38.068699], [-120.609882, 38.0686865], [-120.609759, 38.068674], [-120.60887679, 38.06853155], [-120.607994, 38.068389], [-120.607812, 38.068353], [-120.607631, 38.068306], [-120.607494, 38.068261], [-120.60735235, 38.06820643], [-120.607311, 38.0681905], [-120.607128, 38.06812], [-120.606916, 38.068048], [-120.605863, 38.067729], [-120.605041, 38.067454], [-120.604849, 38.067383], [-120.604659, 38.067305], [-120.604476, 38.067218], [-120.604117, 38.067036], [-120.60375, 38.066863], [-120.603561, 38.0667865], [-120.603372, 38.06671], [-120.603186, 38.0666455], [-120.603, 38.066581], [-120.602713, 38.066506], [-120.602441, 38.066456], [-120.602352, 38.066447], [-120.602263, 38.066438], [-120.602175, 38.0664375], [-120.602087, 38.066437], [-120.601999, 38.066448], [-120.601911, 38.066459], [-120.60157, 38.066549], [-120.601371, 38.066612], [-120.600611, 38.066898], [-120.6004215, 38.0669645], [-120.600232, 38.067031], [-120.6001415, 38.0670565], [-120.600051, 38.067082], [-120.599871, 38.067122], [-120.599692, 38.06714], [-120.599506, 38.067149], [-120.599319, 38.067148], [-120.598787, 38.067118], [-120.598321, 38.067083], [-120.598117, 38.067072], [-120.597975, 38.067073], [-120.5979095, 38.0670785], [-120.597844, 38.067084], [-120.59776, 38.0671005], [-120.597676, 38.067117], [-120.597595, 38.067138], [-120.597514, 38.067159], [-120.597204, 38.067276], [-120.597054, 38.067347], [-120.596909, 38.067424], [-120.5968385, 38.067466], [-120.596768, 38.067508], [-120.5966985, 38.0675545], [-120.596629, 38.067601], [-120.596563, 38.06765], [-120.596497, 38.067699], [-120.5963715, 38.0678035], [-120.596246, 38.067908], [-120.59616063, 38.06798313], [-120.596121, 38.068018], [-120.596058, 38.0680785], [-120.595995, 38.068139], [-120.5959375, 38.0682005], [-120.59588, 38.068262], [-120.595635, 38.0685], [-120.5955675, 38.068555], [-120.5955, 38.06861], [-120.595023, 38.068912], [-120.5949405, 38.06896], [-120.594858, 38.069008], [-120.594797, 38.0690475], [-120.59474303, 38.06908245], [-120.59473976, 38.06902687], [-120.5947988, 38.06508596], [-120.59482813, 38.06312779], [-120.59483071, 38.0629556], [-120.5948593, 38.06147926], [-120.5908099, 38.06150982], [-120.58643873, 38.06155021], [-120.58617118, 38.05849391], [-120.58616243, 38.05651343], [-120.57951087, 38.05182981], [-120.57701377, 38.05184796], [-120.57699405, 38.05142893], [-120.57697199, 38.04952351], [-120.57696129, 38.04819099], [-120.57223131, 38.04820903], [-120.56874645, 38.04823472], [-120.56750164, 38.04822826], [-120.56748684, 38.04742539], [-120.56747134, 38.04589317], [-120.56746916, 38.04549], [-120.56745777, 38.0445484], [-120.56237005, 38.04461659], [-120.56233475, 38.04103182], [-120.56233925, 38.0373268], [-120.56238635, 38.03542647], [-120.561467, 38.03538642], [-120.56144244, 38.03441695], [-120.56018755, 38.03444133], [-120.56020245, 38.03359464], [-120.55804863, 38.03359684], [-120.55763849, 38.03360304], [-120.557226, 38.033034], [-120.5563, 38.032233], [-120.555838, 38.031478], [-120.555954, 38.030906], [-120.556129, 38.030631], [-120.557981, 38.029786], [-120.558011, 38.028345], [-120.557519, 38.028093], [-120.55642, 38.027978], [-120.555813, 38.027726], [-120.555495, 38.027382], [-120.555409, 38.027062], [-120.55547851, 38.02631201], [-120.555585, 38.025163], [-120.555441, 38.024843], [-120.55518, 38.024568], [-120.5533, 38.02404], [-120.552781, 38.023583], [-120.552664, 38.023308], [-120.553012, 38.022118], [-120.552435, 38.021249], [-120.551221, 38.020219], [-120.55099, 38.019806], [-120.55079311, 38.01924549], [-120.550154, 38.017426], [-120.550212, 38.016786], [-120.550445, 38.016512], [-120.550561, 38.016008], [-120.550098, 38.015299], [-120.549838, 38.015207], [-120.549173, 38.015206], [-120.548162, 38.015503], [-120.547698, 38.015137], [-120.547411, 38.014267], [-120.547352, 38.01397], [-120.547324, 38.013375], [-120.547903, 38.012803], [-120.548656, 38.012415], [-120.549407, 38.012484], [-120.549638, 38.012347], [-120.55015977, 38.01170707], [-120.54861398, 38.01189079], [-120.548745, 38.010607], [-120.54872717, 38.01029446], [-120.548715, 38.010081], [-120.54886323, 38.00837574], [-120.54863712, 38.00473447], [-120.55235541, 38.00466242], [-120.552742, 38.004066], [-120.552917, 38.003243], [-120.552903, 38.003057], [-120.552813, 38.001872], [-120.552801, 38.00178], [-120.552718, 38.001481], [-120.552687, 38.001447], [-120.5524, 38.001137], [-120.552024, 38.001137], [-120.551678, 38.000931], [-120.551447, 38.000199], [-120.551274, 37.999939], [-120.551742, 37.99994], [-120.553414, 37.999939], [-120.553558, 38.000498], [-120.55376, 38.000749], [-120.5548863, 38.00081882], [-120.55572014, 38.00078737], [-120.55566999, 37.99709218], [-120.55309833, 37.99713479], [-120.55304191, 37.99345218], [-120.55764852, 37.99340467], [-120.55759708, 37.98973095], [-120.5622104, 37.98969288], [-120.56213621, 37.98603633], [-120.56206376, 37.98237841], [-120.56552674, 37.98234298], [-120.5655901, 37.9821907], [-120.56557778, 37.9819888], [-120.56556541, 37.98176282], [-120.56539375, 37.98119366], [-120.56498433, 37.98039685], [-120.564731, 37.97977923], [-120.56459816, 37.9794302], [-120.56463766, 37.97913224], [-120.5645692, 37.97848123], [-120.56463, 37.97833559], [-120.56494589, 37.97817757], [-120.56513441, 37.97808439], [-120.56545044, 37.97796272], [-120.56563893, 37.97787757], [-120.56589903, 37.97787327], [-120.56603168, 37.97789333], [-120.56620999, 37.97782842], [-120.56646497, 37.9778038], [-120.56685784, 37.97786806], [-120.56716864, 37.97777061], [-120.5674439, 37.97776622], [-120.56782103, 37.97768889], [-120.56816239, 37.97761968], [-120.56855461, 37.97750194], [-120.56891652, 37.97748522], [-120.56914583, 37.97746468], [-120.56969872, 37.97732078], [-120.57065742, 37.97699021], [-120.5712186, 37.97692687], [-120.57132034, 37.97694131], [-120.57136665, 37.97505908], [-120.58059156, 37.9749582], [-120.58825318, 37.97476221], [-120.58767026, 37.97841168], [-120.587606, 37.978814], [-120.587347, 37.980437], [-120.58763534, 37.98044229], [-120.594375, 37.980566], [-120.594048, 37.98267], [-120.59617373, 37.98284145], [-120.5963712, 37.97468095], [-120.60570156, 37.9746819], [-120.60669, 37.974682], [-120.61426297, 37.97456796], [-120.61429578, 37.97818673], [-120.62342956, 37.97814318], [-120.62978383, 37.97810957], [-120.63255932, 37.97809478], [-120.63405886, 37.97811244], [-120.63495937, 37.97813549], [-120.63501168, 37.97813683], [-120.63641527, 37.97815182], [-120.63690151, 37.97816661], [-120.63697384, 37.97812366], [-120.63697671, 37.97819429], [-120.63697783, 37.97823597], [-120.6369654, 37.97937965], [-120.63696587, 37.9794828], [-120.63696149, 37.98021143], [-120.63694969, 37.98145384], [-120.63694569, 37.98187535], [-120.6370505, 37.98530913], [-120.6406927, 37.98529299], [-120.64164147, 37.98528858], [-120.64169486, 37.98648586], [-120.64179826, 37.98887868], [-120.64754218, 37.98882377], [-120.64809885, 37.98881818], [-120.64824545, 37.98881761], [-120.648455, 37.988803], [-120.648593, 37.989049], [-120.6486259, 37.9891113], [-120.648724, 37.989297], [-120.64881, 37.989471], [-120.648847, 37.989547], [-120.64896, 37.989797], [-120.649063, 37.990047], [-120.649431, 37.991046], [-120.650227, 37.993283], [-120.650391, 37.993783], [-120.650464, 37.994035], [-120.650597, 37.994542], [-120.650654, 37.994796], [-120.650702, 37.995052], [-120.650858, 37.996079], [-120.651062, 37.997359], [-120.651177, 37.998128], [-120.651206, 37.998385], [-120.651223, 37.998643], [-120.651224, 37.998901], [-120.651212, 37.99916], [-120.651183, 37.999418], [-120.651135, 37.999673], [-120.65107, 37.999927], [-120.650988, 38.000178], [-120.650891, 38.000425], [-120.650776, 38.000668], [-120.650642, 38.000905], [-120.650495, 38.001136], [-120.650333, 38.001361], [-120.650156, 38.001579], [-120.649965, 38.00179], [-120.649761, 38.001994], [-120.649546, 38.002189], [-120.649316, 38.002373], [-120.649072, 38.002547], [-120.648818, 38.00271], [-120.648553, 38.002869], [-120.648181, 38.00308], [-120.646303, 38.004148], [-120.646133, 38.004245], [-120.645943, 38.004361], [-120.645885, 38.004396], [-120.64565, 38.004552], [-120.645427, 38.004715], [-120.645219, 38.004884], [-120.645024, 38.005061], [-120.644842, 38.005245], [-120.644673, 38.005435], [-120.644516, 38.005629], [-120.644373, 38.005826], [-120.644242, 38.006027], [-120.644123, 38.006233], [-120.644018, 38.006442], [-120.643927, 38.006655], [-120.64385, 38.006869], [-120.643784, 38.007086], [-120.643731, 38.007305], [-120.643693, 38.007527], [-120.643668, 38.00775], [-120.643656, 38.007969], [-120.643657, 38.00819], [-120.643671, 38.008408], [-120.643698, 38.008623], [-120.643738, 38.008833], [-120.643788, 38.009037], [-120.6445, 38.011433], [-120.6447154, 38.012147], [-120.6447664, 38.012333], [-120.6447905, 38.012502], [-120.644799, 38.012699], [-120.644798, 38.012874], [-120.644784, 38.013048], [-120.644612, 38.014167], [-120.6444767, 38.0148879], [-120.644415, 38.0151372], [-120.6443211, 38.0153844], [-120.6442715, 38.0154868], [-120.6442299, 38.0155725], [-120.6441414, 38.0157268], [-120.6440583, 38.0158515], [-120.6439165, 38.0160362], [-120.64373, 38.0162628], [-120.6435165, 38.0165192], [-120.6433126, 38.0167453], [-120.64314933, 38.01693057], [-120.6431115, 38.0169735], [-120.6429935, 38.0171468], [-120.6429023, 38.0172989], [-120.6428272, 38.0174363], [-120.6427521, 38.0175906], [-120.6426984, 38.017711], [-120.6426346, 38.0178961], [-120.6425884, 38.0181231], [-120.6425563, 38.0183323], [-120.6425616, 38.01859], [-120.6425858, 38.0188478], [-120.6426367, 38.0191247], [-120.6427494, 38.0194416], [-120.6428915, 38.0197586], [-120.643846, 38.021979], [-120.644105, 38.02259], [-120.644203, 38.022798], [-120.644527, 38.02342], [-120.644629, 38.023631], [-120.644722, 38.023842], [-120.644976, 38.024467], [-120.645205, 38.025088], [-120.645291, 38.0253], [-120.645391, 38.025514], [-120.645956, 38.026612], [-120.646291, 38.027274], [-120.646833, 38.02831], [-120.64714, 38.028886], [-120.647317, 38.02926], [-120.647537, 38.029828], [-120.647664, 38.03021], [-120.647718, 38.030401], [-120.647806, 38.030788], [-120.647947, 38.031355], [-120.648007, 38.031543], [-120.648078, 38.03173], [-120.64816, 38.031916], [-120.648263, 38.032104], [-120.648357, 38.032277], [-120.648681, 38.0328], [-120.648964, 38.033296], [-120.649061, 38.033451], [-120.649166, 38.0336], [-120.649283, 38.033742], [-120.649649, 38.034132], [-120.649754, 38.03426], [-120.649831, 38.034398], [-120.649876, 38.034538], [-120.649896, 38.034675], [-120.649892, 38.034808], [-120.649873, 38.034939], [-120.649843, 38.035067], [-120.649827, 38.035115], [-120.64976, 38.035323], [-120.649653, 38.035589]]]}, "properties": {"zone_id": "CCU-153", "zone_status": "Evacuation Warning", "zone_status_reason": "CCU-153 is under evacuation warning due to Gann Fire. ", "county_name": "Calaveras", "community": null, "acreage": 16880, "last_updated": 1785898593000, "url": "https://protect.genasys.com/zones/US-CA-XCA-CCU-153", "known_as": "", "data_source_name": "Zonehaven"}}, {"type": "Feature", "geometry": {"type": "Polygon", "coordinates": [[[-120.66697563, 38.18955276], [-120.66688395, 38.18950196], [-120.6667763, 38.189451], [-120.666516, 38.189352], [-120.6663383, 38.1892965], [-120.666268, 38.189277], [-120.666141, 38.189249], [-120.666012, 38.189227], [-120.665751, 38.189199], [-120.665208, 38.189166], [-120.664565, 38.189118], [-120.664326, 38.189097], [-120.664058, 38.189064], [-120.663895, 38.189035], [-120.66374, 38.18899], [-120.663588, 38.188939], [-120.663308, 38.188825], [-120.663169, 38.188758], [-120.662888, 38.188636], [-120.66265, 38.188557], [-120.662426, 38.188508], [-120.662266, 38.188481], [-120.662075, 38.188458], [-120.661938, 38.188446], [-120.661605, 38.188425], [-120.66127, 38.188422], [-120.661105, 38.188428], [-120.660943, 38.188442], [-120.66078, 38.188467], [-120.660457, 38.188532], [-120.660199, 38.188595], [-120.659153, 38.188856], [-120.658837, 38.188938], [-120.658681, 38.188987], [-120.658528, 38.189046], [-120.65838, 38.18911], [-120.658237, 38.189183], [-120.6581, 38.18926], [-120.657708, 38.189512], [-120.65757, 38.189581], [-120.657429, 38.189635], [-120.657279, 38.189676], [-120.657133, 38.189684], [-120.656983, 38.189686], [-120.656835, 38.189669], [-120.656689, 38.189646], [-120.656552, 38.189602], [-120.656144, 38.189449], [-120.655994, 38.189381], [-120.655865, 38.189335], [-120.655731, 38.189277], [-120.655581, 38.189222], [-120.655302, 38.189131], [-120.655149, 38.189093], [-120.654094, 38.188952], [-120.652284, 38.188722], [-120.651978, 38.188692], [-120.651822, 38.188684], [-120.651608, 38.188684], [-120.651502, 38.188689], [-120.65134, 38.188707], [-120.65118, 38.188736], [-120.651021, 38.188772], [-120.650863, 38.188816], [-120.650707, 38.188868], [-120.650556, 38.188932], [-120.65041, 38.189008], [-120.650267, 38.189091], [-120.649984, 38.18927], [-120.64969, 38.189442], [-120.649533, 38.189523], [-120.649372, 38.189596], [-120.649203, 38.18966], [-120.648518, 38.189873], [-120.648344, 38.189935], [-120.648009, 38.190069], [-120.647845, 38.190149], [-120.647684, 38.190234], [-120.647518, 38.19033], [-120.647368, 38.190426], [-120.647073, 38.190633], [-120.646938, 38.190719], [-120.646786, 38.190809], [-120.646633, 38.190881], [-120.646466, 38.190945], [-120.646291, 38.190993], [-120.64611, 38.191018], [-120.645932, 38.191019], [-120.645753, 38.190999], [-120.6456, 38.190956], [-120.645443, 38.190897], [-120.644982, 38.190671], [-120.644678, 38.19051], [-120.644511, 38.190434], [-120.64436, 38.190357], [-120.644205, 38.190288], [-120.644044, 38.190227], [-120.64388, 38.190177], [-120.643718, 38.190142], [-120.64355, 38.19012], [-120.643375, 38.190112], [-120.643186, 38.190116], [-120.643019, 38.190131], [-120.642661, 38.190182], [-120.642483, 38.190203], [-120.642295, 38.190234], [-120.641907, 38.190287], [-120.641174, 38.190381], [-120.640791, 38.19045], [-120.640613, 38.190495], [-120.640441, 38.190552], [-120.640279, 38.190624], [-120.640126, 38.190709], [-120.639834, 38.190892], [-120.639498, 38.191062], [-120.639317, 38.191127], [-120.639132, 38.19117], [-120.638945, 38.191191], [-120.638751, 38.191205], [-120.638365, 38.191208], [-120.638168, 38.191201], [-120.63778, 38.191198], [-120.637205, 38.191182], [-120.637005, 38.191168], [-120.636825, 38.191145], [-120.636636, 38.191115], [-120.63645, 38.191076], [-120.636249, 38.191024], [-120.636083, 38.190974], [-120.635723, 38.190848], [-120.635011, 38.190576], [-120.634835, 38.190513], [-120.63446, 38.19042], [-120.634263, 38.190384], [-120.634059, 38.190356], [-120.633639, 38.190319], [-120.633014, 38.190294], [-120.632806, 38.190274], [-120.632604, 38.190242], [-120.632415, 38.190189], [-120.632242, 38.190116], [-120.631929, 38.189964], [-120.631771, 38.189904], [-120.631603, 38.189847], [-120.631432, 38.189815], [-120.631255, 38.1898], [-120.631091, 38.189799], [-120.63092, 38.18982], [-120.630756, 38.189854], [-120.630596, 38.189896], [-120.630276, 38.189997], [-120.630114, 38.190062], [-120.62999782, 38.18458317], [-120.63002457, 38.18103589], [-120.63005136, 38.17748863], [-120.63007978, 38.17388189], [-120.63001337, 38.17388167], [-120.62626017, 38.17384319], [-120.62086461, 38.17372871], [-120.61626574, 38.17365303], [-120.61630872, 38.17002884], [-120.61424941, 38.16998417], [-120.61389633, 38.16997765], [-120.61172051, 38.1699461], [-120.61177587, 38.1663164], [-120.61179015, 38.16543283], [-120.61175492, 38.16396371], [-120.61182949, 38.16268602], [-120.61132193, 38.16268348], [-120.60724011, 38.16267794], [-120.60653406, 38.16267858], [-120.60328201, 38.16266844], [-120.60103169, 38.16265941], [-120.59927696, 38.16266362], [-120.59708054, 38.16266824], [-120.59475367, 38.16265984], [-120.59347546, 38.16265331], [-120.59346987, 38.15958926], [-120.59346973, 38.1595111], [-120.59346189, 38.15789109], [-120.5934603, 38.15756138], [-120.59346285, 38.15546061], [-120.59346076, 38.15518738], [-120.59345891, 38.15509675], [-120.59345456, 38.15296056], [-120.59345828, 38.15186459], [-120.5934664, 38.15004458], [-120.59463138, 38.1500526], [-120.59579638, 38.15007362], [-120.59778653, 38.15013153], [-120.59793012, 38.15013571], [-120.59804468, 38.15013904], [-120.59804513, 38.15007793], [-120.59805057, 38.14933924], [-120.59807179, 38.14830185], [-120.60473896, 38.14834986], [-120.606647, 38.14836361], [-120.60962221, 38.14838503], [-120.6119361, 38.14834023], [-120.61201618, 38.14479087], [-120.6073618, 38.14475334], [-120.60736342, 38.13751458], [-120.60274601, 38.13747409], [-120.60277398, 38.13384782], [-120.60283152, 38.13023662], [-120.60742584, 38.13027507], [-120.61053747, 38.13030583], [-120.61200805, 38.13029482], [-120.61213466, 38.12667737], [-120.61675643, 38.12660216], [-120.61706654, 38.11938297], [-120.61725772, 38.11938484], [-120.61799289, 38.11937175], [-120.61830573, 38.11936869], [-120.61878542, 38.11936271], [-120.6207372, 38.11934073], [-120.62083488, 38.11933837], [-120.6212205, 38.1196835], [-120.621649, 38.120067], [-120.6217415, 38.120144], [-120.621834, 38.120221], [-120.621919, 38.1202985], [-120.622004, 38.120376], [-120.622095, 38.1204535], [-120.622186, 38.120531], [-120.6222775, 38.1206055], [-120.622369, 38.12068], [-120.622464, 38.1207525], [-120.622559, 38.120825], [-120.6226565, 38.1208945], [-120.622754, 38.120964], [-120.622853, 38.1210315], [-120.622952, 38.121099], [-120.6229842, 38.12111921], [-120.6231695, 38.121236], [-120.623371, 38.121363], [-120.62393049, 38.121697], [-120.62449, 38.122031], [-120.62499756, 38.12233105], [-120.6255051, 38.1226311], [-120.62554305, 38.12265355], [-120.625581, 38.122676], [-120.6258465, 38.1228335], [-120.626112, 38.122991], [-120.626227, 38.123062], [-120.626342, 38.123133], [-120.626938, 38.1234825], [-120.627534, 38.123832], [-120.6278027, 38.12398805], [-120.6280714, 38.1241441], [-120.6283315, 38.1243006], [-120.6285916, 38.1244571], [-120.62878699, 38.12458542], [-120.62887782, 38.12464507], [-120.62892972, 38.12467915], [-120.6290414, 38.1247525], [-120.6293631, 38.1250093], [-120.62955705, 38.12517665], [-120.629751, 38.125344], [-120.629848, 38.125433], [-120.629945, 38.125522], [-120.6300365, 38.125614], [-120.630128, 38.125706], [-120.630215, 38.1257995], [-120.630302, 38.125893], [-120.630385, 38.12599], [-120.630468, 38.126087], [-120.6305475, 38.1261865], [-120.630627, 38.126286], [-120.63078568, 38.1264986], [-120.63081036, 38.12653167], [-120.63083634, 38.12656648], [-120.6308805, 38.12662565], [-120.6309345, 38.126698], [-120.631242, 38.12711], [-120.631317, 38.127216], [-120.631392, 38.127322], [-120.6316305, 38.12764], [-120.631869, 38.127958], [-120.632097, 38.128271], [-120.632325, 38.128584], [-120.6324015, 38.1286825], [-120.632478, 38.128781], [-120.632557, 38.1288755], [-120.632636, 38.12897], [-120.63272, 38.1290585], [-120.63278158, 38.12912338], [-120.632804, 38.129147], [-120.632892, 38.129229], [-120.63298, 38.129311], [-120.6332495, 38.1295405], [-120.633519, 38.12977], [-120.633605, 38.129846], [-120.633691, 38.129922], [-120.6337735, 38.1299995], [-120.633856, 38.130077], [-120.6339335, 38.1301565], [-120.634011, 38.130236], [-120.6340835, 38.1303175], [-120.634156, 38.130399], [-120.6342215, 38.130483], [-120.634287, 38.130567], [-120.6343455, 38.130653], [-120.634404, 38.130739], [-120.634455, 38.130827], [-120.634506, 38.130915], [-120.6345525, 38.131007], [-120.634599, 38.131099], [-120.634612, 38.131128], [-120.634625, 38.131157], [-120.634654, 38.1312235], [-120.634683, 38.13129], [-120.63472, 38.13138851], [-120.634757, 38.131487], [-120.6347865, 38.131589], [-120.634816, 38.131691], [-120.6348365, 38.1317945], [-120.63485917, 38.13191202], [-120.63486463, 38.13194724], [-120.634958, 38.13255], [-120.63509338, 38.13350817], [-120.63528, 38.134829], [-120.635304, 38.135036], [-120.635328, 38.135243], [-120.6353365, 38.1353465], [-120.635345, 38.13545], [-120.6353455, 38.135554], [-120.635346, 38.135658], [-120.635337, 38.1357615], [-120.635328, 38.135865], [-120.6353095, 38.135968], [-120.635291, 38.136071], [-120.635263, 38.136173], [-120.635235, 38.136275], [-120.635197, 38.136375], [-120.635159, 38.136475], [-120.6350715, 38.136671], [-120.634984, 38.136867], [-120.634904, 38.1370635], [-120.634824, 38.13726], [-120.6347935, 38.1373585], [-120.634763, 38.137457], [-120.634742, 38.137556], [-120.634721, 38.137655], [-120.6347085, 38.1377555], [-120.634696, 38.137856], [-120.6346915, 38.137957], [-120.634687, 38.138058], [-120.6346935, 38.1381585], [-120.6347, 38.138259], [-120.6347165, 38.1383585], [-120.634733, 38.138458], [-120.634759, 38.1385565], [-120.634785, 38.138655], [-120.634816, 38.138753], [-120.634847, 38.138851], [-120.6349455, 38.1391305], [-120.635044, 38.13941], [-120.6351, 38.139595], [-120.635156, 38.13978], [-120.635189, 38.1398805], [-120.635222, 38.139981], [-120.635411, 38.1404995], [-120.6356, 38.141018], [-120.635837, 38.141651], [-120.636074, 38.142284], [-120.6361145, 38.1423855], [-120.636155, 38.142487], [-120.6362, 38.142585], [-120.636245, 38.142683], [-120.6362975, 38.1427785], [-120.63635, 38.142874], [-120.63641, 38.1429665], [-120.63647, 38.143059], [-120.6366085, 38.1432405], [-120.636747, 38.143422], [-120.63765451, 38.14452002], [-120.638562, 38.145618], [-120.638808, 38.145908], [-120.63907558, 38.14621797], [-120.639212, 38.146376], [-120.639379, 38.146563], [-120.639546, 38.14675], [-120.639622, 38.146845], [-120.639698, 38.14694], [-120.6397675, 38.147033], [-120.639837, 38.147126], [-120.6399015, 38.1472175], [-120.639966, 38.147309], [-120.640025, 38.1474], [-120.640084, 38.147491], [-120.640297, 38.14786], [-120.6403865, 38.148029], [-120.640476, 38.148198], [-120.640568, 38.148384], [-120.64066, 38.14857], [-120.6407415, 38.1487625], [-120.640823, 38.148955], [-120.641064, 38.1494445], [-120.641305, 38.149934], [-120.6413695, 38.150065], [-120.641434, 38.150196], [-120.6414755, 38.150287], [-120.641517, 38.150378], [-120.641661, 38.150659], [-120.641805, 38.15094], [-120.641844, 38.151027], [-120.641893, 38.151137], [-120.641931, 38.151238], [-120.641969, 38.151339], [-120.6419885, 38.151406], [-120.642008, 38.151473], [-120.642019, 38.1515105], [-120.64203, 38.151548], [-120.642052, 38.1516555], [-120.642074, 38.151763], [-120.642087, 38.1518565], [-120.6420999, 38.15194931], [-120.64212285, 38.15211407], [-120.642133, 38.152187], [-120.642166, 38.152424], [-120.6421735, 38.152469], [-120.642181, 38.152514], [-120.6421915, 38.1525785], [-120.642202, 38.152643], [-120.642222, 38.15274], [-120.64224102, 38.15283225], [-120.64225307, 38.15287598], [-120.642278, 38.1529665], [-120.642309, 38.153073], [-120.6423485, 38.1531775], [-120.642388, 38.153282], [-120.642767, 38.1541675], [-120.643146, 38.155053], [-120.6431885, 38.155146], [-120.643231, 38.155239], [-120.6432775, 38.155329], [-120.643324, 38.155419], [-120.643378, 38.1555045], [-120.643432, 38.15559], [-120.643494, 38.1556715], [-120.643556, 38.155753], [-120.643625, 38.1558305], [-120.643694, 38.155908], [-120.6437285, 38.155943], [-120.643839, 38.156055], [-120.643917, 38.1561245], [-120.643995, 38.156194], [-120.644077, 38.1562605], [-120.644159, 38.156327], [-120.6446466, 38.1566806], [-120.644865, 38.156839], [-120.644923, 38.1568845], [-120.64498095, 38.15692996], [-120.6450925, 38.1570175], [-120.645204, 38.157105], [-120.6452825, 38.157172], [-120.645361, 38.157239], [-120.645502, 38.1573725], [-120.645643, 38.157506], [-120.645709, 38.1575745], [-120.645775, 38.157643], [-120.6458975, 38.1577845], [-120.64602, 38.157926], [-120.64608, 38.158], [-120.64614, 38.158074], [-120.646317, 38.158329], [-120.64633533, 38.15835793], [-120.64635546, 38.1583897], [-120.64641238, 38.15847953], [-120.64662927, 38.15882185], [-120.64694298, 38.15931697], [-120.64699, 38.159391], [-120.647037, 38.159465], [-120.6471, 38.159561], [-120.647163, 38.159657], [-120.647183, 38.1596875], [-120.647203, 38.159718], [-120.647239, 38.159773], [-120.647275, 38.159828], [-120.647402, 38.160004], [-120.647529, 38.16018], [-120.6475955, 38.1602675], [-120.647662, 38.160355], [-120.647732, 38.1604425], [-120.647802, 38.16053], [-120.647832, 38.160565], [-120.648112, 38.160897], [-120.648392, 38.161229], [-120.6484505, 38.161296], [-120.648509, 38.161363], [-120.64864295, 38.1615218], [-120.648789, 38.161695], [-120.6489371, 38.16186354], [-120.6490853, 38.1620322], [-120.6491565, 38.1621132], [-120.64921105, 38.16217355], [-120.6492656, 38.1622339], [-120.6494014, 38.16240165], [-120.6495372, 38.1625694], [-120.6496416, 38.1627112], [-120.649746, 38.162853], [-120.649901, 38.163063], [-120.65005597, 38.16327296], [-120.6503645, 38.1636905], [-120.650673, 38.164108], [-120.650736, 38.164197], [-120.650799, 38.164286], [-120.6508595, 38.1643775], [-120.65092, 38.164469], [-120.6509765, 38.1645635], [-120.651033, 38.164658], [-120.651085, 38.164756], [-120.651137, 38.164854], [-120.6513825, 38.1653705], [-120.651628, 38.165887], [-120.65168, 38.16599], [-120.651732, 38.166093], [-120.651841, 38.1662925], [-120.65195, 38.166492], [-120.6520775, 38.166685], [-120.652205, 38.166878], [-120.6522745, 38.1669715], [-120.652344, 38.167065], [-120.6524185, 38.1671575], [-120.652493, 38.16725], [-120.652571, 38.16734], [-120.652649, 38.16743], [-120.652767, 38.1675535], [-120.652885, 38.167677], [-120.652934, 38.167728], [-120.652983, 38.167779], [-120.6532425, 38.1680355], [-120.653502, 38.168292], [-120.65418365, 38.16894845], [-120.6548653, 38.1696049], [-120.65687265, 38.17153798], [-120.65888, 38.173471], [-120.65936, 38.1739245], [-120.65984, 38.174378], [-120.6599225, 38.1744485], [-120.660005, 38.174519], [-120.6600945, 38.174586], [-120.660184, 38.174653], [-120.6602785, 38.1747175], [-120.660373, 38.174782], [-120.66057, 38.1749085], [-120.660767, 38.175035], [-120.661021, 38.175193], [-120.661275, 38.175351], [-120.66138295, 38.175418], [-120.6614909, 38.175485], [-120.66154398, 38.17551802], [-120.6622, 38.175932], [-120.6624945, 38.176127], [-120.662789, 38.176322], [-120.66304, 38.176506], [-120.663156, 38.176597], [-120.6632395, 38.1766705], [-120.663323, 38.176744], [-120.6634045, 38.1768195], [-120.663486, 38.176895], [-120.66395897, 38.17736485], [-120.664244, 38.177648], [-120.665845, 38.179231], [-120.665949, 38.17934], [-120.666342, 38.179754], [-120.6664865, 38.1799055], [-120.666631, 38.180057], [-120.66744379, 38.18086238], [-120.66824412, 38.18165542], [-120.66840559, 38.18181539], [-120.66843114, 38.1818407], [-120.66845267, 38.18186203], [-120.668707, 38.182114], [-120.66896495, 38.18236888], [-120.6693711, 38.1827702], [-120.66973708, 38.18313185], [-120.669887, 38.18328], [-120.67064548, 38.18402948], [-120.671404, 38.184779], [-120.67161929, 38.18499382], [-120.671863, 38.185237], [-120.672221, 38.185581], [-120.672385, 38.185737], [-120.672549, 38.185893], [-120.6726296, 38.1859736], [-120.672667, 38.186011], [-120.673529, 38.186864], [-120.67366453, 38.18700724], [-120.67360754, 38.18703943], [-120.67338165, 38.18701747], [-120.67310925, 38.18696712], [-120.67289465, 38.18692547], [-120.67266671, 38.18688643], [-120.67246263, 38.18684916], [-120.67223032, 38.18680595], [-120.67202376, 38.18676193], [-120.67177295, 38.18672173], [-120.67152592, 38.1866742], [-120.67127666, 38.18662541], [-120.67108348, 38.18658933], [-120.67102316, 38.18657945], [-120.67076754, 38.18653256], [-120.67050418, 38.18648335], [-120.67028276, 38.18643816], [-120.67003903, 38.18638889], [-120.66979934, 38.18634022], [-120.66954517, 38.18628954], [-120.66894412, 38.18617605], [-120.66892388, 38.18669421], [-120.66890977, 38.18688355], [-120.66889189, 38.18709771], [-120.66888635, 38.18717101], [-120.6688758, 38.18730298], [-120.66886038, 38.18759213], [-120.66884826, 38.18788714], [-120.66883089, 38.18844588], [-120.66879117, 38.18872723], [-120.66907893, 38.18870178], [-120.66905524, 38.18876222], [-120.66859992, 38.1892033], [-120.66809101, 38.18904677], [-120.66786614, 38.18920048], [-120.66708785, 38.18950818], [-120.66697563, 38.18955276]]]}, "properties": {"zone_id": "CCU-111", "zone_status": "Evacuation Warning", "zone_status_reason": "CCU-153 is under evacuation warning due to Gann Fire. ", "county_name": "Calaveras", "community": null, "acreage": 5867, "last_updated": 1785898593000, "url": "https://protect.genasys.com/zones/US-CA-XCA-CCU-111", "known_as": null, "data_source_name": "Zonehaven"}}, {"type": "Feature", "geometry": {"type": "Polygon", "coordinates": [[[-120.65004881, 38.03505615], [-120.650122, 38.035042], [-120.650208, 38.035038], [-120.650296, 38.035044], [-120.650428, 38.035069], [-120.650737, 38.035148], [-120.650856, 38.035166], [-120.650934, 38.035164], [-120.65101, 38.035145], [-120.65108, 38.035103], [-120.651138, 38.035049], [-120.65121, 38.03494], [-120.651487, 38.034444], [-120.651744, 38.034063], [-120.651946, 38.033797], [-120.652041, 38.033686], [-120.652092, 38.033633], [-120.652149, 38.033582], [-120.652215, 38.033535], [-120.65229, 38.033494], [-120.652373, 38.033461], [-120.652462, 38.033434], [-120.652644, 38.033394], [-120.652732, 38.03337], [-120.652818, 38.033341], [-120.652901, 38.033303], [-120.652976, 38.033258], [-120.653624, 38.032782], [-120.653924, 38.032569], [-120.654184, 38.032407], [-120.654355, 38.032321], [-120.654406, 38.032301], [-120.654752, 38.032308], [-120.654905, 38.032352], [-120.654981, 38.032381], [-120.655056, 38.032415], [-120.655129, 38.032455], [-120.655267, 38.032547], [-120.655614, 38.032763], [-120.655753, 38.032854], [-120.655889, 38.032962], [-120.65602, 38.033091], [-120.65615, 38.033233], [-120.656468, 38.033611], [-120.656714, 38.033896], [-120.657, 38.034252], [-120.657193, 38.034503], [-120.657679, 38.035061], [-120.657956, 38.035348], [-120.658252, 38.03564], [-120.659207, 38.036594], [-120.659536, 38.036933], [-120.659654, 38.037045], [-120.659902, 38.037257], [-120.660589, 38.037769], [-120.661918, 38.038744], [-120.662433, 38.039131], [-120.663207, 38.039709], [-120.663747, 38.040108], [-120.663842, 38.040189], [-120.663934, 38.040279], [-120.664023, 38.040379], [-120.66411, 38.040486], [-120.664366, 38.04083], [-120.664712, 38.041315], [-120.664896, 38.04155], [-120.664995, 38.041668], [-120.665102, 38.041781], [-120.665217, 38.041886], [-120.665446, 38.042106], [-120.665562, 38.042211], [-120.665798, 38.042393], [-120.665906, 38.042486], [-120.666008, 38.042585], [-120.666204, 38.0428], [-120.666301, 38.042914], [-120.666393, 38.043033], [-120.666477, 38.043156], [-120.666692, 38.043505], [-120.666858, 38.043869], [-120.666928, 38.043984], [-120.667011, 38.044092], [-120.667202, 38.044314], [-120.6674, 38.044534], [-120.667502, 38.044641], [-120.667593, 38.044759], [-120.667669, 38.044883], [-120.667801, 38.045149], [-120.667863, 38.045286], [-120.668085, 38.045848], [-120.668199, 38.046118], [-120.668263, 38.046251], [-120.668411, 38.046519], [-120.668602, 38.046788], [-120.66851091, 38.05191922], [-120.66847744, 38.05380484], [-120.66846917, 38.05502713], [-120.6684242, 38.06167754], [-120.66840046, 38.06253243], [-120.66837107, 38.06359096], [-120.66814356, 38.06885144], [-120.66833053, 38.06913466], [-120.67249933, 38.07617623], [-120.67751947, 38.0762333], [-120.67931733, 38.07625186], [-120.68097971, 38.07626923], [-120.68360443, 38.07629949], [-120.68608846, 38.07632923], [-120.68615619, 38.07632501], [-120.68614626, 38.07841862], [-120.68613804, 38.08015181], [-120.6861399, 38.08349191], [-120.69069641, 38.08333691], [-120.69071793, 38.08427128], [-120.69075558, 38.08563675], [-120.69072318, 38.08721859], [-120.69075789, 38.08720411], [-120.69374227, 38.08709901], [-120.69645391, 38.08700458], [-120.69903531, 38.0869316], [-120.69991431, 38.08690677], [-120.69991596, 38.08775989], [-120.69993449, 38.08943364], [-120.69992364, 38.09035181], [-120.69992587, 38.0905358], [-120.69991662, 38.09117583], [-120.69987565, 38.0927269], [-120.69988843, 38.09531623], [-120.69987705, 38.09578674], [-120.69984155, 38.09725577], [-120.69981864, 38.09784258], [-120.70278203, 38.09767185], [-120.70336107, 38.09764622], [-120.7044421, 38.0975978], [-120.70444013, 38.0978033], [-120.70444329, 38.10004758], [-120.70444929, 38.10281802], [-120.70442258, 38.10460398], [-120.709169, 38.10465776], [-120.70914892, 38.10607124], [-120.70907916, 38.10776386], [-120.70906222, 38.10817494], [-120.70909229, 38.11081599], [-120.70912032, 38.11212497], [-120.70726566, 38.11209189], [-120.70449546, 38.11205663], [-120.70456985, 38.13032563], [-120.70457149, 38.13389886], [-120.70457046, 38.13397565], [-120.68831661, 38.13404619], [-120.68593679, 38.13405752], [-120.68595063, 38.13263913], [-120.68594736, 38.13066399], [-120.68594541, 38.1305665], [-120.68593357, 38.12726192], [-120.68966807, 38.12723133], [-120.69057972, 38.12722646], [-120.69063038, 38.124485], [-120.69063477, 38.12381713], [-120.69063549, 38.12370567], [-120.69063973, 38.12305961], [-120.69066039, 38.119913], [-120.69051569, 38.11991864], [-120.68996998, 38.11993188], [-120.68836242, 38.12000174], [-120.68629067, 38.12016824], [-120.68466111, 38.12006085], [-120.6839739, 38.12001554], [-120.68172002, 38.11991262], [-120.68169707, 38.11930162], [-120.6816529, 38.11776882], [-120.68160009, 38.11591375], [-120.68157686, 38.11504774], [-120.68137491, 38.11482196], [-120.68107096, 38.11448391], [-120.67724907, 38.11065713], [-120.67646497, 38.10920804], [-120.67213565, 38.10915953], [-120.66750223, 38.1109069], [-120.66550788, 38.11173944], [-120.66432449, 38.11208181], [-120.66054028, 38.1122847], [-120.65767471, 38.11246632], [-120.6575926, 38.11247169], [-120.657423, 38.111933], [-120.657381, 38.111827], [-120.657335, 38.111726], [-120.657282, 38.11163], [-120.657228, 38.111551], [-120.657048, 38.111287], [-120.656998, 38.111203], [-120.656955, 38.11112], [-120.656886, 38.110948], [-120.656855, 38.110858], [-120.656808, 38.110673], [-120.656747, 38.110382], [-120.656733, 38.110286], [-120.656694, 38.110102], [-120.656663, 38.110023], [-120.656606, 38.109917], [-120.656491, 38.109738], [-120.656456, 38.109672], [-120.656429, 38.109599], [-120.656423, 38.109528], [-120.656424, 38.109465], [-120.65644, 38.109388], [-120.656482, 38.109273], [-120.656534, 38.109204], [-120.656616, 38.109123], [-120.656726, 38.109048], [-120.65679, 38.109015], [-120.656859, 38.108988], [-120.656937, 38.108969], [-120.657102, 38.108953], [-120.657188, 38.108953], [-120.657278, 38.108958], [-120.657776, 38.109024], [-120.657952, 38.10904], [-120.658128, 38.109047], [-120.658226, 38.109038], [-120.658389, 38.10901], [-120.658593, 38.108952], [-120.658704, 38.108913], [-120.658817, 38.108867], [-120.658932, 38.108815], [-120.659167, 38.108693], [-120.659403, 38.108556], [-120.659757, 38.10833], [-120.660025, 38.108146], [-120.660108, 38.108089], [-120.660235, 38.108007], [-120.660344, 38.107941], [-120.660688, 38.107753], [-120.661097, 38.107509], [-120.661512, 38.107298], [-120.661611, 38.10724], [-120.661706, 38.107178], [-120.661795, 38.107113], [-120.661959, 38.10698], [-120.662095, 38.106852], [-120.662148, 38.106783], [-120.66219, 38.106707], [-120.662218, 38.106627], [-120.662243, 38.106449], [-120.662254, 38.10625], [-120.662254, 38.106044], [-120.662233, 38.10584], [-120.662212, 38.105738], [-120.662199, 38.105696], [-120.662182, 38.105638], [-120.662069, 38.105372], [-120.66202463, 38.10527803], [-120.6619504, 38.10527585], [-120.64967731, 38.10516794], [-120.64945763, 38.09070265], [-120.64965443, 38.07981938], [-120.64943558, 38.07981828], [-120.64716341, 38.07981906], [-120.64308987, 38.07980764], [-120.64319467, 38.07921022], [-120.64422402, 38.0788245], [-120.64418077, 38.07802954], [-120.64415126, 38.07714943], [-120.64415254, 38.07691669], [-120.64545265, 38.07644278], [-120.64551293, 38.07632075], [-120.6456282, 38.07582673], [-120.64524813, 38.0753823], [-120.64502315, 38.07511557], [-120.64483387, 38.07480331], [-120.64490923, 38.07461577], [-120.64278422, 38.07457281], [-120.64049648, 38.07455475], [-120.64053069, 38.07265766], [-120.64706952, 38.07275047], [-120.64723469, 38.07275892], [-120.6467894, 38.07182899], [-120.64679074, 38.07161177], [-120.64642686, 38.07088015], [-120.64518038, 38.07089172], [-120.64513576, 38.06902751], [-120.64401152, 38.06902285], [-120.64276859, 38.06902162], [-120.64154464, 38.06899369], [-120.6406578, 38.06899132], [-120.63611761, 38.06898243], [-120.63154578, 38.06895493], [-120.63168234, 38.06524432], [-120.62707992, 38.06525076], [-120.62713447, 38.06162988], [-120.62711121, 38.06145343], [-120.6268784, 38.05968697], [-120.62684747, 38.05945231], [-120.62683764, 38.05937773], [-120.62218692, 38.05935662], [-120.62218734, 38.05932387], [-120.62215651, 38.05932305], [-120.62000923, 38.05931131], [-120.61984492, 38.05930576], [-120.61993692, 38.05872347], [-120.619991, 38.0584005], [-120.620042, 38.058097], [-120.620132, 38.057526], [-120.62018, 38.057195], [-120.620209, 38.056996], [-120.620271, 38.056651], [-120.620398, 38.056016], [-120.620507, 38.055509], [-120.620556, 38.055338], [-120.620625, 38.055169], [-120.620705, 38.055009], [-120.620919, 38.054683], [-120.620941, 38.054653], [-120.621044, 38.054512], [-120.621767, 38.053415], [-120.621931, 38.053152], [-120.622114, 38.052831], [-120.622208, 38.05268], [-120.622326, 38.05254], [-120.622465, 38.052415], [-120.622626, 38.052308], [-120.622805, 38.052224], [-120.622999, 38.052162], [-120.623102, 38.052139], [-120.623205, 38.052116], [-120.623419, 38.052076], [-120.623638, 38.052041], [-120.62409, 38.051982], [-120.624169, 38.05197], [-120.624319, 38.051947], [-120.624543, 38.051898], [-120.624757, 38.051836], [-120.6248124, 38.0518168], [-120.624965, 38.051764], [-120.625587, 38.051522], [-120.626328, 38.051249], [-120.626622, 38.051141], [-120.627224, 38.050926], [-120.627826, 38.050706], [-120.629259, 38.050173], [-120.630082, 38.049857], [-120.630639, 38.04963], [-120.631139, 38.049447], [-120.631187, 38.04943], [-120.63153, 38.049339], [-120.631899, 38.049272], [-120.633085, 38.049098], [-120.634237, 38.048919], [-120.634451, 38.048878], [-120.634655, 38.048826], [-120.63485, 38.04876], [-120.63504, 38.048682], [-120.635226, 38.048591], [-120.635641, 38.048372], [-120.635785, 38.048296], [-120.635968, 38.04818], [-120.636293, 38.047987], [-120.63644, 38.04789], [-120.636593, 38.047797], [-120.636898, 38.047621], [-120.637184, 38.047445], [-120.637492, 38.047288], [-120.63764, 38.047225], [-120.637797, 38.047176], [-120.63796, 38.047143], [-120.638125, 38.047121], [-120.638295, 38.047109], [-120.638474, 38.047104], [-120.638655, 38.047104], [-120.638835, 38.047112], [-120.639009, 38.047128], [-120.639182, 38.047158], [-120.639353, 38.047202], [-120.639523, 38.047261], [-120.639699, 38.047331], [-120.639876, 38.04741], [-120.640243, 38.047588], [-120.640436, 38.047675], [-120.640633, 38.047754], [-120.64124, 38.047961], [-120.641615, 38.048105], [-120.641794, 38.048166], [-120.641976, 38.048209], [-120.642526, 38.048288], [-120.642889, 38.048333], [-120.643072, 38.048348], [-120.64326, 38.048351], [-120.643453, 38.048343], [-120.643648, 38.048325], [-120.643838, 38.048298], [-120.644014, 38.048263], [-120.644177, 38.048218], [-120.644332, 38.048165], [-120.645136, 38.047847], [-120.645257, 38.047788], [-120.645378, 38.04772], [-120.645494, 38.047638], [-120.645604, 38.047546], [-120.645822, 38.047337], [-120.646056, 38.047105], [-120.646184, 38.046986], [-120.64622065, 38.04695371], [-120.646453, 38.046749], [-120.646512, 38.046693], [-120.646578, 38.04663], [-120.646683, 38.046507], [-120.64677, 38.0463823], [-120.6468236, 38.0462323], [-120.6468451, 38.0461161], [-120.6468585, 38.0458394], [-120.6468666, 38.0453261], [-120.6468961, 38.0449881], [-120.6470007, 38.0445213], [-120.647226, 38.0433997], [-120.6472823, 38.0430617], [-120.6473225, 38.0427892], [-120.6473333, 38.042466], [-120.6473199, 38.0421153], [-120.647287, 38.041824], [-120.647278, 38.041685], [-120.647285, 38.041556], [-120.647306, 38.041433], [-120.647339, 38.041317], [-120.647383, 38.041213], [-120.647437, 38.041116], [-120.647725, 38.040669], [-120.64779, 38.040542], [-120.647836, 38.040413], [-120.647852, 38.040284], [-120.647831, 38.040152], [-120.647744, 38.039862], [-120.647693, 38.039709], [-120.647522, 38.039257], [-120.647477, 38.039107], [-120.647452, 38.038952], [-120.647433, 38.038468], [-120.647432, 38.038179], [-120.647448, 38.038049], [-120.647485, 38.037929], [-120.647536, 38.037825], [-120.6476, 38.037728], [-120.64768, 38.037633], [-120.647779, 38.037537], [-120.648167, 38.037231], [-120.648624, 38.03689], [-120.648771, 38.036759], [-120.648908, 38.036616], [-120.649124, 38.036367], [-120.649167, 38.036317], [-120.649408, 38.036014], [-120.64951, 38.035867], [-120.649591, 38.035726], [-120.649653, 38.035589], [-120.64976, 38.035323], [-120.649827, 38.035115], [-120.64997197, 38.03507101], [-120.65004881, 38.03505615]]]}, "properties": {"zone_id": "CCU-139", "zone_status": "Evacuation Order", "zone_status_reason": "GANN FIRE UPDATE: Evacuation orders for zones CCU-147, CCU-109, CCU139, CCU-110. Evacuate the area due to wildfire.", "county_name": "Calaveras", "community": null, "acreage": 8222, "last_updated": 1785848864000, "url": "https://protect.genasys.com/zones/US-CA-XCA-CCU-139", "known_as": "", "data_source_name": "Zonehaven"}}]}