{"type": "FeatureCollection", "crs": {"type": "name", "properties": {"name": "EPSG:4326"}}, "features": [{"type": "Feature", "id": 10350264, "geometry": {"type": "Polygon", "coordinates": [[[-122.177404473786, 40.5461651188325], [-122.177443396669, 40.5461654301909], [-122.17884562717, 40.5461766176915], [-122.178851137692, 40.5461767964941], [-122.178851262817, 40.546180862156], [-122.178851075491, 40.546193782153], [-122.178849998293, 40.5462683439753], [-122.17884347008, 40.5467200647779], [-122.178843464447, 40.5467205259886], [-122.178844006682, 40.5467382060164], [-122.178846063709, 40.5467558211367], [-122.178849627007, 40.5467732956148], [-122.178854680948, 40.5467905554675], [-122.17886120401, 40.5468075257684], [-122.17886916755, 40.5468241342433], [-122.178878538186, 40.5468403103859], [-122.178889275443, 40.5468559836398], [-122.178901334074, 40.5468710879184], [-122.17891466172, 40.5468855588871], [-122.178929201289, 40.5468993330777], [-122.1789448909, 40.5469123523939], [-122.178961662734, 40.5469245613994], [-122.178979445395, 40.5469359073355], [-122.178998162711, 40.5469463419136], [-122.179017736102, 40.5469558204318], [-122.179038078678, 40.5469643017327], [-122.179059105845, 40.5469717500803], [-122.179080725879, 40.5469781332917], [-122.179102846991, 40.546983424589], [-122.179125373805, 40.5469876007721], [-122.179148212058, 40.5469906440543], [-122.179171261531, 40.5469925411111], [-122.179194424298, 40.5469932840396], [-122.179197872588, 40.5469932959258], [-122.180370532161, 40.5469929114442], [-122.180452421043, 40.5469928842708], [-122.180456715738, 40.5469930219406], [-122.180456770274, 40.5469934889835], [-122.180456888139, 40.5469967050616], [-122.180456866422, 40.5470354941145], [-122.18045658286, 40.5475224125254], [-122.180456399486, 40.5475257327703], [-122.180451974062, 40.547525368953], [-122.180299653672, 40.5475080202436], [-122.180296844368, 40.5475077093272], [-122.180273794695, 40.5475058115923], [-122.180250631736, 40.5475050688784], [-122.180227454674, 40.5475054827901], [-122.180204362714, 40.5475070531305], [-122.180181455155, 40.5475097715954], [-122.180158828984, 40.5475136262608], [-122.180136582398, 40.5475186025089], [-122.180114810154, 40.5475246775892], [-122.180093605858, 40.5475318260411], [-122.180073058459, 40.547540016965], [-122.180053258132, 40.5475492158671], [-122.180034289214, 40.5475593828067], [-122.18001623136, 40.5475704742064], [-122.179999164272, 40.5475824428856], [-122.179983159441, 40.5475952371012], [-122.179968286015, 40.5476088032917], [-122.179954607319, 40.5476230815478], [-122.179942183132, 40.5476380119354], [-122.179931063844, 40.5476535299492], [-122.179921299854, 40.5476695701831], [-122.179912932169, 40.5476860626597], [-122.179905995894, 40.54770293736], [-122.179900522612, 40.547720122438], [-122.179896533311, 40.5477375432697], [-122.179894046604, 40.5477551261154], [-122.179894010149, 40.5477555006228], [-122.179861918762, 40.548088554358], [-122.179861339689, 40.5480926519549], [-122.179860338566, 40.5480927196211], [-122.179856879649, 40.548092799569], [-122.177927704918, 40.5480984556484], [-122.177923189399, 40.5480983109079], [-122.177918217609, 40.5480979097732], [-122.177806550824, 40.5480862730464], [-122.177791500568, 40.5480847047111], [-122.177786616867, 40.548084053753], [-122.177786485346, 40.5480829303203], [-122.177786402697, 40.5480809973443], [-122.177782426929, 40.5477461677503], [-122.177781578519, 40.5476746534467], [-122.177781034845, 40.5476619417614], [-122.177778978073, 40.5476443266274], [-122.177775415011, 40.5476268521211], [-122.177770361289, 40.5476095922258], [-122.177763838429, 40.5475926218676], [-122.177755875075, 40.5475760133205], [-122.177746504611, 40.5475598370904], [-122.177735767512, 40.5475441637338], [-122.177723709027, 40.5475290593366], [-122.177710381504, 40.5475145891342], [-122.177695842067, 40.547500813892], [-122.177680152566, 40.5474877944085], [-122.177663380829, 40.547475585219], [-122.177645598252, 40.5474642390822], [-122.177626879826, 40.5474538042781], [-122.177607307672, 40.5474443255339], [-122.177586965137, 40.5474358439822], [-122.177565937993, 40.5474283953674], [-122.177544317963, 40.547422011873], [-122.177522196835, 40.5474167202774], [-122.177499668791, 40.547412544674], [-122.177476831656, 40.5474095010739], [-122.177453782105, 40.5474076027774], [-122.177435711995, 40.5474069236856], [-122.175839939456, 40.5473780451963], [-122.17583669917, 40.5473779229845], [-122.175835613759, 40.5473778341623], [-122.175835738054, 40.54737559456], [-122.17583884949, 40.5473526064746], [-122.175839732223, 40.5473450480808], [-122.175840618942, 40.5473313844505], [-122.175852650324, 40.5469518510698], [-122.175854415902, 40.5468961658429], [-122.175854571838, 40.5468937534971], [-122.175854697203, 40.5468928715287], [-122.175857449319, 40.5468925452228], [-122.176596365882, 40.546841875512], [-122.176607603302, 40.5468409664344], [-122.176630510765, 40.5468382486769], [-122.17665313691, 40.5468343938011], [-122.176675383504, 40.5468294191244], [-122.176697155833, 40.5468233437915], [-122.176718361436, 40.546816195972], [-122.176738907829, 40.5468080056371], [-122.17675870837, 40.546798808205], [-122.176777678739, 40.5467886418131], [-122.176795735725, 40.5467775509129], [-122.176812803168, 40.5467655827088], [-122.176828808407, 40.5467527880337], [-122.176843682256, 40.5467392231507], [-122.176857361424, 40.5467249452654], [-122.176869787299, 40.5467100152206], [-122.176880905959, 40.5466944965951], [-122.176890670514, 40.546678457522], [-122.176899038818, 40.5466619643666], [-122.176905975732, 40.5466450898501], [-122.176911450855, 40.5466279058268], [-122.17691544087, 40.5466104842009], [-122.176917928295, 40.5465929023239], [-122.176918639378, 40.5465834373358], [-122.176933672142, 40.5462947924598], [-122.17693865294, 40.546199138231], [-122.176938676885, 40.5461988221926], [-122.176938949656, 40.546196895351], [-122.176941719473, 40.5461965673433], [-122.177395876799, 40.5461652810399], [-122.177396090699, 40.5461652690497], [-122.177404473786, 40.5461651188325]]]}, "properties": {"OBJECTID": 10350264, "UtilityCompany": "PGE", "StartDate": 1782486027000, "EstimatedRestoreDate": 1782507600000, "Cause": "PLNND SHUTDOWN", "ImpactedCustomers": 2, "Shape__Area": 84637.53515625, "Shape__Length": 1503.1680018962782, "County": "SHASTA", "OutageStatus": "Active", "OutageType": "Planned", "IncidentId": "291340"}}, {"type": "Feature", "id": 10350265, "geometry": {"type": "Polygon", "coordinates": [[[-122.387867541679, 37.6516884244084], [-122.387867781635, 37.6516884698187], [-122.387872188277, 37.6516895472415], [-122.387988572211, 37.6517210568234], [-122.388005021654, 37.6517251431686], [-122.388119869391, 37.6517511555501], [-122.388122880476, 37.6517518264356], [-122.388136560113, 37.6517545752427], [-122.388252916491, 37.6517759273305], [-122.388260876849, 37.6517773088896], [-122.388269803226, 37.6517786702205], [-122.38838737392, 37.6517953082061], [-122.388400380264, 37.651796943053], [-122.388404407988, 37.6517973659284], [-122.388522888371, 37.651809247669], [-122.38854004031, 37.6518106182677], [-122.38865912228, 37.6518177106168], [-122.388660075203, 37.6518177669311], [-122.388676334318, 37.6518183883841], [-122.388800026958, 37.6518207580794], [-122.388806003996, 37.6518208314101], [-122.388808644186, 37.651820836076], [-122.389846670242, 37.6518198030195], [-122.38985574378, 37.6518200860992], [-122.389862752817, 37.6518205270489], [-122.389867100627, 37.6518209019568], [-122.389870117249, 37.6518213141446], [-122.389870708139, 37.6518214199524], [-122.389880970502, 37.651823409088], [-122.389883771716, 37.6518241004751], [-122.389888910111, 37.6518256683258], [-122.389894016697, 37.6518273829286], [-122.389899013493, 37.6518292150376], [-122.389901592469, 37.6518303279988], [-122.389910603256, 37.6518348172585], [-122.389911033337, 37.65183504121], [-122.389913505449, 37.6518364681826], [-122.389916956937, 37.6518387366546], [-122.389922148819, 37.651842358011], [-122.389925523221, 37.651844903694], [-122.389927736369, 37.6518468070321], [-122.389933921519, 37.651852758957], [-122.389934948083, 37.6518537908812], [-122.389936707165, 37.6518557693853], [-122.389938477513, 37.6518580336692], [-122.389942596763, 37.6518636215883], [-122.389944447772, 37.6518664189755], [-122.389945953908, 37.6518691082223], [-122.389949100231, 37.6518755608934], [-122.389950042249, 37.6518776433314], [-122.38995090748, 37.6518799660275], [-122.389951420536, 37.6518816875177], [-122.389953336682, 37.6518888557924], [-122.389953880074, 37.6518915806202], [-122.3899542718, 37.6518949689439], [-122.389954643217, 37.6519009782313], [-122.389954730232, 37.6519041991345], [-122.389954496824, 37.651909034466], [-122.389948773023, 37.6519737591397], [-122.3899477905, 37.6519812008496], [-122.389935411037, 37.6520469050984], [-122.389934182535, 37.6520524040705], [-122.389914722624, 37.6521193227451], [-122.389913789463, 37.6521222544531], [-122.389912978026, 37.6521244413905], [-122.389886870784, 37.6521902080311], [-122.389886721609, 37.6521905668903], [-122.389884544712, 37.652195177653], [-122.389852931301, 37.6522573465391], [-122.38984914351, 37.6522638958424], [-122.389812697862, 37.652321982835], [-122.389808210431, 37.6523285537552], [-122.389764516366, 37.6523863463589], [-122.389760964151, 37.6523908427462], [-122.389454215278, 37.6527626766067], [-122.389453411633, 37.6527636323638], [-122.389452591058, 37.6527645790201], [-122.389415814576, 37.6528062374288], [-122.389414171057, 37.6528080045423], [-122.38941332896, 37.6528088104793], [-122.389412752723, 37.6528088525632], [-122.389408515455, 37.652808954113], [-122.387873622796, 37.6528104678281], [-122.387869289976, 37.6528103326783], [-122.387869244449, 37.6528099403635], [-122.387869116779, 37.6528065732331], [-122.387867638293, 37.6518603311224], [-122.387867374386, 37.65169181795], [-122.387867541679, 37.6516884244084]]]}, "properties": {"OBJECTID": 10350265, "UtilityCompany": "PGE", "StartDate": 1782576300000, "EstimatedRestoreDate": 1782685800000, "Cause": "PLNND SHUTDOWN", "ImpactedCustomers": 3, "Shape__Area": 30010.4296875, "Shape__Length": 714.0610372864215, "County": "SAN MATEO", "OutageStatus": "Active", "OutageType": "Planned", "IncidentId": "292234"}}, {"type": "Feature", "id": 10350266, "geometry": {"type": "Polygon", "coordinates": [[[-119.691152661694, 36.782621866425], [-119.691155318159, 36.7826220106795], [-119.691158792674, 36.7826302943503], [-119.691158935469, 36.7826302559774], [-119.691162723907, 36.7826392881498], [-119.69117109619, 36.7826556329182], [-119.691180779346, 36.7826715032948], [-119.691191732682, 36.7826868296665], [-119.691203908601, 36.7827015467333], [-119.691217254915, 36.7827155917702], [-119.691231714803, 36.7827289055277], [-119.691247225815, 36.7827414295004], [-119.691263721906, 36.7827531104892], [-119.691281133525, 36.7827638988013], [-119.69129938429, 36.7827737472572], [-119.691318396425, 36.7827826149458], [-119.691338089767, 36.7827904644937], [-119.691358378478, 36.7827972601716], [-119.69137917641, 36.7828029734502], [-119.691400394947, 36.7828075811376], [-119.691421941996, 36.7828110626483], [-119.691443726356, 36.782813402828], [-119.691452436905, 36.7828139237874], [-119.691452429714, 36.7828140127908], [-119.691459934695, 36.7828144614369], [-119.691460927059, 36.7828145683602], [-119.691461070822, 36.7828163816668], [-119.691461078951, 36.7828169216207], [-119.691459506564, 36.783031739858], [-119.691459319965, 36.7830339674584], [-119.691457431809, 36.783034164475], [-119.691454675234, 36.7830343418168], [-119.691432880403, 36.783036616512], [-119.691411316483, 36.7830400329528], [-119.691390077073, 36.7830445766254], [-119.691369252649, 36.7830502275233], [-119.691348931603, 36.7830569619774], [-119.69132920256, 36.783064750919], [-119.691310148706, 36.7830735615239], [-119.691291851221, 36.7830833555058], [-119.691274390323, 36.7830940909474], [-119.691257839669, 36.7831057221445], [-119.691242269758, 36.7831181987999], [-119.691227747843, 36.7831314678226], [-119.691214335703, 36.7831454732665], [-119.691202090873, 36.7831601536606], [-119.691191066452, 36.7831754465095], [-119.691181308902, 36.783191287331], [-119.691172860406, 36.7832076070183], [-119.691165756432, 36.7832243362775], [-119.69116002805, 36.7832414038904], [-119.691155699734, 36.7832587357518], [-119.691152790326, 36.7832762585005], [-119.691151312031, 36.7832938967886], [-119.69115111253, 36.783302306116], [-119.691150728835, 36.7833913856039], [-119.691150727164, 36.7833916847051], [-119.691148208368, 36.7837485843538], [-119.691148207662, 36.7837486528137], [-119.691146526713, 36.7839980591934], [-119.691146525438, 36.7839982970344], [-119.691143956048, 36.7842860939224], [-119.69114395125, 36.7842868560748], [-119.69114303149, 36.784456604014], [-119.691143028811, 36.7844569265144], [-119.691141567443, 36.7846311889332], [-119.691141567323, 36.7846312177633], [-119.691140108615, 36.784801435451], [-119.6911401079, 36.7848015561714], [-119.691139553363, 36.7848588410343], [-119.691139360523, 36.7848611351372], [-119.691136998393, 36.7848612558755], [-119.691136562415, 36.7848612608547], [-119.691071572052, 36.7848610251736], [-119.691071085918, 36.7848610242506], [-119.690654772712, 36.7848600021629], [-119.690654694313, 36.7848600017816], [-119.690654615915, 36.7848600014001], [-119.690416042519, 36.7848593251502], [-119.690415240515, 36.784859323536], [-119.690211091586, 36.7848591362538], [-119.690210392673, 36.7848591339055], [-119.690006536428, 36.7848582633202], [-119.690005138563, 36.7848582595213], [-119.6898012877, 36.7848580708254], [-119.689800588787, 36.7848580684747], [-119.689596732604, 36.7848571971861], [-119.689595332502, 36.7848571933199], [-119.689391483896, 36.7848570048828], [-119.689390782746, 36.7848570024673], [-119.689186930019, 36.7848561296687], [-119.689185528799, 36.7848561257666], [-119.688981328537, 36.7848559358357], [-119.688776779948, 36.7848557448564], [-119.688776081035, 36.7848557424997], [-119.688572223887, 36.7848548694212], [-119.688570823786, 36.784854865543], [-119.688366976443, 36.784854675378], [-119.688366275293, 36.7848546729565], [-119.688162421601, 36.7848537983682], [-119.688161020382, 36.7848537944539], [-119.687957062213, 36.7848536031977], [-119.687956580556, 36.7848536023867], [-119.687728318358, 36.7848528621352], [-119.687727706796, 36.7848528604052], [-119.68745491748, 36.7848523741246], [-119.687454704662, 36.7848523735979], [-119.686973398906, 36.784851025123], [-119.68697318385, 36.784851024533], [-119.686634577689, 36.7848502492232], [-119.686631958046, 36.7848501067938], [-119.686631789201, 36.7848479684081], [-119.686631817832, 36.7846618067525], [-119.686631820605, 36.7846609886798], [-119.686633399562, 36.7844555157779], [-119.686633402558, 36.7844552383392], [-119.686635218714, 36.7842778414396], [-119.686635230369, 36.7842758035979], [-119.686635379193, 36.7841022374034], [-119.686635385337, 36.7841011851527], [-119.686637221563, 36.7839269595874], [-119.686637233042, 36.7839248478549], [-119.686637376083, 36.7837506345409], [-119.686637382381, 36.7837495786903], [-119.68663922923, 36.7835742991898], [-119.68664107017, 36.7833995457318], [-119.686641081531, 36.7833974366991], [-119.686641225704, 36.783223220703], [-119.686641231925, 36.7832221666523], [-119.686643077579, 36.7830468862064], [-119.686644918787, 36.782872149865], [-119.68664493054, 36.7828700057023], [-119.686645048439, 36.7826948374581], [-119.686645053072, 36.7826946519716], [-119.686645219151, 36.7826926697953], [-119.686647685616, 36.782692543945], [-119.686647913128, 36.7826925412786], [-119.690572318257, 36.78270288344], [-119.690583767528, 36.7827027562974], [-119.690605700927, 36.7827016326495], [-119.690627495636, 36.7826993590024], [-119.690649059483, 36.7826959427008], [-119.690670298829, 36.7826913991579], [-119.690691123195, 36.7826857483801], [-119.690711444189, 36.7826790140362], [-119.690731173185, 36.7826712251951], [-119.690750226995, 36.7826624146809], [-119.690768524438, 36.7826526207804], [-119.690785985297, 36.7826418854111], [-119.69080253591, 36.7826302542775], [-119.690810447492, 36.7826241186201], [-119.690814035977, 36.7826212432976], [-119.690816629333, 36.7826211100816], [-119.690816781728, 36.7826211089194], [-119.691152661694, 36.782621866425]]]}, "properties": {"OBJECTID": 10350266, "UtilityCompany": "PGE", "StartDate": 1782642983000, "EstimatedRestoreDate": 1782661500000, "Cause": null, "ImpactedCustomers": 10, "Shape__Area": 152647.2890625, "Shape__Length": 1655.7522310557931, "County": "FRESNO", "OutageStatus": "Active", "OutageType": "Not Planned", "IncidentId": "292674"}}, {"type": "Feature", "id": 10350267, "geometry": {"type": "Polygon", "coordinates": [[[-121.918986974909, 37.3111064418309], [-121.918989958168, 37.3111065475028], [-121.918990030985, 37.3111072151689], [-121.918990127195, 37.3111100318733], [-121.918990200372, 37.311251264574], [-121.918990210646, 37.3112533053301], [-121.918991651645, 37.3113978386575], [-121.918991656273, 37.3113990915799], [-121.918991428952, 37.3115382186732], [-121.918991249312, 37.3115414646052], [-121.918989771809, 37.3115415673815], [-121.918987531014, 37.3115416226237], [-121.918744903494, 37.3115431761399], [-121.918729342077, 37.3115435621338], [-121.918707273309, 37.3115450946703], [-121.91868537765, 37.3115477771077], [-121.918663748932, 37.3115515976846], [-121.918642477665, 37.3115565401025], [-121.918621657819, 37.3115625826868], [-121.918601377778, 37.311569700106], [-121.918581722618, 37.3115778615907], [-121.918562778593, 37.3115870327766], [-121.918544626392, 37.3115971738409], [-121.918527343376, 37.3116082413246], [-121.91851100244, 37.3116201881226], [-121.918495675417, 37.3116329626135], [-121.918481427408, 37.3116465104101], [-121.91846831904, 37.3116607743805], [-121.918456407635, 37.3116756919541], [-121.918450915886, 37.3116833762632], [-121.918450582815, 37.3116838608505], [-121.918448772093, 37.3116839858123], [-121.918447074236, 37.3116840306838], [-121.918074520559, 37.3116873714438], [-121.918071414331, 37.3116872619202], [-121.91807131457, 37.3116863488393], [-121.918071230524, 37.3116840243844], [-121.918070519493, 37.3115437980911], [-121.918070506137, 37.311542289105], [-121.918069374315, 37.3114484308409], [-121.918069367024, 37.3114472860565], [-121.918069297458, 37.3113995425835], [-121.918069289417, 37.3113979777621], [-121.918068058244, 37.3112564857143], [-121.918068207528, 37.3112537857259], [-121.918069858981, 37.3112536710313], [-121.918071752104, 37.3112536225423], [-121.918323450351, 37.311251598988], [-121.918338315371, 37.3112512183988], [-121.91836038406, 37.3112496859299], [-121.918382279642, 37.3112470035513], [-121.918403909414, 37.3112431830349], [-121.918425179479, 37.3112382406481], [-121.918445999249, 37.3112321980969], [-121.91846628034, 37.3112250807131], [-121.918485934291, 37.3112169192355], [-121.918504878232, 37.3112077480599], [-121.918523030342, 37.3111976069997], [-121.918540314392, 37.3111865395247], [-121.9185566541, 37.31117459271], [-121.918571981018, 37.3111618182086], [-121.918586228917, 37.3111482703983], [-121.918599337172, 37.3111340064119], [-121.918611249589, 37.311119088831], [-121.918616740152, 37.3111114045025], [-121.91861733828, 37.3111105347554], [-121.918619331982, 37.3111103970416], [-121.918620664086, 37.3111103605424], [-121.918986974909, 37.3111064418309]]]}, "properties": {"OBJECTID": 10350267, "UtilityCompany": "PGE", "StartDate": 1782651071000, "EstimatedRestoreDate": 1782665100000, "Cause": null, "ImpactedCustomers": 1, "Shape__Area": 6233.86328125, "Shape__Length": 341.23727742950086, "County": "SANTA CLARA", "OutageStatus": "Active", "OutageType": "Not Planned", "IncidentId": "292695"}}, {"type": "Feature", "id": 10350268, "geometry": {"type": "MultiPolygon", "coordinates": [[[[-120.788434808784, 39.3589063887049], [-120.788438889855, 39.3589065554894], [-120.78871938123, 39.3589241723617], [-120.788723713312, 39.3589245862628], [-120.78872646344, 39.3589273215636], [-120.789173773512, 39.3594118990197], [-120.7891765643, 39.3594151125849], [-120.789179083357, 39.3594184047736], [-120.789273638186, 39.3595503779291], [-120.789275637001, 39.3595534593173], [-120.789274433675, 39.3595562870452], [-120.789139165148, 39.3598297862383], [-120.789137979621, 39.3598320124702], [-120.789137422119, 39.359832909128], [-120.789136229761, 39.3598345424067], [-120.789135780764, 39.3598350897573], [-120.788813613123, 39.3602121740454], [-120.788811815064, 39.3602140237462], [-120.788808235167, 39.3602142286819], [-120.787967192351, 39.3602292476881], [-120.787960943526, 39.3602294027447], [-120.787938228163, 39.3602307041956], [-120.787915670302, 39.3602331564437], [-120.787893368928, 39.3602367487585], [-120.787871417372, 39.360241465797], [-120.787849909134, 39.3602472868137], [-120.787828938987, 39.3602541874839], [-120.787808594917, 39.3602621379481], [-120.787788962703, 39.3602711047009], [-120.787770129456, 39.3602810488567], [-120.787752174278, 39.3602919277739], [-120.787735172908, 39.3603036951433], [-120.787719201229, 39.3603163001534], [-120.787704324737, 39.3603296899936], [-120.787690607972, 39.3603438055282], [-120.787678109671, 39.3603585875114], [-120.787666884076, 39.3603739721069], [-120.787656978499, 39.3603898944459], [-120.787648434592, 39.360406285047], [-120.787641291689, 39.3604230743849], [-120.787635577582, 39.3604401909124], [-120.787631317828, 39.3604575603374], [-120.787628530997, 39.3604751091356], [-120.787627228757, 39.3604927618494], [-120.787627415816, 39.3605104428889], [-120.787629092241, 39.3605280765758], [-120.787632251143, 39.3605455870996], [-120.787636878614, 39.3605629003177], [-120.787642953815, 39.3605799410554], [-120.787650453504, 39.3605966367943], [-120.787659342782, 39.3606129165967], [-120.787669584429, 39.3606287094806], [-120.787681135286, 39.3606439488555], [-120.787693945203, 39.3606585688991], [-120.78770795925, 39.360672508203], [-120.787723116699, 39.360685705248], [-120.787724316205, 39.3606866785602], [-120.788957313063, 39.3616819114976], [-120.788960528987, 39.3616847115055], [-120.788960240593, 39.3616853916443], [-120.788958902465, 39.36168800238], [-120.788674935865, 39.36220178854], [-120.788673167949, 39.3622046307532], [-120.788672044768, 39.3622046949907], [-120.788668832119, 39.3622047339209], [-120.788545067341, 39.3622037495289], [-120.788527246356, 39.3622039620974], [-120.788504530357, 39.3622052636406], [-120.788481973031, 39.3622077160024], [-120.788459669888, 39.3622113083856], [-120.788437717768, 39.3622160246127], [-120.788416210119, 39.3622218457386], [-120.788395238234, 39.362228747372], [-120.788374893641, 39.3622366979182], [-120.788355262118, 39.3622456638719], [-120.788336428402, 39.3622556081035], [-120.788318471627, 39.3622664870709], [-120.788301471015, 39.3622782545305], [-120.788285497778, 39.3622908604829], [-120.788270620983, 39.3623042494821], [-120.788256903923, 39.3623183650714], [-120.788244405367, 39.3623331471041], [-120.788233179529, 39.3623485326445], [-120.788223273807, 39.362364454122], [-120.788214730898, 39.362380845679], [-120.788207586746, 39.3623976350224], [-120.788201873781, 39.3624147506935], [-120.788197614024, 39.3624321201343], [-120.788194826072, 39.3624496689203], [-120.788193562711, 39.3624662024987], [-120.788165419989, 39.363228935968], [-120.788165381191, 39.363230055107], [-120.788165308128, 39.3632330691865], [-120.78816312722, 39.3633599963363], [-120.788162891684, 39.3633631938222], [-120.7881577151, 39.3633645963651], [-120.787375875308, 39.3635548083742], [-120.787370557192, 39.3635559505188], [-120.787366986403, 39.3635563393746], [-120.787159695795, 39.3635704816772], [-120.787157269711, 39.3635706030996], [-120.787155650315, 39.3635706128348], [-120.787155141499, 39.3635705905419], [-120.787150528806, 39.3635701595294], [-120.786917183548, 39.3635428937488], [-120.786912475926, 39.3635421978443], [-120.786908962684, 39.3635410949126], [-120.786390237039, 39.3633547722588], [-120.786385107142, 39.3633529682414], [-120.786363992272, 39.3633463363661], [-120.786342362612, 39.3633407902412], [-120.786325089256, 39.3633372145004], [-120.785865699317, 39.3632518544137], [-120.785862568668, 39.3632512065036], [-120.78586152791, 39.3632509389324], [-120.785861494868, 39.3632505887363], [-120.785861442105, 39.3632470785454], [-120.785884553235, 39.3622399710436], [-120.785884579392, 39.3622390327551], [-120.785938720697, 39.3605416337022], [-120.785938722745, 39.3605415688731], [-120.785938536113, 39.360523887843], [-120.785936858954, 39.3605062541217], [-120.785933701639, 39.360488743586], [-120.785929074569, 39.3604714312123], [-120.785922998666, 39.3604543894744], [-120.785915500566, 39.3604376936579], [-120.785906611692, 39.3604214146342], [-120.785896370506, 39.3604056207062], [-120.785884820083, 39.3603903811656], [-120.785872010598, 39.360375760934], [-120.785857996954, 39.3603618223208], [-120.785842838805, 39.3603486241213], [-120.785826601632, 39.3603362243414], [-120.785809353406, 39.3603246756283], [-120.785791170334, 39.3603140271826], [-120.785772128706, 39.3603043255031], [-120.785752310808, 39.3602956108968], [-120.785731800204, 39.3602879200905], [-120.785710686312, 39.3602812881215], [-120.785689058776, 39.360275742823], [-120.785667009732, 39.3602713066707], [-120.785657902536, 39.3602698404437], [-120.785657515061, 39.3602697618929], [-120.785657498465, 39.3602696994116], [-120.785656759712, 39.3602656409981], [-120.785632086082, 39.3600901623743], [-120.785631694768, 39.360086053815], [-120.785631685419, 39.360085137374], [-120.785631852285, 39.3600825737531], [-120.785666363164, 39.3597320019849], [-120.785666849843, 39.3597289399216], [-120.785668741113, 39.3597263460603], [-120.785856989088, 39.3594950246512], [-120.785858668603, 39.3594930718339], [-120.78585944591, 39.3594922721736], [-120.78586135357, 39.3594914003306], [-120.785862403328, 39.3594909770464], [-120.786035171805, 39.3594246033708], [-120.78604738106, 39.3594196769275], [-120.786067012079, 39.359410710445], [-120.786085845316, 39.3594007665639], [-120.786103801666, 39.3593898879253], [-120.786120801909, 39.3593781207722], [-120.786136774803, 39.3593655160039], [-120.786151651372, 39.3593521263649], [-120.786160489579, 39.3593432544716], [-120.786353548473, 39.3591409063421], [-120.786354482148, 39.3591399691064], [-120.786355793726, 39.3591387885989], [-120.786356896584, 39.3591386681379], [-120.786360197946, 39.3591384615805], [-120.787999197745, 39.359068899371], [-120.788017160464, 39.3590677742088], [-120.788039717946, 39.3590653219298], [-120.788062018937, 39.3590617295755], [-120.788083970109, 39.3590570124893], [-120.78810547796, 39.3590511914173], [-120.788126447716, 39.3590442906848], [-120.788146792552, 39.3590363401746], [-120.788155735302, 39.3590324217206], [-120.788431423308, 39.3589074225938], [-120.788434056595, 39.3589063933239], [-120.788434808784, 39.3589063887049]]], [[[-120.780906037914, 39.3594469595501], [-120.780907638408, 39.3594470306256], [-120.780907898701, 39.3594497699635], [-120.780922446264, 39.3599342232574], [-120.780922444222, 39.3599362674655], [-120.780922366485, 39.3599373300002], [-120.780921215881, 39.3599374549041], [-120.780918173722, 39.3599376473315], [-120.779922897717, 39.3599809852705], [-120.779917349672, 39.3599810739861], [-120.778656292697, 39.3599813640519], [-120.778653191384, 39.3599812255439], [-120.778651975031, 39.3599785174965], [-120.778460047439, 39.359472987376], [-120.778459296972, 39.3594708134757], [-120.778459057263, 39.359469917862], [-120.778461701191, 39.3594697665445], [-120.780200563322, 39.3594581415983], [-120.780204702212, 39.3594580953503], [-120.78090388867, 39.3594469554872], [-120.780906037914, 39.3594469595501]]]]}, "properties": {"OBJECTID": 10350268, "UtilityCompany": "PGE", "StartDate": 1782600577000, "EstimatedRestoreDate": 1782619200000, "Cause": null, "ImpactedCustomers": 12, "Shape__Area": 201656.25, "Shape__Length": 2737.5774246297633, "County": "NEVADA", "OutageStatus": "Active", "OutageType": "Not Planned", "IncidentId": "292413"}}, {"type": "Feature", "id": 10350269, "geometry": {"type": "MultiPolygon", "coordinates": [[[[-123.920346599244, 40.3223222353386], [-123.920664524147, 40.3223258045153], [-123.920665872349, 40.322325840632], [-123.920667937597, 40.3223259800518], [-123.920668633457, 40.3223281628257], [-123.920691132563, 40.3224238911091], [-123.920691940171, 40.3224276279654], [-123.920712921926, 40.3225339098772], [-123.920713394297, 40.3225372295772], [-123.920711263621, 40.3225372996902], [-123.920710167691, 40.3225372921971], [-123.920328216258, 40.3225289424327], [-123.920325215579, 40.3225287401784], [-123.920325304781, 40.3225256880838], [-123.920343011225, 40.3223257594205], [-123.920343344147, 40.3223230594446], [-123.920343489713, 40.3223223375577], [-123.920346599244, 40.3223222353386]]], [[[-123.918921845262, 40.3227993875092], [-123.918922505075, 40.322799610198], [-123.918925876476, 40.3228009365831], [-123.918986564872, 40.3228264340125], [-123.918990217922, 40.322828132036], [-123.918992008823, 40.3228295655715], [-123.918992359078, 40.3228298754048], [-123.919015745395, 40.322851363716], [-123.91902400158, 40.3228586801838], [-123.919039970939, 40.3228714615556], [-123.919056999037, 40.3228834164861], [-123.919075011016, 40.3228944933168], [-123.919093930906, 40.3229046449026], [-123.91910000356, 40.3229076138016], [-123.919195002567, 40.3229530243011], [-123.919208678277, 40.3229592382179], [-123.919229167464, 40.3229674124243], [-123.91925031225, 40.3229745435678], [-123.919272020406, 40.3229806008491], [-123.919294199776, 40.322985558874], [-123.919316755899, 40.32298939587], [-123.919339590857, 40.3229920954979], [-123.919362607971, 40.3229936459132], [-123.91938570828, 40.3229940406951], [-123.919408792896, 40.3229932788277], [-123.919431762981, 40.3229913628984], [-123.919443174494, 40.3229899739802], [-123.919453889662, 40.3229885329377], [-123.919456831802, 40.3229891906399], [-123.919629156156, 40.3230365699245], [-123.919638508261, 40.3230390289334], [-123.919660687675, 40.3230439868873], [-123.919683242648, 40.3230478229199], [-123.919706078817, 40.3230505224658], [-123.919729095958, 40.3230520728078], [-123.919752195122, 40.3230524684264], [-123.91977527974, 40.3230517055849], [-123.919784790617, 40.3230510326545], [-123.919788548448, 40.3230509090788], [-123.920140118623, 40.3230548617023], [-123.920141464486, 40.3230548978437], [-123.92014348969, 40.3230550339877], [-123.920143399646, 40.3230581113141], [-123.920124871804, 40.3232684240487], [-123.920124607186, 40.3232717342977], [-123.920124090416, 40.3232894151772], [-123.920125087167, 40.3233070831163], [-123.920127590553, 40.3233246642951], [-123.920131591307, 40.3233420831106], [-123.92013707074, 40.3233592631341], [-123.920144007863, 40.3233761324594], [-123.920152371101, 40.3233926192645], [-123.920162125331, 40.3234086508548], [-123.920173229635, 40.323424160888], [-123.92018563365, 40.3234390812952], [-123.92019928708, 40.3234533485115], [-123.920214130244, 40.3234669017491], [-123.920230099984, 40.323479683852], [-123.920247127253, 40.3234916377106], [-123.920265140776, 40.3235027152423], [-123.920284061, 40.3235128657278], [-123.920303808506, 40.3235220483564], [-123.920324299172, 40.3235302223554], [-123.920345443068, 40.3235373533042], [-123.920367151512, 40.3235434112772], [-123.920389332307, 40.3235483681783], [-123.920411887499, 40.3235522049671], [-123.920434722688, 40.3235549043759], [-123.920457740014, 40.3235564545708], [-123.920478060486, 40.323556863146], [-123.920615849693, 40.3235565972267], [-123.920620228379, 40.3235566849013], [-123.9206207503, 40.3235567203875], [-123.920620823325, 40.323558023424], [-123.920620799664, 40.3235595740795], [-123.920612441585, 40.3237486390352], [-123.920612426055, 40.3237489688921], [-123.92060666347, 40.3238705484955], [-123.920606344403, 40.3238733150286], [-123.920605432709, 40.3238746538303], [-123.920603666703, 40.3238769634057], [-123.920592987184, 40.3238926467666], [-123.920583670434, 40.3239088300971], [-123.920575756744, 40.3239254464095], [-123.920569279253, 40.3239424224665], [-123.920564266406, 40.3239596859692], [-123.920560739589, 40.3239771646748], [-123.920558714228, 40.3239947809823], [-123.920558476257, 40.3239985784124], [-123.920554888231, 40.3240655311084], [-123.920554549309, 40.3240684824859], [-123.920549486644, 40.3240686498044], [-123.920243211433, 40.3240702922196], [-123.920238041623, 40.3240701973111], [-123.920237875503, 40.3240701860199], [-123.920237050193, 40.3240681790506], [-123.920233401496, 40.3240597881678], [-123.920225038165, 40.3240433022724], [-123.920215282636, 40.3240272697989], [-123.920204179412, 40.3240117606639], [-123.920191775285, 40.3239968402614], [-123.920178121732, 40.3239825721459], [-123.92016327846, 40.323969018906], [-123.920147308629, 40.3239562376969], [-123.920130280069, 40.3239442829342], [-123.920112267638, 40.3239332062749], [-123.920093347308, 40.3239230548622], [-123.920073599712, 40.3239138721992], [-123.92005310896, 40.3239056981574], [-123.920031964977, 40.3238985671565], [-123.92001025646, 40.3238925100227], [-123.919988075566, 40.3238875521492], [-123.919965520284, 40.3238837152791], [-123.919942685001, 40.3238810157788], [-123.919919667574, 40.3238794654826], [-123.919899348184, 40.323879056801], [-123.919886971635, 40.3238790804511], [-123.919884190413, 40.3238790944606], [-123.919861105502, 40.3238798564262], [-123.919838135131, 40.3238817724436], [-123.919815378063, 40.3238848345205], [-123.919792930634, 40.3238890292781], [-123.919770890298, 40.3238943388244], [-123.919749350903, 40.3239007398907], [-123.919728403895, 40.3239082056236], [-123.919708140648, 40.3239167037653], [-123.919688646599, 40.3239261985011], [-123.919670004762, 40.3239366486306], [-123.919652296923, 40.3239480093592], [-123.919635597758, 40.3239602323455], [-123.919634900337, 40.3239607955539], [-123.919633090321, 40.3239621198682], [-123.919630775023, 40.3239613391679], [-123.919630367991, 40.3239611829427], [-123.919456057283, 40.3238912030034], [-123.919371683317, 40.3238573291284], [-123.919360540765, 40.3238530464714], [-123.919339395691, 40.3238459153523], [-123.919317687251, 40.3238398580876], [-123.919295507599, 40.3238349000711], [-123.919272951195, 40.3238310630746], [-123.919250115955, 40.323828363437], [-123.91922709856, 40.3238268130027], [-123.919203997967, 40.3238264181923], [-123.919180913065, 40.3238271800219], [-123.919157942689, 40.3238290959043], [-123.919135185605, 40.3238321578475], [-123.91911273815, 40.3238363524734], [-123.919090697775, 40.3238416618905], [-123.91906915833, 40.3238480628307], [-123.919048212438, 40.3238555284319], [-123.919027947942, 40.3238640264646], [-123.91900845381, 40.3238735210868], [-123.918989813057, 40.3238839710984], [-123.918972103939, 40.3238953317334], [-123.918955404662, 40.3239075546228], [-123.918939785135, 40.3239205869586], [-123.918925312876, 40.3239343732496], [-123.918912049479, 40.3239488553484], [-123.918911265528, 40.3239498084333], [-123.918909882915, 40.3239513167304], [-123.91890679735, 40.3239511088074], [-123.918440578907, 40.3238983893067], [-123.918439438691, 40.3238982425025], [-123.918437330417, 40.3238978844634], [-123.918437290293, 40.3238971820716], [-123.918437349112, 40.3238944004933], [-123.918437557834, 40.3238906942914], [-123.918437606821, 40.3238898794792], [-123.918463275979, 40.3234893379739], [-123.918463331953, 40.3234885177006], [-123.91847582042, 40.3233151706996], [-123.918476308984, 40.3233109217288], [-123.918481198083, 40.3233115000316], [-123.918486621019, 40.3233122984221], [-123.918488000898, 40.3233124991793], [-123.918510835936, 40.3233151989698], [-123.918533853144, 40.3233167495489], [-123.918556953561, 40.3233171444951], [-123.918580038298, 40.3233163827918], [-123.918603007343, 40.3233144670351], [-123.918625765456, 40.3233114051886], [-123.918648211594, 40.3233072106678], [-123.918670251831, 40.3233019013361], [-123.918691792319, 40.3232955004617], [-123.91871273808, 40.3232880349258], [-123.918733002447, 40.323279536949], [-123.918752496447, 40.3232700423738], [-123.918771137071, 40.3232595924007], [-123.918788844882, 40.323248231806], [-123.918805545206, 40.3232360089315], [-123.918821164604, 40.3232229766137], [-123.918835636737, 40.3232091903356], [-123.918848900007, 40.3231947082451], [-123.918860896427, 40.3231795938672], [-123.918871576253, 40.3231639115619], [-123.918880893302, 40.323147727463], [-123.918888808513, 40.3231311121523], [-123.918895285176, 40.3231141361926], [-123.918900298378, 40.3230968718548], [-123.918903825595, 40.3230793940938], [-123.918905851353, 40.3230617769073], [-123.918906012589, 40.3230593449691], [-123.918921471479, 40.3228026373612], [-123.918921845262, 40.3227993875092]]]]}, "properties": {"OBJECTID": 10350269, "UtilityCompany": "PGE", "StartDate": 1782607593000, "EstimatedRestoreDate": 1782687180000, "Cause": "REPAIR WIRE DWN", "ImpactedCustomers": 14, "Shape__Area": 27870.06640625, "Shape__Length": 930.0784516525366, "County": "HUMBOLDT", "OutageStatus": "Active", "OutageType": "Not Planned", "IncidentId": "292481"}}, {"type": "Feature", "id": 10350270, "geometry": {"type": "Polygon", "coordinates": [[[-120.530926102507, 37.3282279085086], [-120.530928007856, 37.3282279978572], [-120.530928156825, 37.3282296519103], [-120.530928177776, 37.3282304940402], [-120.530928233241, 37.3283638340434], [-120.530928201195, 37.3283665359816], [-120.530924918562, 37.3284998071827], [-120.530924852185, 37.3285052119126], [-120.530924908629, 37.3286398306905], [-120.530924964632, 37.328775806618], [-120.530924932585, 37.3287785085561], [-120.530921649917, 37.3289117788473], [-120.530921583538, 37.3289171835767], [-120.530921639845, 37.3290518050476], [-120.530921695889, 37.3291877782646], [-120.530921663842, 37.3291904802025], [-120.530918381079, 37.3293237513849], [-120.530918314698, 37.329329156114], [-120.530918370987, 37.3294637766756], [-120.530918427013, 37.3295997489833], [-120.530918394964, 37.329602450921], [-120.530915112107, 37.3297357229945], [-120.530915045724, 37.3297411277233], [-120.530915101967, 37.3298757482762], [-120.530915157945, 37.330011720575], [-120.530915125925, 37.330014421612], [-120.530911844041, 37.3301476964014], [-120.530911777774, 37.3301530975275], [-120.530911832783, 37.3302877198492], [-120.530911888713, 37.3304236921393], [-120.530911856692, 37.3304263931761], [-120.530908574774, 37.3305596670555], [-120.530908508445, 37.3305650699824], [-120.530908620418, 37.3308356646002], [-120.530908588366, 37.3308383665374], [-120.530905305343, 37.3309716376822], [-120.530905238953, 37.3309770424099], [-120.530905295085, 37.3311116620361], [-120.530905350861, 37.3312476361096], [-120.530905318837, 37.331250337146], [-120.530902060207, 37.3313826202096], [-120.530901798179, 37.3313861761586], [-120.530898856186, 37.3313863454257], [-120.530897119325, 37.3313863812515], [-120.530890059074, 37.3313865231002], [-120.530867969167, 37.331387796584], [-120.530846031183, 37.3313902204244], [-120.530824338008, 37.3313937839445], [-120.530802983749, 37.33139847379], [-120.530782059392, 37.3314042684305], [-120.530761653757, 37.331411143587], [-120.530741855813, 37.3314190704781], [-120.530722749123, 37.3314280129999], [-120.530704416125, 37.3314379350252], [-120.530686933853, 37.3314487931045], [-120.530670379431, 37.3314605410868], [-120.530654822236, 37.3314731281536], [-120.530640329446, 37.3314865016381], [-120.530626962809, 37.3315006024517], [-120.530614779563, 37.3315153714119], [-120.530603832552, 37.3315307456395], [-120.530594168, 37.3315466576115], [-120.530585827593, 37.3315630406111], [-120.530578846364, 37.3315798241777], [-120.530573255998, 37.33159693688], [-120.530569078116, 37.3316143043724], [-120.530566330925, 37.3316318531396], [-120.530565638903, 37.3316412324735], [-120.530565486801, 37.3316412247912], [-120.530564844084, 37.3316499256733], [-120.530562772704, 37.3316500446248], [-120.5305617181, 37.3316500613508], [-120.53023826573, 37.3316501457769], [-120.52991458658, 37.3316502290852], [-120.529911682801, 37.3316500927283], [-120.529911291829, 37.3316478343423], [-120.529911107181, 37.3316462020728], [-120.529911070974, 37.3316462049212], [-120.529910613589, 37.3316421500192], [-120.529907578424, 37.331624631875], [-120.529903114899, 37.331607309185], [-120.529897241992, 37.3315902571424], [-120.529889985538, 37.3315735483804], [-120.529881375944, 37.3315572538251], [-120.52987145038, 37.3315414445437], [-120.529860250674, 37.3315261871954], [-120.529847825486, 37.3315115467788], [-120.529834228006, 37.331497587487], [-120.529819516121, 37.3314843682034], [-120.529803753442, 37.3314719452278], [-120.529787007051, 37.3314603722291], [-120.52976934756, 37.3314496984438], [-120.529750852467, 37.331439969648], [-120.529731600517, 37.3314312280386], [-120.529711672884, 37.331423510457], [-120.529691156501, 37.3314168502598], [-120.529670138476, 37.3314112754003], [-120.529648708293, 37.331406810277], [-120.529626958995, 37.3314034739558], [-120.529604982644, 37.3314012809761], [-120.529596532258, 37.331400830474], [-120.529596539484, 37.3314007477174], [-120.529589449991, 37.331400369804], [-120.529588290277, 37.3314002536557], [-120.529588262171, 37.3313999403629], [-120.529588217959, 37.3313963987467], [-120.52959143852, 37.3312657613947], [-120.529591505066, 37.3312603548703], [-120.52959145102, 37.3311270870787], [-120.52959148315, 37.3311243842432], [-120.529594768545, 37.3309911123213], [-120.529594835029, 37.3309857075978], [-120.529594782167, 37.3308524371222], [-120.529594814266, 37.3308497351871], [-120.529598076182, 37.3307174540551], [-120.529598346496, 37.3307137847354], [-120.529598456892, 37.3307134464], [-120.529601077857, 37.3307048535397], [-120.529605255899, 37.3306874860853], [-120.529608002138, 37.3306699373211], [-120.529609305075, 37.3306522827052], [-120.529609159978, 37.3306345978371], [-120.529607566624, 37.3306169584101], [-120.529604531558, 37.3305994402593], [-120.52960006815, 37.3305821175598], [-120.529598537631, 37.3305773715691], [-120.529598292342, 37.3305764193159], [-120.529598254303, 37.3305759958729], [-120.529598210059, 37.3305724551568], [-120.529601429449, 37.3304418150609], [-120.529601495871, 37.330436412138], [-120.529601442943, 37.3303031416508], [-120.52960147504, 37.3303004397154], [-120.529604736866, 37.3301681585708], [-120.5296050054, 37.3301645090394], [-120.529609359828, 37.3301583936602], [-120.529614676526, 37.3301506357275], [-120.529624341114, 37.3301347229327], [-120.529632681551, 37.3301183399992], [-120.529639662834, 37.3301015564873], [-120.529645254406, 37.3300844438526], [-120.529649431268, 37.3300670763698], [-120.529652178594, 37.3300495276253], [-120.529653481502, 37.3300318730064], [-120.529653336387, 37.3300141881363], [-120.5296517419, 37.3299965486848], [-120.529648707969, 37.3299790305576], [-120.529644244579, 37.329961707859], [-120.529638371839, 37.3299446558061], [-120.529631115582, 37.3299279470317], [-120.529622506213, 37.3299116524622], [-120.529612580901, 37.3298958431649], [-120.529608665849, 37.3298903047937], [-120.529608336627, 37.3298897788422], [-120.529608178467, 37.3298880272699], [-120.529608157531, 37.3298871851406], [-120.529608083041, 37.3296993547115], [-120.529608130578, 37.3296963881547], [-120.529611303069, 37.329619670319], [-120.529611371594, 37.3296178198481], [-120.529611487472, 37.329610666085], [-120.529611435236, 37.3294791970339], [-120.529611467331, 37.3294764950982], [-120.529614752425, 37.3293432240388], [-120.5296148189, 37.3293378193137], [-120.52961476581, 37.3292045497038], [-120.529614797874, 37.3292018486685], [-120.529618081914, 37.3290685739768], [-120.529618148269, 37.3290631728538], [-120.529618084906, 37.3289022109955], [-120.529618107887, 37.3288999594537], [-120.529621446985, 37.3287368599084], [-120.529621467007, 37.3287357320628], [-120.52962478384, 37.3285182654083], [-120.529624808651, 37.3285148901465], [-120.529624757134, 37.3283806049362], [-120.529624789197, 37.3283779039006], [-120.529628050767, 37.3282456209107], [-120.529628312865, 37.328242064064], [-120.52963138362, 37.3282418876039], [-120.530280262504, 37.3282335397108], [-120.530282934199, 37.3282335225165], [-120.530451107451, 37.3282334797097], [-120.530456013973, 37.3282334497072], [-120.530924711295, 37.3282279019889], [-120.530926102507, 37.3282279085086]]]}, "properties": {"OBJECTID": 10350270, "UtilityCompany": "PGE", "StartDate": 1782616104000, "EstimatedRestoreDate": 1782666000000, "Cause": "EMERG REPAIRS", "ImpactedCustomers": 42, "Shape__Area": 67426.70703125, "Shape__Length": 1216.9109920911894, "County": "MERCED", "OutageStatus": "Active", "OutageType": "Not Planned", "IncidentId": "292524"}}, {"type": "Feature", "id": 10350271, "geometry": {"type": "Polygon", "coordinates": [[[-122.792592005282, 38.4196803580611], [-122.79259593419, 38.4196804659513], [-122.792595966658, 38.4196807291661], [-122.792596120106, 38.4196843541608], [-122.792608447671, 38.4223737982641], [-122.79260828368, 38.4223774641517], [-122.79259856045, 38.4223816926092], [-122.792579435747, 38.4223910017478], [-122.792561126233, 38.4224012748329], [-122.792543709932, 38.4224124678432], [-122.792527260297, 38.4224245331442], [-122.792511850796, 38.4224374185955], [-122.792497543446, 38.4224510693325], [-122.792484403711, 38.4224654277934], [-122.792472484469, 38.4224804309864], [-122.792461838602, 38.4224960150188], [-122.792452510973, 38.422512114181], [-122.792444540736, 38.4225286582471], [-122.792437964751, 38.4225455769874], [-122.792432808428, 38.4225627983492], [-122.792429094894, 38.4225802475719], [-122.7924268404, 38.4225978507844], [-122.792426053182, 38.4226155322983], [-122.792426063745, 38.4226182459013], [-122.792432447753, 38.4232632493843], [-122.792432303259, 38.4232665034465], [-122.792431822003, 38.4232665395443], [-122.792427508481, 38.4232666562731], [-122.791467419244, 38.4232706728049], [-122.791447542672, 38.4232712088108], [-122.791425156194, 38.4232729029247], [-122.791402958874, 38.4232757455298], [-122.791381044684, 38.4232797241761], [-122.791359508758, 38.4232848219103], [-122.791338442806, 38.4232910163649], [-122.79131793626, 38.4232982815642], [-122.791298078567, 38.4233065861247], [-122.791278953455, 38.4233158950484], [-122.791260643523, 38.4233261679276], [-122.791243225654, 38.4233373607396], [-122.791226776738, 38.423349425857], [-122.791211365664, 38.4233623111319], [-122.791197059032, 38.4233759617089], [-122.79118391773, 38.4233903191172], [-122.791171998064, 38.4234053230757], [-122.791161351781, 38.4234209069862], [-122.791152023744, 38.4234370060412], [-122.791144054253, 38.4234535500172], [-122.791137476735, 38.4234704686787], [-122.79113232004, 38.4234876890782], [-122.791128607287, 38.4235051391592], [-122.791126351302, 38.4235227423409], [-122.791125564902, 38.4235404238444], [-122.791125572548, 38.4235429400739], [-122.791137086692, 38.4248287485521], [-122.79113776361, 38.4248439155432], [-122.791139917076, 38.4248615265796], [-122.7911435305, 38.4248789888122], [-122.791148588058, 38.4248962274113], [-122.791155068194, 38.4249131702404], [-122.791162942483, 38.424929742447], [-122.791172177904, 38.4249458736767], [-122.791182734558, 38.4249614962663], [-122.791194567962, 38.4249765416432], [-122.791207626747, 38.4249909457287], [-122.791221854956, 38.4250046471395], [-122.791237192037, 38.4250175880891], [-122.791253571706, 38.4250297116817], [-122.791270924229, 38.4250409664232], [-122.791289176424, 38.4250513044179], [-122.791308248226, 38.4250606804617], [-122.791328058404, 38.4250690565582], [-122.791348523435, 38.4250763947069], [-122.791369554049, 38.4250826641068], [-122.791391060965, 38.4250878375623], [-122.79141295259, 38.4250918941817], [-122.79143513389, 38.4250948157714], [-122.791457510958, 38.4250965895468], [-122.791479987579, 38.4250972090282], [-122.791483001746, 38.4250972035766], [-122.791980922682, 38.4250946529955], [-122.792679566656, 38.4250910478524], [-122.792683830354, 38.4250911653443], [-122.7926838908, 38.425091661124], [-122.792684031848, 38.425094820161], [-122.792694625758, 38.42627621355], [-122.792694478808, 38.4262795270872], [-122.792693473858, 38.4262796028146], [-122.792690209631, 38.4262796988785], [-122.791152542286, 38.4262935286406], [-122.790355779073, 38.4263006883555], [-122.790351981551, 38.4263005833287], [-122.790351874099, 38.4262997080489], [-122.790351758448, 38.4262973096876], [-122.790344320033, 38.4258355457434], [-122.790327027116, 38.4247619065821], [-122.790326368876, 38.4247482626869], [-122.790324215611, 38.4247306516359], [-122.790320602393, 38.4247131893782], [-122.790315545043, 38.4246959507434], [-122.790309065123, 38.4246790078679], [-122.790301191056, 38.4246624356038], [-122.790291955865, 38.4246463043052], [-122.79028139945, 38.4246306816353], [-122.790269566292, 38.4246156361659], [-122.79025650776, 38.4246012319757], [-122.790242279813, 38.4245875304476], [-122.790226943001, 38.4245745893676], [-122.790210563606, 38.4245624656313], [-122.790193211362, 38.4245512107327], [-122.79017495945, 38.4245408725672], [-122.790155887932, 38.4245314963389], [-122.790136078037, 38.4245231200444], [-122.790115613286, 38.4245157816841], [-122.790094582945, 38.4245095120592], [-122.790073076294, 38.4245043383661], [-122.790051184922, 38.4245002814966], [-122.790029003861, 38.4244973596455], [-122.790006627014, 38.4244955855977], [-122.789988917419, 38.4244950005121], [-122.789594374622, 38.4244899876765], [-122.789591143137, 38.4244898809377], [-122.789590112317, 38.4244897988782], [-122.789590049645, 38.424489287772], [-122.789589908692, 38.4244861431509], [-122.789581396106, 38.4235473802845], [-122.78958071944, 38.423532242121], [-122.78957856639, 38.4235146310532], [-122.78957495341, 38.4234971687695], [-122.789569896324, 38.4234799291985], [-122.789563416684, 38.4234629871803], [-122.789555542919, 38.4234464148635], [-122.789546308049, 38.4234302826026], [-122.789535751968, 38.4234146607643], [-122.789523919162, 38.4233996152177], [-122.789510860997, 38.4233852109424], [-122.789496633431, 38.4233715084207], [-122.789481297006, 38.4233585681428], [-122.78946491801, 38.423346444301], [-122.789447566173, 38.4233351892907], [-122.789429314673, 38.4233248510081], [-122.789410243573, 38.4233154737566], [-122.789390434094, 38.4233070982367], [-122.78936996976, 38.4232997597458], [-122.789348939837, 38.4232934899871], [-122.789327433603, 38.423288315256], [-122.789305542639, 38.4232842582476], [-122.789283361978, 38.423281337157], [-122.789260985528, 38.4232795620665], [-122.78923850949, 38.4232789430621], [-122.789235710774, 38.4232789470411], [-122.788997560041, 38.4232800442736], [-122.788995115276, 38.4232800624024], [-122.788890548581, 38.4232811294898], [-122.788759155705, 38.4232824653635], [-122.788758534774, 38.4232824705528], [-122.788652163445, 38.423283249388], [-122.788648178219, 38.4232831394615], [-122.788648093176, 38.423282445366], [-122.788647964897, 38.423279683786], [-122.788637215974, 38.4224308785783], [-122.788637353277, 38.4224277912339], [-122.788638349013, 38.4224277155246], [-122.788641631401, 38.4224276196061], [-122.788723587712, 38.422426891395], [-122.788723670193, 38.4224268915437], [-122.788747960689, 38.4224266847916], [-122.788748088999, 38.4224266832204], [-122.788824124737, 38.422426014562], [-122.788825774435, 38.4224259968066], [-122.788879726711, 38.4224253180579], [-122.788947606387, 38.4224244697025], [-122.788947714077, 38.422424468094], [-122.788978310418, 38.4224240779857], [-122.788981683191, 38.4224240218742], [-122.789194301992, 38.4224196694904], [-122.789196058262, 38.4224196402054], [-122.789548383791, 38.4224152608169], [-122.78954952712, 38.4224152493517], [-122.789912535822, 38.4224126355246], [-122.789914439802, 38.4224126308267], [-122.789940767578, 38.4224126699086], [-122.789963124128, 38.4224121313927], [-122.789985510373, 38.4224104375572], [-122.790007707483, 38.4224075952196], [-122.790029621484, 38.4224036168289], [-122.790051157238, 38.4223985202392], [-122.790072223042, 38.4223923251133], [-122.790092729454, 38.4223850601306], [-122.790112587032, 38.4223767557726], [-122.790131712045, 38.4223674470375], [-122.790150023036, 38.4223571752361], [-122.790167439694, 38.4223459816812], [-122.790183888553, 38.4223339176115], [-122.790199299594, 38.422321031568], [-122.790213606204, 38.4223073811103], [-122.790226747501, 38.4222930238082], [-122.790238667175, 38.4222780208443], [-122.79024931349, 38.4222624361133], [-122.790258641572, 38.4222463380284], [-122.790266611133, 38.4222297932081], [-122.79027318874, 38.4222128745922], [-122.790278345547, 38.422195654227], [-122.79028205958, 38.4221782041714], [-122.790284314582, 38.4221606010005], [-122.790285100003, 38.422143323245], [-122.7902865351, 38.4218435049211], [-122.790286536265, 38.4218431020762], [-122.790286533003, 38.4218410607987], [-122.790285606626, 38.421703043941], [-122.790285612447, 38.4217010306176], [-122.79029234219, 38.4211504598342], [-122.790292349752, 38.4211498253861], [-122.790294854096, 38.4208787570637], [-122.790294862584, 38.4208774061444], [-122.79029417826, 38.4208597220069], [-122.790292025114, 38.4208421109439], [-122.790288412092, 38.4208246486741], [-122.790283355021, 38.4208074091261], [-122.790276875448, 38.4207904671397], [-122.790269001808, 38.4207738948637], [-122.790259767117, 38.4207577626522], [-122.790249211267, 38.4207421408718], [-122.790237378747, 38.420727095391], [-122.790224320921, 38.4207126902885], [-122.790210093739, 38.4206989887494], [-122.79019475775, 38.4206860485602], [-122.790178379235, 38.4206739248139], [-122.790161027924, 38.4206626699057], [-122.790142776993, 38.4206523317311], [-122.790123706501, 38.4206429545931], [-122.790103897668, 38.4206345791918], [-122.790083434015, 38.4206272408242], [-122.790062404803, 38.4206209711926], [-122.790040899308, 38.4206157965922], [-122.790019009111, 38.4206117397175], [-122.789996829239, 38.4206088178616], [-122.789974453593, 38.4206070438099], [-122.789951978375, 38.4206064249446], [-122.789945883911, 38.4206064563789], [-122.7897111197, 38.4206093113179], [-122.789466596106, 38.4206122870434], [-122.78946637844, 38.4206122902573], [-122.788634098233, 38.4206215834311], [-122.788633566678, 38.420621588781], [-122.788141089743, 38.4206258887978], [-122.788137266174, 38.4206257836523], [-122.788137177784, 38.4206250616122], [-122.788137051657, 38.4206223559102], [-122.788136892291, 38.4206102431735], [-122.788136882741, 38.4206095906702], [-122.78812293048, 38.4197508955206], [-122.788123062948, 38.4197479000916], [-122.788123312786, 38.4197474706594], [-122.788125349188, 38.4197444624504], [-122.788148046799, 38.419713159813], [-122.788150424522, 38.4197101684425], [-122.788151335431, 38.4197100997937], [-122.788154928158, 38.4197099972399], [-122.790461047477, 38.4196927876825], [-122.790462351124, 38.4196927819023], [-122.791131557022, 38.4196917711758], [-122.791134309804, 38.4196917580572], [-122.792592005282, 38.4196803580611]]]}, "properties": {"OBJECTID": 10350271, "UtilityCompany": "PGE", "StartDate": 1782629098000, "EstimatedRestoreDate": 1782684000000, "Cause": "BRKN POLE", "ImpactedCustomers": 1, "Shape__Area": 266135.3671875, "Shape__Length": 3467.394712220849, "County": "SONOMA", "OutageStatus": "Active", "OutageType": "Not Planned", "IncidentId": "292639"}}, {"type": "Feature", "id": 10350272, "geometry": {"type": "Polygon", "coordinates": [[[-122.337324901686, 37.9829611115222], [-122.337328753788, 37.9829625193904], [-122.338264641783, 37.9833427534302], [-122.338267377347, 37.9833438521567], [-122.33828767203, 37.9833512684873], [-122.338308536534, 37.9833576191045], [-122.338329882301, 37.983362874669], [-122.338351615001, 37.9833670148218], [-122.338373643702, 37.9833700210254], [-122.338395874009, 37.9833718801311], [-122.338418210328, 37.9833725852919], [-122.338440557055, 37.9833721314637], [-122.3384628185, 37.9833705226147], [-122.338484898957, 37.9833677645156], [-122.338506704944, 37.9833638692585], [-122.33852814179, 37.9833588543369], [-122.338549118223, 37.9833527390658], [-122.338569545169, 37.9833455517853], [-122.338589333536, 37.9833373226382], [-122.338608399888, 37.9833280863055], [-122.338626663007, 37.9833178837896], [-122.338644042806, 37.9833067570006], [-122.338660465976, 37.9832947541957], [-122.338675862597, 37.983281926355], [-122.338690166116, 37.9832683298853], [-122.33870331567, 37.9832540221265], [-122.338715254914, 37.9832390640492], [-122.338725932034, 37.9832235193529], [-122.338729732777, 37.9832173318179], [-122.338729896949, 37.9832170560486], [-122.338730441543, 37.9832162623807], [-122.338730860858, 37.9832162322922], [-122.338735393838, 37.9832161297956], [-122.339437718443, 37.9832166630862], [-122.339457967666, 37.9832162035935], [-122.339480229052, 37.98321459365], [-122.33948400416, 37.9832141804341], [-122.33948684936, 37.9832139746975], [-122.33949103044, 37.9832138765046], [-122.340875262616, 37.9832126559912], [-122.340879565719, 37.9832127918637], [-122.34087959742, 37.9832130669311], [-122.340879728032, 37.9832166691699], [-122.340878454902, 37.9841790285568], [-122.340879036632, 37.9841950853774], [-122.340881069926, 37.9842127041355], [-122.340884555222, 37.9842301814181], [-122.340889477273, 37.9842474396299], [-122.340895813951, 37.9842644065445], [-122.340903540852, 37.9842810099226], [-122.340912622191, 37.9842971765599], [-122.340923019851, 37.9843128395482], [-122.340934690038, 37.9843279301443], [-122.340947582084, 37.9843423840734], [-122.340961640744, 37.9843561397386], [-122.340976805044, 37.984369139116], [-122.340993012866, 37.9843813250768], [-122.341010191795, 37.9843926458419], [-122.341028269391, 37.984403052336], [-122.341047169741, 37.9844125017735], [-122.341066808955, 37.984420952225], [-122.341087104223, 37.9844283680766], [-122.341107970418, 37.9844347182074], [-122.341129315564, 37.9844399732613], [-122.341151048746, 37.9844441129003], [-122.341173079028, 37.9844471185896], [-122.341195309738, 37.9844489771694], [-122.341217646419, 37.9844496818017], [-122.341222433948, 37.9844496464286], [-122.341223782959, 37.9844496891342], [-122.341221937167, 37.9844535002139], [-122.341145491973, 37.9845975387379], [-122.34113774909, 37.9846135299977], [-122.341131108391, 37.9846304242024], [-122.341125878099, 37.9846476264331], [-122.341122080521, 37.9846650620088], [-122.341119732257, 37.9846826571179], [-122.341118843097, 37.9847003361079], [-122.341119415996, 37.9847180232882], [-122.341121449352, 37.9847356429424], [-122.341122224664, 37.9847402456048], [-122.341122701898, 37.9847429079488], [-122.341123030576, 37.9847457560252], [-122.341122914943, 37.9847459527573], [-122.341120571523, 37.9847493807082], [-122.34087611158, 37.9850820209379], [-122.340872890426, 37.9850860568336], [-122.340868191199, 37.9850912371804], [-122.340868281842, 37.9850912881599], [-122.340862760324, 37.9850973732874], [-122.340850821206, 37.9851123315793], [-122.340840144251, 37.9851278764651], [-122.340835606644, 37.9851356110358], [-122.340835472715, 37.9851355616163], [-122.340831113205, 37.9851429907506], [-122.340828586306, 37.9851466862478], [-122.339668379183, 37.9867253307544], [-122.339666864749, 37.9867273501261], [-122.339663527767, 37.9867317152043], [-122.339660366212, 37.9867356928168], [-122.339656829551, 37.9867399747576], [-122.339656057224, 37.9867408915269], [-122.339655140225, 37.986741940873], [-122.33965144765, 37.9867460849441], [-122.339647962249, 37.9867498570493], [-122.339643821678, 37.9867541797616], [-122.339643656169, 37.986754350075], [-122.339641943018, 37.9867560519823], [-122.339638149825, 37.9867597331327], [-122.339634312999, 37.9867633275153], [-122.339630016925, 37.9867672122345], [-122.339627542535, 37.9867693559997], [-122.339623675666, 37.9867726176419], [-122.33961951614, 37.9867760056222], [-122.339615411571, 37.9867792334836], [-122.339611945583, 37.9867818556668], [-122.339608048187, 37.9867847115623], [-122.339603727618, 37.9867877714742], [-122.339599941936, 37.9867903603173], [-122.339595301358, 37.9867934220371], [-122.339591146216, 37.9867960664871], [-122.339587600987, 37.9867982547102], [-122.339582847581, 37.9868010724511], [-122.339577965749, 37.9868038615311], [-122.339573285114, 37.9868064372366], [-122.339570416464, 37.9868079731284], [-122.339564825742, 37.9868108267244], [-122.339559774728, 37.9868133066167], [-122.339554537015, 37.9868157800528], [-122.339552366676, 37.9868167800002], [-122.339551960803, 37.9868169597791], [-122.339546035454, 37.9868195402106], [-122.339540752305, 37.9868217466129], [-122.3395349877, 37.9868240530569], [-122.339533761496, 37.9868245337623], [-122.339532289823, 37.9868250851914], [-122.339526491575, 37.9868272066842], [-122.339521057454, 37.9868291049022], [-122.339514740091, 37.9868312081576], [-122.339514504815, 37.9868312852475], [-122.339511969694, 37.986832073148], [-122.339506344964, 37.9868337657049], [-122.33950072559, 37.9868353690652], [-122.339494575061, 37.9868370271241], [-122.339491065464, 37.986837907791], [-122.339485639008, 37.9868392048983], [-122.339479945118, 37.986840482478], [-122.339474299901, 37.9868416656966], [-122.339469674208, 37.9868425581204], [-122.339464495863, 37.9868434898003], [-122.339458844881, 37.9868444269371], [-122.339453870849, 37.9868451786071], [-122.339447977338, 37.9868459854987], [-122.339442687659, 37.9868466335513], [-122.339438226104, 37.9868471276298], [-122.339432282402, 37.9868476899924], [-122.339426386155, 37.986848167], [-122.339420696888, 37.9868485478318], [-122.339417185427, 37.9868487471202], [-122.339410560069, 37.9868490037254], [-122.339404616668, 37.9868491515008], [-122.339398503165, 37.9868492199093], [-122.339396076393, 37.9868492270085], [-122.339395496824, 37.9868492201481], [-122.339388693717, 37.9868491071313], [-122.339382896694, 37.9868489321691], [-122.339376400304, 37.9868486487303], [-122.339374946765, 37.9868485747728], [-122.339373386421, 37.9868484740784], [-122.339367007746, 37.9868480164524], [-122.33936111006, 37.9868475110563], [-122.339354321113, 37.9868468348186], [-122.339354050343, 37.9868468062594], [-122.339351348653, 37.9868464855509], [-122.339345429324, 37.9868457267735], [-122.339339551684, 37.9868448907202], [-122.339333182406, 37.98684389328], [-122.339329559964, 37.986843261866], [-122.339324033621, 37.9868422367144], [-122.339318335205, 37.9868410979362], [-122.339312659136, 37.9868398799708], [-122.339308115781, 37.9868388287955], [-122.339303044608, 37.9868375871893], [-122.339297510573, 37.9868361501095], [-122.339292794064, 37.9868348519121], [-122.339287132091, 37.9868332050167], [-122.339282157994, 37.98683167825], [-122.339278003199, 37.9868303462553], [-122.339272515096, 37.9868284858319], [-122.339267049364, 37.9868265435177], [-122.339261878411, 37.9868246190822], [-122.33925875871, 37.9868234190805], [-122.339252852972, 37.9868210182474], [-122.339247597056, 37.9868187905049], [-122.339241986964, 37.9868163111184], [-122.339239393103, 37.9868151411087], [-122.339210874323, 37.9868020151114], [-122.339067104619, 37.9867358340428], [-122.339064517677, 37.9867346550552], [-122.339028947746, 37.9867186089077], [-122.339023733524, 37.9867163047808], [-122.338989107303, 37.9867013121102], [-122.338983880905, 37.9866990962384], [-122.338948937229, 37.9866845839551], [-122.338943618105, 37.9866824225383], [-122.338908389828, 37.9866684097537], [-122.338908247991, 37.9866683530773], [-122.338902999532, 37.9866663119257], [-122.338867429904, 37.986652777591], [-122.338862092126, 37.9866507918147], [-122.338826217544, 37.9866377406406], [-122.338820767739, 37.9866358029016], [-122.338784643764, 37.9866232613372], [-122.33878038302, 37.9866218097606], [-122.338779153411, 37.9866214008782], [-122.338742753933, 37.9866093597636], [-122.338737230995, 37.9866075775305], [-122.338700569645, 37.9865960405472], [-122.338695008445, 37.9865943347056], [-122.33865811475, 37.986583311032], [-122.338652485743, 37.9865816742055], [-122.33861531651, 37.9865711545857], [-122.338612393804, 37.9865703387176], [-122.338609745798, 37.9865696208307], [-122.338572348819, 37.9865596091384], [-122.338566656912, 37.9865581296776], [-122.338529075273, 37.9865486468843], [-122.338523390545, 37.986547255787], [-122.338485600429, 37.986538290943], [-122.338479856981, 37.9865369716155], [-122.33844186744, 37.9865285310806], [-122.338440291102, 37.9865281833338], [-122.338436122095, 37.9865272964604], [-122.338397945661, 37.9865193794035], [-122.338392176815, 37.9865182257639], [-122.338353843045, 37.9865108377587], [-122.338348018871, 37.9865097586117], [-122.338309534556, 37.9865029042027], [-122.338303703945, 37.9865019079349], [-122.338265055453, 37.9864955834401], [-122.338264913318, 37.9864955601085], [-122.338259227498, 37.9864946719051], [-122.338220455789, 37.9864888811598], [-122.338214559988, 37.9864880431455], [-122.338176967311, 37.9864829674241], [-122.338168502152, 37.986481911261], [-122.338090911874, 37.9864730143396], [-122.338088929012, 37.9864727922817], [-122.338085345325, 37.9864724134052], [-122.33719384982, 37.9863820103892], [-122.337192387897, 37.9863818570451], [-122.337155596349, 37.9863778697487], [-122.337152630686, 37.9863775276741], [-122.337116682167, 37.9863731224175], [-122.33711374532, 37.9863727417494], [-122.337077895787, 37.9863678404351], [-122.33707495249, 37.9863674173696], [-122.337039223569, 37.9863620210208], [-122.337036297709, 37.9863615583964], [-122.337000680293, 37.9863556669618], [-122.336997780964, 37.9863551666324], [-122.336962298909, 37.9863487865557], [-122.336959393138, 37.9863482429278], [-122.336924061247, 37.9863413742925], [-122.336921175184, 37.9863407920197], [-122.336886010506, 37.9863334385272], [-122.336883112324, 37.9863328111213], [-122.336848096713, 37.9863249645581], [-122.336845273921, 37.9863243114392], [-122.336810436832, 37.9863159890956], [-122.336807567831, 37.9863152825399], [-122.336772943449, 37.986306481905], [-122.33677010438, 37.9863057394662], [-122.336735654046, 37.9862964540133], [-122.336732867626, 37.9862956821283], [-122.33669863105, 37.9862859283045], [-122.336695816625, 37.9862851048879], [-122.336661818865, 37.9862748819335], [-122.336659034373, 37.9862740226337], [-122.336625248152, 37.9862633249874], [-122.336622511752, 37.9862624362158], [-122.336588969962, 37.9862512784837], [-122.336586212391, 37.9862503382191], [-122.336552933268, 37.9862387187018], [-122.336550218098, 37.9862377489334], [-122.336517184577, 37.9862256657322], [-122.336514506139, 37.9862246637242], [-122.336481072463, 37.9862118734567], [-122.336479723186, 37.9862113512156], [-122.335698384929, 37.9859056924345], [-122.335693410177, 37.9859036220424], [-122.335688753886, 37.9859015949075], [-122.335687722943, 37.9859011312357], [-122.335683666312, 37.9858991552553], [-122.335680129674, 37.9858973516519], [-122.335673219107, 37.9858933803464], [-122.335673080942, 37.9858932957472], [-122.335666343145, 37.9858888549504], [-122.335661107605, 37.9858850183829], [-122.33565914544, 37.9858835138833], [-122.335654904297, 37.98587990014], [-122.335651785643, 37.9858770795521], [-122.335647081973, 37.9858724771985], [-122.335647056035, 37.9858724491124], [-122.335641927747, 37.9858666952317], [-122.335638049976, 37.9858616802515], [-122.335635669639, 37.9858583095479], [-122.335632866848, 37.985854052305], [-122.335631670531, 37.9858519753134], [-122.335628892704, 37.9858468439723], [-122.33562589776, 37.9858404072564], [-122.335625774031, 37.9858401109385], [-122.335623413779, 37.9858337553176], [-122.335622421344, 37.9858304104791], [-122.33562177237, 37.9858279986001], [-122.335621052562, 37.9858246021263], [-122.335620045683, 37.9858190707073], [-122.335619412018, 37.9858135720398], [-122.335619098058, 37.9858070945886], [-122.335618831433, 37.9858025659664], [-122.335618446303, 37.9857970353556], [-122.335618326142, 37.9857930600438], [-122.335618336015, 37.9857928492006], [-122.335618347003, 37.9857927672465], [-122.335619253508, 37.985788593144], [-122.335619975603, 37.9857858005592], [-122.33562165727, 37.9857802735116], [-122.335622214876, 37.985778800369], [-122.335624934962, 37.9857721498866], [-122.335626139163, 37.9857693113561], [-122.335644734393, 37.9857270635667], [-122.335645840457, 37.9857246264514], [-122.335816872834, 37.9853587490639], [-122.335817674125, 37.9853571493151], [-122.33581831952, 37.9853560425858], [-122.335822892802, 37.9853571688707], [-122.337196692644, 37.9857400618512], [-122.337198050062, 37.9857404381231], [-122.337219395297, 37.9857456938862], [-122.337241129771, 37.9857498342549], [-122.337263159134, 37.9857528406716], [-122.337285390128, 37.9857546999928], [-122.337307727156, 37.9857554053708], [-122.337330074609, 37.9857549517605], [-122.337352336795, 37.9857533431293], [-122.337374418007, 37.9857505852467], [-122.337396224757, 37.9857466902043], [-122.33741766237, 37.9857416754942], [-122.337438639567, 37.985735561332], [-122.337459067289, 37.9857283733532], [-122.337478856422, 37.9857201444033], [-122.337489927364, 37.9857149478103], [-122.337693073583, 37.9856154471623], [-122.33770106858, 37.9856114084942], [-122.337719332402, 37.9856012052283], [-122.33773671288, 37.9855900785839], [-122.33775313671, 37.9855780759165], [-122.337768533962, 37.9855652491067], [-122.337782838106, 37.985551651857], [-122.337795988248, 37.9855373442106], [-122.337807928052, 37.9855223862362], [-122.3378186057, 37.9855068416332], [-122.337827976171, 37.9854907786456], [-122.337835999001, 37.9854742646416], [-122.33784264054, 37.9854573697318], [-122.337847871648, 37.9854401685583], [-122.337851670042, 37.9854227330981], [-122.337852302, 37.9854189368699], [-122.337867538986, 37.9853220614107], [-122.337869256093, 37.9853082626042], [-122.33787014718, 37.9852905836543], [-122.337869573922, 37.9852728964607], [-122.33786754133, 37.9852552767589], [-122.337864056698, 37.9852378002973], [-122.337859135294, 37.9852205419677], [-122.337852799248, 37.9852035739968], [-122.337845072936, 37.9851869713275], [-122.337835992167, 37.9851708044609], [-122.337825595048, 37.9851551412071], [-122.337813926512, 37.9851400503157], [-122.33780103495, 37.9851255960495], [-122.337786976741, 37.9851118400124], [-122.33777181172, 37.9850988402226], [-122.337755604281, 37.9850866538229], [-122.337753171251, 37.9850849565372], [-122.337729719939, 37.9850687574167], [-122.337726646763, 37.9850664463611], [-122.337726843376, 37.9850649693729], [-122.337727835856, 37.9850561568617], [-122.337728726974, 37.9850384779124], [-122.33772815375, 37.9850207907176], [-122.337726121199, 37.9850031710131], [-122.337722636611, 37.9849856945469], [-122.337717715265, 37.9849684353099], [-122.337711379263, 37.9849514682324], [-122.337703654147, 37.9849348655601], [-122.337694573448, 37.9849186977813], [-122.337684175248, 37.9849030354097], [-122.337672506781, 37.9848879445042], [-122.337659615289, 37.9848734902225], [-122.337645557162, 37.9848597332674], [-122.33763039221, 37.9848467343608], [-122.337614184849, 37.9848345479418], [-122.337597006347, 37.9848232266854], [-122.33757892915, 37.9848128187669], [-122.33756003029, 37.9848033687823], [-122.337540390247, 37.9847949177422], [-122.337520095245, 37.9847875012814], [-122.3374992304, 37.984781151424], [-122.337477884292, 37.9847758948055], [-122.337456151229, 37.9847717544889], [-122.337434122142, 37.9847687490117], [-122.337429781971, 37.9847682937518], [-122.337272007308, 37.9847525770416], [-122.336177006835, 37.9846434968882], [-122.336173271842, 37.9846429864145], [-122.33617491823, 37.9846395978902], [-122.336478521429, 37.9840792418486], [-122.336481248333, 37.9840746003302], [-122.336482403726, 37.9840728754938], [-122.336975652075, 37.9833746422945], [-122.336979199959, 37.9833701243604], [-122.337182678875, 37.9831251385391], [-122.337184521489, 37.9831229660277], [-122.337321919043, 37.9829643185886], [-122.337324735156, 37.9829612692088], [-122.337324901686, 37.9829611115222]]]}, "properties": {"OBJECTID": 10350272, "UtilityCompany": "PGE", "StartDate": 1782635220000, "EstimatedRestoreDate": 1782660600000, "Cause": "THRD PARTY", "ImpactedCustomers": 6, "Shape__Area": 205543.95703125, "Shape__Length": 2324.418037174811, "County": "CONTRA COSTA", "OutageStatus": "Active", "OutageType": "Not Planned", "IncidentId": "292649"}}, {"type": "Feature", "id": 10350273, "geometry": {"type": "Polygon", "coordinates": [[[-121.6367728429, 36.700852236632], [-121.6367767014, 36.7008530082623], [-121.636973203718, 36.7008996693987], [-121.636975201465, 36.7009001384744], [-121.637165563101, 36.7009443095828], [-121.637167746899, 36.7009448294619], [-121.637365963986, 36.7009931781046], [-121.637368117585, 36.7009936967328], [-121.637562186224, 36.7010398927581], [-121.637565582566, 36.7010407825671], [-121.637566323968, 36.7010410173081], [-121.637565583041, 36.7010434192113], [-121.63746593848, 36.7013038530555], [-121.637465458272, 36.7013051194551], [-121.637367849023, 36.70156474359], [-121.637367075631, 36.7015666376235], [-121.637366583181, 36.701567646078], [-121.637362917627, 36.7015669127318], [-121.637170087484, 36.7015207539905], [-121.636970811049, 36.701473053621], [-121.636777203284, 36.7014267095663], [-121.636585166464, 36.7013807383493], [-121.636582013057, 36.7013799107883], [-121.636581152535, 36.7013796386202], [-121.636582278252, 36.7013759881644], [-121.636675000814, 36.7011168342456], [-121.636675882424, 36.7011144546921], [-121.636679311731, 36.7011054924397], [-121.636681487387, 36.7010995653156], [-121.636682402969, 36.7010969103181], [-121.636684097866, 36.7010918998351], [-121.636685077232, 36.7010891193701], [-121.636732602047, 36.700959565163], [-121.636732832475, 36.7009589413187], [-121.636771537854, 36.7008552666657], [-121.636772410827, 36.7008531222817], [-121.6367728429, 36.700852236632]]]}, "properties": {"OBJECTID": 10350273, "UtilityCompany": "PGE", "StartDate": 1782640971000, "EstimatedRestoreDate": 1782676800000, "Cause": "EMERG REPAIRS", "ImpactedCustomers": 8, "Shape__Area": 7014.328125, "Shape__Length": 336.0874364713259, "County": "MONTEREY", "OutageStatus": "Active", "OutageType": "Not Planned", "IncidentId": "292672"}}, {"type": "Feature", "id": 10350274, "geometry": {"type": "Polygon", "coordinates": [[[-122.101419160658, 37.3957190132914], [-122.101421527155, 37.3957198911672], [-122.101617871391, 37.3958054956557], [-122.101619850168, 37.3958063922141], [-122.101623111788, 37.3958079970684], [-122.10162925718, 37.3958111552327], [-122.1016355133, 37.3958147856457], [-122.101642852382, 37.3958196852798], [-122.101649766816, 37.3958249521433], [-122.101655696086, 37.3958301267941], [-122.101656522737, 37.3958309109427], [-122.101661275221, 37.395835672846], [-122.101662758389, 37.395837297537], [-122.101665785049, 37.3958407934467], [-122.101666858985, 37.3958421563401], [-122.10167061816, 37.3958471297249], [-122.101674232968, 37.395852650937], [-122.101676194462, 37.3958559422587], [-122.10167641342, 37.3958563387149], [-122.101681377554, 37.3958649492011], [-122.101691645015, 37.3958806332385], [-122.101703175562, 37.3958957473008], [-122.101715921381, 37.3959102270287], [-122.101729826713, 37.3959240116073], [-122.101744832408, 37.3959370401962], [-122.10176087472, 37.3959492582296], [-122.101777883107, 37.3959606128927], [-122.101795785841, 37.3959710558684], [-122.101814506644, 37.3959805415091], [-122.101833965762, 37.395989031352], [-122.101854077794, 37.3959964868909], [-122.101874759511, 37.3960028768476], [-122.101895919723, 37.3960081743896], [-122.101917468336, 37.3960123553972], [-122.101939314033, 37.3960154038536], [-122.101961363213, 37.3960173055276], [-122.101983521059, 37.3960180533892], [-122.102005692735, 37.3960176422115], [-122.102027783295, 37.39601607578], [-122.102030129211, 37.3960158394148], [-122.102037529004, 37.3960152754822], [-122.102039823904, 37.3960151486945], [-122.10204790677, 37.3960149991633], [-122.102049873276, 37.3960150312236], [-122.10205735895, 37.3960153179181], [-122.10206093602, 37.3960155776329], [-122.102066870801, 37.3960161274616], [-122.102067511547, 37.3960162071398], [-122.102071417518, 37.3960167388568], [-122.102074778095, 37.3960172475032], [-122.102077232268, 37.3960176906781], [-122.102081083673, 37.3960184401078], [-122.102083236144, 37.3960188882023], [-122.102086806162, 37.3960197391505], [-122.102090328163, 37.3960206375056], [-122.102097388179, 37.3960227966812], [-122.102100592957, 37.3960238647855], [-122.102108055819, 37.3960266318278], [-122.102114703799, 37.3960294269328], [-122.102118102632, 37.3960308958097], [-122.102215407562, 37.3960741010494], [-122.102215535654, 37.3960741597086], [-122.102220733293, 37.3960767445961], [-122.102440614654, 37.3961921611307], [-122.102454647636, 37.3961991413765], [-122.102461944413, 37.3962024803963], [-122.102804494119, 37.3963547381822], [-122.10281665551, 37.3963598888579], [-122.102826768794, 37.3963637963484], [-122.103064915915, 37.3964519735218], [-122.103066865935, 37.3964527265227], [-122.103070478731, 37.3964542564848], [-122.103608942307, 37.3966936463501], [-122.103611472393, 37.396694927426], [-122.103610729641, 37.396696202618], [-122.103609935934, 37.3966973926964], [-122.103385197464, 37.3970176637508], [-122.103378397969, 37.3970278596727], [-122.103369053453, 37.3970439068075], [-122.103361044567, 37.3970604066347], [-122.103354404912, 37.3970772891036], [-122.103349163587, 37.3970944823271], [-122.10334534295, 37.3971119116624], [-122.103342959695, 37.3971295033255], [-122.103342023765, 37.3971471816781], [-122.103342538321, 37.3971648710305], [-122.103344502006, 37.3971824956589], [-122.103347906687, 37.3971999797878], [-122.103352737429, 37.3972172493927], [-122.103358973662, 37.3972342295055], [-122.103366588003, 37.3972508478098], [-122.103375548542, 37.3972670328564], [-122.103385816545, 37.39728271675], [-122.103397348774, 37.3972978306594], [-122.103410095155, 37.3973123102086], [-122.103424001056, 37.3973260945921], [-122.103439007322, 37.3973391229705], [-122.103455049079, 37.39735134077], [-122.103472058039, 37.3973626951941], [-122.103489962472, 37.3973731379268], [-122.103499225109, 37.3973780024565], [-122.103505002883, 37.3973809305953], [-122.103504929286, 37.397381039101], [-122.103499536057, 37.397387843985], [-122.103499658471, 37.3973879053039], [-122.103493817908, 37.3973952746483], [-122.103483178102, 37.3974107990998], [-122.103479334397, 37.3974172678098], [-122.103479250037, 37.3974172365241], [-122.103475201128, 37.3974240497976], [-122.10347413813, 37.3974256524554], [-122.103453836023, 37.3974548763148], [-122.103452417177, 37.3974568557438], [-122.103452270283, 37.3974570475196], [-122.103451838152, 37.3974576634725], [-122.103450438575, 37.3974596376394], [-122.103444644717, 37.3974679222088], [-122.103442118412, 37.3974717274937], [-122.103392674006, 37.3975428550959], [-122.103391124492, 37.397544801986], [-122.103389190958, 37.3975440851694], [-122.103388348991, 37.397543729961], [-122.103360352756, 37.3975313520923], [-122.103360148252, 37.3975312586034], [-122.103351020861, 37.3975267051539], [-122.103350969231, 37.3975267714625], [-122.103343106449, 37.3975228486349], [-122.103323647882, 37.3975143599451], [-122.10331713513, 37.3975118633799], [-122.103317159326, 37.3975118239039], [-122.103311078435, 37.397509492857], [-122.103308291755, 37.3975083161884], [-122.103272248741, 37.3974923845293], [-122.103272147586, 37.3974923404971], [-122.103192670705, 37.3974571545838], [-122.103190067614, 37.3974558359897], [-122.103180610024, 37.3974512151251], [-122.103161151494, 37.3974427264089], [-122.103152305501, 37.3974393053754], [-122.103151057736, 37.3974387785341], [-122.103076709966, 37.3974058803245], [-122.103074146191, 37.3974045809546], [-122.103065650123, 37.397398910989], [-122.10305504462, 37.39739183243], [-122.103037141374, 37.3973813896409], [-122.103018420079, 37.397371903288], [-122.102998961587, 37.3973634145455], [-122.102978847946, 37.3973559591882], [-122.102958166892, 37.3973495694287], [-122.102947640172, 37.3973467827999], [-122.102938076989, 37.3973443883585], [-122.102936024224, 37.3973436282663], [-122.102935154171, 37.3973432602226], [-122.102864703909, 37.3973120995148], [-122.102864631975, 37.397312068323], [-122.102827784824, 37.3972957518591], [-122.102822833594, 37.397293242779], [-122.102818352016, 37.3972907615989], [-122.102799630772, 37.397281275212], [-122.102780171199, 37.3972727864254], [-122.102769684371, 37.397268739992], [-122.102754400365, 37.3972630987143], [-122.102754150708, 37.3972630021777], [-122.102747000321, 37.3972598833155], [-122.102713207836, 37.397243968565], [-122.1026991964, 37.3972368686335], [-122.102699129891, 37.3972369510533], [-122.102688464942, 37.3972315467245], [-122.102669005396, 37.3972230579198], [-122.102653313563, 37.3972171323119], [-122.102641309469, 37.3972128967853], [-122.102638478594, 37.3972118279279], [-122.102637458083, 37.397211382125], [-122.102630527529, 37.3972045134927], [-122.102621843976, 37.3971959063653], [-122.102606837881, 37.3971828778852], [-122.102590796299, 37.3971706599725], [-122.102573787518, 37.3971593054236], [-122.102555883264, 37.3971488625541], [-122.102537162089, 37.3971393761263], [-122.102517703713, 37.3971308873057], [-122.102497590183, 37.3971234318677], [-122.102476909234, 37.3971170420251], [-122.102455748669, 37.3971117445834], [-122.102434198592, 37.3971075627603], [-122.102412352556, 37.3971045143915], [-122.102400436772, 37.3971034865253], [-122.102400449229, 37.3971033892737], [-122.102389461156, 37.3971024414588], [-122.102389114983, 37.3971022910088], [-122.102385168712, 37.3971003024097], [-122.102374773825, 37.3970947081146], [-122.10235749511, 37.3970860032663], [-122.102338036768, 37.3970775144166], [-122.102328057276, 37.3970736556717], [-122.102315620475, 37.3970690454696], [-122.102279062552, 37.3970539794052], [-122.102273888343, 37.3970516975528], [-122.102271779076, 37.3970506557981], [-122.102258190674, 37.3970436149103], [-122.102245855195, 37.3970375200402], [-122.102226396878, 37.3970290311724], [-122.102206283405, 37.3970215756853], [-122.102204938697, 37.3970211265157], [-122.102199144913, 37.3970189787639], [-122.102198681772, 37.3970187841603], [-122.102161688476, 37.3970025258691], [-122.102090784672, 37.396971366666], [-122.102088342212, 37.3969701285866], [-122.102079846279, 37.3969644576501], [-122.102079801716, 37.3969644996754], [-122.102069983206, 37.396957945283], [-122.102052080201, 37.396947502347], [-122.102033359141, 37.3969380158406], [-122.102013899746, 37.3969295269297], [-122.10199378745, 37.3969220714156], [-122.101973105472, 37.3969156814774], [-122.101962579981, 37.3969128947706], [-122.101952052694, 37.3969102585751], [-122.101949743507, 37.3969094027776], [-122.101949372549, 37.39690924673], [-122.101874487647, 37.3968763833469], [-122.101872204648, 37.3968752266949], [-122.101862746084, 37.3968706057179], [-122.101843287855, 37.3968621167879], [-122.101833880831, 37.3968584786749], [-122.101833242337, 37.3968582097282], [-122.101753705263, 37.3968232576469], [-122.101753343363, 37.3968230998648], [-122.101716832948, 37.396807101989], [-122.101715913794, 37.3968066839888], [-122.101707515351, 37.3968025037031], [-122.101707468314, 37.3968025637363], [-122.101699908809, 37.3967988017421], [-122.101680449499, 37.3967903118758], [-122.101673592655, 37.3967876900221], [-122.101673619164, 37.3967876460572], [-122.101666820793, 37.3967850471811], [-122.101664597306, 37.3967841109074], [-122.101636879398, 37.3967719357486], [-122.101634568337, 37.3967707644571], [-122.101635569469, 37.3967690468739], [-122.101635788074, 37.3967687159356], [-122.101671002949, 37.396717673968], [-122.10167661866, 37.3967091817219], [-122.101685963492, 37.3966931347241], [-122.101693972702, 37.3966766350137], [-122.101700611561, 37.3966597526326], [-122.101705853217, 37.3966425603868], [-122.101709674218, 37.3966251302064], [-122.101712057835, 37.3966075385796], [-122.101712995268, 37.3965898602518], [-122.101712479968, 37.396572170887], [-122.101710516667, 37.3965545471362], [-122.101707112405, 37.3965370620624], [-122.101702282071, 37.3965197932949], [-122.1016960474, 37.396502813107], [-122.101688433512, 37.3964861937976], [-122.101679473429, 37.3964700086269], [-122.101669204762, 37.3964543245805], [-122.101657674138, 37.3964392105151], [-122.101644928243, 37.3964247307813], [-122.101631022825, 37.3964109470941], [-122.101616017069, 37.3963979175895], [-122.101599974687, 37.3963856995364], [-122.101582966232, 37.3963743448477], [-122.101565063423, 37.3963639027409], [-122.101546342568, 37.3963544161591], [-122.101526883379, 37.3963459271699], [-122.101506771289, 37.3963384715749], [-122.101486090653, 37.3963320806609], [-122.10146492924, 37.3963267839377], [-122.101454198394, 37.3963245517601], [-122.101446395199, 37.3963230376753], [-122.101443502277, 37.3963219656138], [-122.101133593396, 37.3961896204738], [-122.101132275273, 37.396189028179], [-122.101130704261, 37.3961882320585], [-122.101131005418, 37.3961876106116], [-122.101132486864, 37.3961850277795], [-122.101417283082, 37.3957217526564], [-122.101419160658, 37.3957190132914]]]}, "properties": {"OBJECTID": 10350274, "UtilityCompany": "PGE", "StartDate": 1782643225000, "EstimatedRestoreDate": 1782659700000, "Cause": "TREE CONTACT", "ImpactedCustomers": 79, "Shape__Area": 29190.015625, "Shape__Length": 837.5339757384902, "County": "SANTA CLARA", "OutageStatus": "Active", "OutageType": "Not Planned", "IncidentId": "292676"}}, {"type": "Feature", "id": 10350275, "geometry": {"type": "Polygon", "coordinates": [[[-122.073151145304, 37.4217024034043], [-122.073154514617, 37.4217024631723], [-122.073180307684, 37.4217031890901], [-122.073186287485, 37.4217034414822], [-122.0732122071, 37.4217049029833], [-122.073216752957, 37.421705231562], [-122.073242020031, 37.4217073720633], [-122.073247830862, 37.4217079467113], [-122.073271665949, 37.4217106465325], [-122.073279527854, 37.4217116888341], [-122.07330504141, 37.4217155627429], [-122.073306992772, 37.4217158682744], [-122.073334539111, 37.421720318751], [-122.073338890647, 37.4217211009821], [-122.073944375376, 37.4218377239189], [-122.073945351723, 37.4218379145412], [-122.07398405837, 37.4218455637489], [-122.073987922171, 37.4218463078842], [-122.07401951996, 37.4218522402076], [-122.074027792569, 37.4218537057046], [-122.074035013642, 37.4218548456897], [-122.07406094675, 37.4218587046952], [-122.07407557762, 37.4218606183893], [-122.074076882263, 37.4218607638107], [-122.074109179613, 37.4218643103149], [-122.074112531735, 37.4218646655628], [-122.074149015338, 37.4218683764424], [-122.074152713554, 37.4218688930371], [-122.074152933291, 37.4218708723147], [-122.074152944133, 37.4218710932298], [-122.074192771501, 37.4233651514813], [-122.07419502346, 37.4234495370304], [-122.074194907674, 37.4234516894423], [-122.074194707201, 37.4234517248274], [-122.074185157081, 37.4234530335976], [-122.074163502217, 37.423456882197], [-122.074142209895, 37.4234618513028], [-122.074121370764, 37.4234679217954], [-122.074101074449, 37.423475065534], [-122.074081406083, 37.42348325254], [-122.074062451981, 37.4234924483372], [-122.074044292885, 37.4235026120965], [-122.074027005021, 37.4235137029533], [-122.074010664734, 37.4235256701293], [-122.073995340424, 37.4235384654881], [-122.073981098347, 37.4235520318627], [-122.073967999106, 37.423566312042], [-122.073956099957, 37.4235812451836], [-122.073945449151, 37.42359676767], [-122.073936094994, 37.4236128113776], [-122.073928076732, 37.4236293099145], [-122.073921428035, 37.4236461905356], [-122.073916179171, 37.4236633813706], [-122.073912350243, 37.4236808104692], [-122.073909959145, 37.4236984013575], [-122.07390903545, 37.4237147625869], [-122.073890037259, 37.4247460721837], [-122.073889824845, 37.4247498291368], [-122.073889797463, 37.4247500335281], [-122.073888835973, 37.4247501017082], [-122.07388553264, 37.4247501794822], [-122.06982109161, 37.4247610577983], [-122.069817304854, 37.4247609288514], [-122.069817212276, 37.4247600988837], [-122.069817118777, 37.4247576077268], [-122.069805323509, 37.4226174215357], [-122.069805477842, 37.4226145384393], [-122.069810263822, 37.422616014651], [-122.069837400459, 37.422625181271], [-122.069857483379, 37.4226313729177], [-122.069873310321, 37.4226354516647], [-122.07061648685, 37.4228110676364], [-122.070621825232, 37.4228122912746], [-122.070626730555, 37.4228133492652], [-122.070668941964, 37.4228221853446], [-122.070672861591, 37.4228229859107], [-122.070712489851, 37.4228308786868], [-122.070725219299, 37.4228332077905], [-122.070728319836, 37.4228337125831], [-122.070764407961, 37.4228394530361], [-122.070776363942, 37.4228411784608], [-122.070814694819, 37.4228461442446], [-122.070821490385, 37.4228469683139], [-122.070826729628, 37.4228475268706], [-122.070865250408, 37.4228513926845], [-122.070877344856, 37.4228524305581], [-122.07091601717, 37.4228551915936], [-122.070920739604, 37.4228555027205], [-122.070928144157, 37.4228558826992], [-122.070966916045, 37.4228575367449], [-122.070979069933, 37.4228578801366], [-122.071017891702, 37.422858424098], [-122.071020498612, 37.4228584517962], [-122.07103004989, 37.4228584195983], [-122.071068870687, 37.4228578530754], [-122.071081025261, 37.4228575006221], [-122.071119794234, 37.4228558232156], [-122.07112026689, 37.4228558025934], [-122.071131923702, 37.4228551244424], [-122.071170596742, 37.4228523385096], [-122.071181038906, 37.4228514561185], [-122.071182676231, 37.4228512941225], [-122.071221199016, 37.4228474055463], [-122.071233238719, 37.4228460138227], [-122.071271558091, 37.4228410257909], [-122.071279803253, 37.4228398683443], [-122.071283520647, 37.4228392918454], [-122.071321590184, 37.4228332112044], [-122.071333472193, 37.4228311359118], [-122.071371248871, 37.4228239686332], [-122.071377304283, 37.4228227723449], [-122.071383016365, 37.4228215571349], [-122.071418490961, 37.4228137462213], [-122.07143401791, 37.4228100059201], [-122.071472821555, 37.4227998442885], [-122.071472874834, 37.4227998311868], [-122.071476666567, 37.422798817211], [-122.07151704583, 37.422787815267], [-122.071528858472, 37.4227844009092], [-122.071556552232, 37.422775928541], [-122.07156024619, 37.4227747785925], [-122.071586289401, 37.4227665321103], [-122.071587830211, 37.4227660403589], [-122.071600871586, 37.4227615972924], [-122.071622792327, 37.4227536915819], [-122.071630048433, 37.4227509913486], [-122.071633546093, 37.4227496298422], [-122.071656880985, 37.4227404147579], [-122.071667436065, 37.4227360603196], [-122.071690365367, 37.4227261930733], [-122.071695979933, 37.4227237215055], [-122.071700710383, 37.4227215521565], [-122.071723177291, 37.422711056639], [-122.071733350897, 37.4227061106192], [-122.071755340643, 37.4226949930241], [-122.071759390771, 37.4226929129718], [-122.071765255293, 37.4226897844787], [-122.071786753075, 37.4226780537037], [-122.071796449715, 37.4226725613221], [-122.071817414584, 37.4226602386784], [-122.071820013747, 37.4226586961512], [-122.071826851093, 37.4226544873676], [-122.071847262552, 37.4226415853136], [-122.071856453752, 37.4226355643741], [-122.071876284449, 37.4226221016236], [-122.071877542731, 37.4226212426045], [-122.071885193889, 37.4226158342045], [-122.071904421042, 37.4226018250007], [-122.071913060103, 37.422595304882], [-122.071931657477, 37.422580768849], [-122.071931708829, 37.4225807286915], [-122.071939999932, 37.4225740147533], [-122.071957948139, 37.4225589661609], [-122.071964980358, 37.422552884998], [-122.071965987142, 37.4225519834428], [-122.071983264477, 37.4225364410491], [-122.071990992008, 37.4225292386593], [-122.072007574485, 37.4225132230077], [-122.072013082405, 37.4225077608183], [-122.072014983694, 37.4225058063005], [-122.072030849576, 37.422489338853], [-122.07203792675, 37.42248172034], [-122.072053061156, 37.4224648163031], [-122.072057182107, 37.4224601093689], [-122.072059797098, 37.4224570085311], [-122.072073086119, 37.4224410084779], [-122.072081525786, 37.4224303126419], [-122.072095893888, 37.4224111230764], [-122.072096738543, 37.422409988601], [-122.072097901787, 37.4224084050515], [-122.072115242362, 37.4223846194117], [-122.072117142364, 37.4223821276791], [-122.072394244354, 37.422029211289], [-122.072397526117, 37.4220251926959], [-122.072412629579, 37.4220073933298], [-122.072413756694, 37.4220060807991], [-122.072428563427, 37.4219890650774], [-122.072433260326, 37.4219839300021], [-122.072448980061, 37.4219675668068], [-122.072450992624, 37.4219655680874], [-122.072467442716, 37.4219496387604], [-122.072471325395, 37.4219460115584], [-122.072488634904, 37.4219304062461], [-122.072491594672, 37.4219278453066], [-122.072509115826, 37.4219131303805], [-122.072513304185, 37.4219097336164], [-122.072531206541, 37.4218957229262], [-122.072535449031, 37.421892518573], [-122.072554201619, 37.421878843542], [-122.072557624132, 37.4218764232362], [-122.072577405566, 37.4218629879199], [-122.072582026737, 37.4218599595947], [-122.07260225331, 37.4218471758353], [-122.072604928311, 37.4218455284278], [-122.07262645966, 37.4218328783853], [-122.072631338594, 37.4218301170766], [-122.072652996296, 37.4218183089776], [-122.072654822166, 37.4218173354248], [-122.072655490922, 37.4218169918497], [-122.072678056628, 37.4218056000811], [-122.072683160345, 37.4218031226553], [-122.072706185837, 37.4217923861624], [-122.072706967784, 37.4217920281521], [-122.072708794952, 37.4217912240619], [-122.072731933718, 37.4217812906517], [-122.072737244025, 37.4217791059794], [-122.072761273145, 37.4217696455443], [-122.072764260194, 37.4217685368826], [-122.072787817052, 37.4217600732333], [-122.072793318031, 37.4217581893013], [-122.072817433634, 37.4217503294247], [-122.072821600397, 37.421749048844], [-122.072845447736, 37.4217420476444], [-122.072851096267, 37.4217404785359], [-122.072874828853, 37.4217342597013], [-122.072880536416, 37.4217328523956], [-122.072904941093, 37.4217272102805], [-122.072909253969, 37.4217262697491], [-122.072934516242, 37.4217211913866], [-122.072940338477, 37.4217201076597], [-122.072965600542, 37.42171577921], [-122.072968838007, 37.4217152583827], [-122.072995216277, 37.4217115092333], [-122.073001115794, 37.421710756904], [-122.073027128171, 37.4217078106827], [-122.073029208051, 37.4217075917411], [-122.073030091675, 37.4217075112396], [-122.073056615294, 37.4217052639597], [-122.073062572861, 37.4217048446799], [-122.073089208203, 37.4217033436831], [-122.073090009965, 37.4217033030999], [-122.073092193226, 37.4217032237754], [-122.073118415705, 37.4217024856801], [-122.07312440078, 37.421702401914], [-122.073151145304, 37.4217024034043]]]}, "properties": {"OBJECTID": 10350275, "UtilityCompany": "PGE", "StartDate": 1782650744000, "EstimatedRestoreDate": 1782667800000, "Cause": "PLNND SHUTDOWN", "ImpactedCustomers": 3, "Shape__Area": 160557.703125, "Shape__Length": 1733.0614780817734, "County": "SANTA CLARA", "OutageStatus": "Active", "OutageType": "Planned", "IncidentId": "292686"}}, {"type": "Feature", "id": 10350276, "geometry": {"type": "Polygon", "coordinates": [[[-122.51900164262, 38.1070429243105], [-122.519002847177, 38.1070434393581], [-122.519004996116, 38.1070444864134], [-122.519339768001, 38.1072163885072], [-122.519342563489, 38.1072179888748], [-122.519342154657, 38.1072185847417], [-122.519340284377, 38.1072209654453], [-122.519306912585, 38.1072610145661], [-122.518606428143, 38.1081017423285], [-122.518600174126, 38.1081095351853], [-122.518021974656, 38.1088578920503], [-122.51801981155, 38.1088607311763], [-122.517955133731, 38.1089467944688], [-122.517952784103, 38.1089497229549], [-122.5179525279, 38.1089500021974], [-122.51794878676, 38.1089484024236], [-122.517678733004, 38.1088212116094], [-122.517677092177, 38.1088204279829], [-122.517601101822, 38.1087837202073], [-122.517599268062, 38.1087827879799], [-122.517598019176, 38.1087820726551], [-122.517599022322, 38.108780608612], [-122.517599571082, 38.1087798997665], [-122.518162088075, 38.1080829285221], [-122.518999925091, 38.1070447964188], [-122.51900164262, 38.1070429243105]]]}, "properties": {"OBJECTID": 10350276, "UtilityCompany": "PGE", "StartDate": 1782650700000, "EstimatedRestoreDate": 1782686700000, "Cause": "EMERG REPAIRS", "ImpactedCustomers": 1, "Shape__Area": 12909.40625, "Shape__Length": 672.7028835908357, "County": "MARIN", "OutageStatus": "Active", "OutageType": "Not Planned", "IncidentId": "292691"}}, {"type": "Feature", "id": 10350277, "geometry": {"type": "Polygon", "coordinates": [[[-121.561617068913, 36.7631510267459], [-121.561617241187, 36.763151160433], [-121.561620386853, 36.7631539315069], [-121.582711307698, 36.7828959153793], [-121.582714197794, 36.782898835192], [-121.582713058845, 36.7829000736603], [-121.582712179035, 36.7829009321229], [-121.582709444687, 36.782903489253], [-121.582705963605, 36.7829067982637], [-121.582695881258, 36.782916539401], [-121.58269223826, 36.782920121408], [-121.58268253414, 36.7829298309955], [-121.582680893337, 36.7829314853368], [-121.582678867015, 36.7829335668534], [-121.582669406379, 36.7829433811992], [-121.582665853232, 36.7829471346401], [-121.582656616734, 36.782957069739], [-121.58265310328, 36.7829609192006], [-121.582644041633, 36.7829710348588], [-121.582640736086, 36.7829747912496], [-121.582631894178, 36.7829850231015], [-121.582631216258, 36.7829858109563], [-121.582628541267, 36.7829889781363], [-121.5826199715, 36.7829992799339], [-121.58261674183, 36.7830032364371], [-121.582608364083, 36.7830136991681], [-121.582605249694, 36.7830176633545], [-121.582597099547, 36.7830282414717], [-121.582594225781, 36.7830320399642], [-121.582594046503, 36.7830322821063], [-121.582586137715, 36.7830429586472], [-121.58258317128, 36.7830470426794], [-121.582575486581, 36.7830578426775], [-121.582572633202, 36.783061933465], [-121.582565185332, 36.7830728345371], [-121.58256239549, 36.7830770045032], [-121.582555202806, 36.7830879834318], [-121.582553335245, 36.7830908753915], [-121.582552486866, 36.7830922173763], [-121.582545511266, 36.7831033350025], [-121.582542958088, 36.7831074933663], [-121.582536212461, 36.7831187191962], [-121.582533697391, 36.7831229988012], [-121.582527235906, 36.7831342514533], [-121.582524785343, 36.7831386183611], [-121.582518560471, 36.7831499838031], [-121.582517553552, 36.7831518413001], [-121.582516260163, 36.7831542848967], [-121.582510253596, 36.7831657836426], [-121.582508045715, 36.783170116485], [-121.582502770415, 36.78318072976], [-121.582499744974, 36.7831870431433], [-121.582487666437, 36.783213225391], [-121.582486878241, 36.783214950285], [-121.582091856166, 36.7840893254156], [-121.582090300285, 36.7840926330213], [-121.582020951558, 36.7842344613119], [-121.582019856812, 36.7842366440627], [-121.581947158234, 36.7843780456664], [-121.581946012045, 36.7843802223947], [-121.581870262279, 36.7845205572687], [-121.581869071685, 36.7845227109318], [-121.581790294663, 36.7846619568207], [-121.581789054998, 36.7846640972782], [-121.581707263728, 36.7848022164723], [-121.581705977251, 36.7848043428496], [-121.581621194942, 36.7849412914509], [-121.58161986523, 36.7849433920724], [-121.581532125043, 36.7850791335126], [-121.581530750859, 36.7850812146732], [-121.581440080438, 36.7852157078111], [-121.581438660645, 36.7852177703986], [-121.581345093417, 36.7853509642464], [-121.581343625707, 36.7853530118388], [-121.581247173499, 36.7854848722775], [-121.58124566593, 36.7854868932527], [-121.5811465742, 36.7856171140245], [-121.581144600008, 36.7856196441289], [-121.580989482753, 36.7858137237374], [-121.580983652501, 36.7858212890033], [-121.580982267396, 36.7858231708182], [-121.580958126072, 36.7858562867291], [-121.580955208753, 36.7858603704015], [-121.580949735869, 36.7858681851095], [-121.580943383331, 36.785877697468], [-121.58093400849, 36.7858937043826], [-121.580925954301, 36.7859101696401], [-121.580919257915, 36.7859270233753], [-121.580913945311, 36.7859441937864], [-121.580910040277, 36.7859616063418], [-121.580907559863, 36.7859791873304], [-121.58090651443, 36.7859968611586], [-121.580906907617, 36.7860145521526], [-121.580908738578, 36.786032184585], [-121.580911999748, 36.7860496826482], [-121.580916676806, 36.7860669722566], [-121.580922748722, 36.7860839783433], [-121.580930192179, 36.786100628518], [-121.580938972621, 36.7861168520594], [-121.580949053248, 36.7861325782191], [-121.58096039158, 36.7861477406879], [-121.580972938395, 36.7861622739776], [-121.580986639905, 36.7861761170526], [-121.580996419394, 36.7861849601566], [-121.586146328664, 36.7906409122345], [-121.586151347687, 36.7906451606934], [-121.586167179803, 36.7906574456555], [-121.586183978099, 36.7906688713527], [-121.586201668381, 36.7906793891286], [-121.586220176385, 36.7906889539316], [-121.586239422182, 36.7906975242482], [-121.586259324622, 36.7907050639589], [-121.586279796884, 36.7907115404824], [-121.586300752052, 36.7907169266448], [-121.586322100897, 36.79072119885], [-121.586343750734, 36.7907243388698], [-121.586365609912, 36.7907263329949], [-121.586387584443, 36.7907271728968], [-121.586409580237, 36.7907268556542], [-121.586431503139, 36.7907253819508], [-121.586453258894, 36.7907227578775], [-121.586474755388, 36.790718994959], [-121.586495899306, 36.7907141092128], [-121.586516600594, 36.7907081221038], [-121.586536771371, 36.790701058728], [-121.58655632366, 36.7906929495892], [-121.586575175018, 36.7906838288621], [-121.586586998361, 36.7906773855822], [-121.588643294648, 36.789504719306], [-121.588644649694, 36.7895039809178], [-121.588646051829, 36.7895033025806], [-121.588646145186, 36.7895042005784], [-121.588646215678, 36.7895063449369], [-121.588667761467, 36.7978540347432], [-121.588691113848, 36.8069019184313], [-121.588715094712, 36.8161893139544], [-121.588714926806, 36.8161921693776], [-121.588712933624, 36.8161936267071], [-121.586332117363, 36.817719385737], [-121.586332051588, 36.8177194264189], [-121.58632983931, 36.8177206611624], [-121.586325934915, 36.8177222796099], [-121.585036998117, 36.8182041141608], [-121.585034521127, 36.8182050491712], [-121.585014961592, 36.8182131578707], [-121.584996103198, 36.8182222781614], [-121.584978026272, 36.818232370437], [-121.584960810092, 36.8182433914734], [-121.584944527274, 36.8182552943612], [-121.584929247154, 36.8182680276454], [-121.584915035739, 36.8182815380285], [-121.584901953549, 36.8182957658378], [-121.584890056619, 36.8183106513475], [-121.584879396585, 36.8183261302722], [-121.584870018373, 36.8183421373453], [-121.584865273852, 36.8183514454382], [-121.582148319659, 36.8239779761929], [-121.582148035781, 36.8239785343741], [-121.582147131648, 36.8239800766883], [-121.582144656675, 36.8239781560519], [-121.566889895699, 36.8109300664741], [-121.560798652244, 36.8057181674079], [-121.560796783684, 36.8057164871323], [-121.560795966272, 36.8057156614792], [-121.560794873189, 36.8057132144916], [-121.560790983725, 36.8057049377097], [-121.56078220547, 36.8056887136771], [-121.560772126609, 36.8056729849904], [-121.560760789572, 36.8056578206686], [-121.560748243591, 36.805643285306], [-121.560734542434, 36.8056294408477], [-121.560719744417, 36.8056163456882], [-121.560703913479, 36.8056040573889], [-121.560687117022, 36.8055926281444], [-121.560669425874, 36.8055821065855], [-121.56065091764, 36.8055725387207], [-121.560631671165, 36.8055639642639], [-121.560611767601, 36.8055564193515], [-121.560610610117, 36.8055560357692], [-121.560608435209, 36.8055552117098], [-121.560605802266, 36.8055531670299], [-121.549431455684, 36.7959892196966], [-121.549429587607, 36.7959875392502], [-121.549428839723, 36.7959867828738], [-121.549432229332, 36.795983558479], [-121.561995201319, 36.7847801261981], [-121.561998759902, 36.7847771594685], [-121.562001266285, 36.784779105237], [-121.572363400802, 36.7936529582162], [-121.572367200236, 36.7936561587092], [-121.572383030694, 36.7936684454666], [-121.5723998264, 36.7936798730623], [-121.572417516528, 36.7936903928717], [-121.572436023475, 36.7936999588931], [-121.572455268405, 36.7937085314198], [-121.572475170169, 36.793716074323], [-121.572495641986, 36.793722553209], [-121.572516596937, 36.7937279408938], [-121.572537945764, 36.7937322155734], [-121.572559595799, 36.7937353581077], [-121.572581455388, 36.7937373547767], [-121.572603430527, 36.7937381981421], [-121.572625427171, 36.7937378825682], [-121.572647351113, 36.7937364114312], [-121.57266910811, 36.7937337899097], [-121.572690604921, 36.7937300295043], [-121.572711751572, 36.793725147163], [-121.57273245467, 36.7937191624972], [-121.572752626331, 36.793712100593], [-121.572772181895, 36.793703993786], [-121.572791035548, 36.793694876201], [-121.572809107015, 36.7936847856349], [-121.572826320383, 36.7936737662469], [-121.57284259969, 36.7936618648995], [-121.572857876752, 36.7936491321544], [-121.572872085525, 36.7936356240072], [-121.57288516555, 36.793621397422], [-121.572897059665, 36.7936065130081], [-121.572907719621, 36.7935910341858], [-121.572915708215, 36.7935775784851], [-121.573009918592, 36.7934069545627], [-121.573231043387, 36.793006479694], [-121.573232665369, 36.7930037480972], [-121.573233035117, 36.7930032098937], [-121.573236349976, 36.7930029882594], [-121.573529847601, 36.7929957365796], [-121.573536506754, 36.7929955189961], [-121.573558430471, 36.792994047686], [-121.573580187231, 36.7929914259923], [-121.573601684916, 36.7929876654297], [-121.573622830204, 36.7929827820055], [-121.573643533036, 36.7929767971746], [-121.573663705525, 36.7929697360235], [-121.573683259685, 36.7929616290461], [-121.573702113067, 36.7929525104081], [-121.573720185363, 36.7929424197095], [-121.573737397314, 36.7929314001684], [-121.573746362567, 36.7929250401835], [-121.57478926169, 36.792158236021], [-121.575292383685, 36.7917882953645], [-121.575292740279, 36.791788042739], [-121.57529460831, 36.7917868464319], [-121.575296785881, 36.7917878171815], [-121.575297016876, 36.7917879317219], [-121.575509868239, 36.7918983478566], [-121.575519678237, 36.7919032472644], [-121.575538923083, 36.7919118192922], [-121.575558824724, 36.7919193607768], [-121.575579296344, 36.7919258391291], [-121.575600251028, 36.7919312271672], [-121.57562159955, 36.7919355012874], [-121.575643249226, 36.7919386432529], [-121.575665108406, 36.7919406393463], [-121.5756870831, 36.7919414812306], [-121.575709079221, 36.791941165976], [-121.575731002609, 36.7919396942576], [-121.575752759008, 36.7919370721579], [-121.575774256304, 36.7919333111932], [-121.575795401175, 36.7919284273726], [-121.575809077752, 36.7919246115013], [-121.576052009554, 36.7918520872909], [-121.576059035352, 36.7918499179276], [-121.576079207333, 36.7918428563543], [-121.576098760962, 36.7918347489665], [-121.57611761379, 36.7918256299318], [-121.57613568439, 36.7918155388382], [-121.57615289687, 36.791804518946], [-121.576169175272, 36.7917926171199], [-121.5761844514, 36.7917798848249], [-121.576198659261, 36.7917663753548], [-121.576211738354, 36.7917521483793], [-121.576223632656, 36.7917372636214], [-121.576234290543, 36.7917217853639], [-121.5762436671, 36.7917057788713], [-121.576251721808, 36.7916893139677], [-121.576258420872, 36.7916724605574], [-121.576263733827, 36.7916552903878], [-121.576267640239, 36.79163787803], [-121.576270123056, 36.7916202971946], [-121.576271169672, 36.7916026234479], [-121.576270777566, 36.7915849324769], [-121.57626894646, 36.7915672999957], [-121.576265686158, 36.7915498018385], [-121.57626101098, 36.7915325120914], [-121.576254938591, 36.7915155057813], [-121.576247496791, 36.7914988553524], [-121.576238716774, 36.791482631487], [-121.576228636459, 36.7914669049473], [-121.576218884293, 36.7914537341857], [-121.57596663819, 36.7911339979104], [-121.575964579317, 36.7911312167898], [-121.575964326586, 36.7911308234594], [-121.575965920179, 36.7911301628896], [-121.575967328295, 36.791129653336], [-121.576919191777, 36.7908047692795], [-121.576932048526, 36.7908001222943], [-121.576951601801, 36.7907920147572], [-121.576970454272, 36.790782895578], [-121.576988525618, 36.7907728052601], [-121.577005736621, 36.7907617852215], [-121.577022014669, 36.7907498832691], [-121.577037290463, 36.7907371499536], [-121.577051497963, 36.7907236412732], [-121.577064576717, 36.7907094141942], [-121.577076470689, 36.7906945293415], [-121.577087128273, 36.7906790500969], [-121.577096504503, 36.790663044429], [-121.57710455893, 36.7906465785574], [-121.577111257711, 36.7906297250902], [-121.577116571501, 36.7906125557884], [-121.577120477677, 36.7905951424932], [-121.57712295912, 36.7905775625199], [-121.577124005519, 36.7905598887581], [-121.577123613214, 36.7905421977829], [-121.577121915976, 36.7905254980535], [-121.577016615849, 36.7897762105215], [-121.577016482908, 36.7897752786906], [-121.577013222514, 36.7897577796456], [-121.577008546125, 36.7897404908093], [-121.577002474819, 36.7897234845453], [-121.576995033033, 36.7897068332575], [-121.576986251911, 36.7896906103312], [-121.57697617168, 36.7896748829509], [-121.576964834769, 36.78965972013], [-121.576952288177, 36.7896451864296], [-121.576938586795, 36.7896313438011], [-121.57692378894, 36.7896182506312], [-121.576907957428, 36.7896059644592], [-121.5768911619, 36.7895945374974], [-121.576873473183, 36.7895840183671], [-121.576854966634, 36.7895744530394], [-121.576835721089, 36.7895658812172], [-121.576815821037, 36.7895583399673], [-121.576795349946, 36.7895518609356], [-121.576774394677, 36.7895464740059], [-121.576753047863, 36.7895422001172], [-121.576731398807, 36.7895390583661], [-121.576709540273, 36.789537062482], [-121.576687566264, 36.7895362198997], [-121.576665570813, 36.7895365362515], [-121.576643648124, 36.7895380081578], [-121.57662189243, 36.7895406304369], [-121.576613227403, 36.7895420041153], [-121.574938087013, 36.7898259791947], [-121.57493518348, 36.7898263283965], [-121.574934810432, 36.7898258966649], [-121.574932758288, 36.7898231796063], [-121.574265007635, 36.7888805129796], [-121.56716519521, 36.7788556549519], [-121.558072264815, 36.7660121001195], [-121.558070352224, 36.7660091149454], [-121.558071131322, 36.7660083735258], [-121.55807308256, 36.7660067223829], [-121.559571515727, 36.7647992433278], [-121.561614453065, 36.7631529394308], [-121.561617068913, 36.7631510267459]]]}, "properties": {"OBJECTID": 10350277, "UtilityCompany": "PGE", "StartDate": 1782651840000, "EstimatedRestoreDate": 1782665100000, "Cause": "PATROLLING", "ImpactedCustomers": 33, "Shape__Area": 16675707.0078125, "Shape__Length": 25043.90014563253, "County": "MONTEREY", "OutageStatus": "Active", "OutageType": "Not Planned", "IncidentId": "292700"}}, {"type": "Feature", "id": 10350278, "geometry": {"type": "Polygon", "coordinates": [[[-121.177355111236, 38.0498416981807], [-121.17735961256, 38.0498421185501], [-121.177687026019, 38.049883346633], [-121.177691271322, 38.0498839811032], [-121.177693584619, 38.0498844459326], [-121.177695553168, 38.0498849342535], [-121.178143578074, 38.0500047913014], [-121.178158195041, 38.0500084153234], [-121.178179875531, 38.0500127688529], [-121.17820186896, 38.0500159917531], [-121.178211893602, 38.0500170735634], [-121.178701089741, 38.0500640707693], [-121.178703919391, 38.0500644859065], [-121.17870496611, 38.0500652915551], [-121.178706686631, 38.0500667754149], [-121.178935737702, 38.0502740565772], [-121.178937965025, 38.0502762899515], [-121.178940157953, 38.0502803251365], [-121.179093158222, 38.0505892944393], [-121.17909500912, 38.0505934279564], [-121.179095267446, 38.0505960183223], [-121.179227218898, 38.055062095305], [-121.179278971873, 38.0568135770513], [-121.179278975289, 38.0568149567971], [-121.17927888276, 38.0568163449691], [-121.179276614615, 38.0568164864557], [-121.179275903051, 38.0568165015645], [-121.177782899552, 38.0568270540327], [-121.177770287396, 38.0568273270659], [-121.177747986116, 38.0568287150911], [-121.17772584663, 38.0568312537126], [-121.17770396609, 38.0568349318208], [-121.177682436062, 38.0568397337134], [-121.177661348246, 38.0568456382835], [-121.177640795573, 38.0568526208386], [-121.177620863132, 38.0568606511574], [-121.177601638378, 38.056869695451], [-121.177583203208, 38.0568797144371], [-121.177565636185, 38.0568906651771], [-121.177549011411, 38.0569025010586], [-121.177533403095, 38.056915170965], [-121.177518874121, 38.0569286209004], [-121.17750549086, 38.0569427942199], [-121.177493307284, 38.0569576286788], [-121.177482377387, 38.056973061132], [-121.177472747232, 38.0569890265085], [-121.177464457301, 38.0570054551454], [-121.177457545795, 38.057022277344], [-121.177452039565, 38.0570394214274], [-121.177447963255, 38.0570568129808], [-121.177445334646, 38.0570743783843], [-121.177444163593, 38.0570920420924], [-121.177444191291, 38.0571036514033], [-121.17747006005, 38.0579797958557], [-121.177470063432, 38.0579811756003], [-121.177469970866, 38.0579825637697], [-121.177467702683, 38.0579827052204], [-121.177466991107, 38.057982720318], [-121.175822555994, 38.0579943160985], [-121.175819736884, 38.0579941993407], [-121.175819434932, 38.0579911667207], [-121.175517588557, 38.0507420931852], [-121.175517566083, 38.0507394181597], [-121.175517615226, 38.0507386781598], [-121.175520340875, 38.0507385087012], [-121.175631934404, 38.050737148354], [-121.175642324977, 38.0507368969242], [-121.175664624426, 38.0507355092513], [-121.175671989381, 38.0507347945078], [-121.175993827843, 38.0507007506508], [-121.17600860057, 38.0506989270732], [-121.176030479342, 38.0506952492329], [-121.176052007627, 38.050690448496], [-121.176073093773, 38.0506845441673], [-121.176093644834, 38.0506775618395], [-121.176113575749, 38.0506695308325], [-121.176132799, 38.0506604876376], [-121.176151232764, 38.0506504688343], [-121.176168798459, 38.0506395182623], [-121.176185421989, 38.0506276825337], [-121.176201030312, 38.0506150118824], [-121.176215557085, 38.0506015620528], [-121.176228940501, 38.0505873897612], [-121.176241122079, 38.0505725553801], [-121.176252051248, 38.050557122108], [-121.17626168188, 38.0505411577188], [-121.176269970149, 38.0505247291202], [-121.176276881275, 38.0505079060643], [-121.176280399749, 38.0504975106823], [-121.176352168071, 38.0502672089805], [-121.176352480451, 38.0502662856214], [-121.176353152382, 38.0502646505093], [-121.176353512534, 38.0502640523133], [-121.176355389992, 38.0502613689216], [-121.176508501423, 38.0500562464695], [-121.176510799968, 38.050053447951], [-121.176515928577, 38.0500520117598], [-121.177349816941, 38.0498428777087], [-121.177355111236, 38.0498416981807]]]}, "properties": {"OBJECTID": 10350278, "UtilityCompany": "PGE", "StartDate": 1782652724000, "EstimatedRestoreDate": 1782675000000, "Cause": null, "ImpactedCustomers": 1, "Shape__Area": 402427.97265625, "Shape__Length": 2949.2270650330256, "County": "SAN JOAQUIN", "OutageStatus": "Active", "OutageType": "Not Planned", "IncidentId": "292702"}}, {"type": "Feature", "id": 10350279, "geometry": {"type": "Polygon", "coordinates": [[[-122.70676975742, 38.3400211531406], [-122.706774271117, 38.340021280686], [-122.706774325385, 38.3400217278342], [-122.706774465592, 38.3400249843466], [-122.706783856846, 38.3413912978665], [-122.706783866407, 38.3413923325078], [-122.706790428034, 38.3419515452117], [-122.706790285011, 38.3419546640272], [-122.706789567458, 38.3419549641467], [-122.70678274403, 38.3419574849626], [-122.706762899042, 38.3419657753669], [-122.70674378465, 38.3419750706689], [-122.706725482262, 38.3419853305171], [-122.706708072158, 38.3419965109521], [-122.706691627765, 38.3420085643925], [-122.706676219099, 38.3420214387422], [-122.70666191275, 38.3420350791929], [-122.706648769598, 38.3420494282183], [-122.70663684597, 38.3420644228733], [-122.706626193618, 38.3420799993], [-122.706616857435, 38.3420960918208], [-122.706608877758, 38.342112630241], [-122.706602288056, 38.3421295443479], [-122.706597117226, 38.3421467621155], [-122.706593387315, 38.3421642087966], [-122.706591114642, 38.342181810531], [-122.706590308667, 38.3421994916386], [-122.70659031206, 38.3422017708695], [-122.706595138884, 38.3429254454493], [-122.706594984471, 38.3429288319022], [-122.706593984022, 38.3429289069053], [-122.706590716574, 38.3429290005696], [-122.706270736765, 38.3429316395522], [-122.706252967797, 38.3429321493035], [-122.706230604192, 38.3429338272581], [-122.706208428194, 38.3429366538512], [-122.706186534832, 38.3429406167037], [-122.706178102686, 38.3429424899719], [-122.706177517504, 38.3429425957526], [-122.706176598327, 38.3429426646471], [-122.706172869673, 38.3429427679591], [-122.706142673415, 38.342942952753], [-122.706131324924, 38.3429427044138], [-122.70613132233, 38.342942780111], [-122.706122564378, 38.3429425887318], [-122.706100109312, 38.3429431110497], [-122.7060777457, 38.3429447889752], [-122.706055569693, 38.3429476155393], [-122.706050103025, 38.3429485120834], [-122.706045243261, 38.3429493074079], [-122.706042075095, 38.342949751886], [-122.705762355543, 38.3429850970574], [-122.705759572825, 38.3429853054704], [-122.705758880948, 38.3429849125987], [-122.705752340944, 38.3429807036462], [-122.705752263972, 38.3429807782555], [-122.70574480631, 38.3429759793952], [-122.705726586917, 38.342965628061], [-122.705707547728, 38.3429562380864], [-122.70568776984, 38.3429478475262], [-122.705667336632, 38.3429404944413], [-122.705661153596, 38.3429385656016], [-122.705661174358, 38.3429385250982], [-122.705657473682, 38.3429373703406], [-122.705655284328, 38.3429365825739], [-122.705645400529, 38.3429323895558], [-122.705645361389, 38.3429324471366], [-122.705634121591, 38.3429276802325], [-122.705613689539, 38.3429203271411], [-122.705592690155, 38.3429140423872], [-122.705571213735, 38.3429088523329], [-122.70554935173, 38.3429047797386], [-122.705527199052, 38.3429018419657], [-122.70550484948, 38.3429000518669], [-122.705482399109, 38.3428994168933], [-122.705459944053, 38.3428999390887], [-122.70543758044, 38.342901616892], [-122.705415404421, 38.3429044433351], [-122.705393509883, 38.3429084060366], [-122.70537199187, 38.3429134881118], [-122.705350942019, 38.3429196672606], [-122.705330449693, 38.3429269175719], [-122.705310604275, 38.3429352077272], [-122.705304688289, 38.3429379794776], [-122.705303764392, 38.342938365588], [-122.705302540726, 38.3429384580437], [-122.70529947241, 38.3429385467651], [-122.705046375512, 38.3429408619968], [-122.705041868502, 38.3429407344015], [-122.705033273468, 38.3429401576224], [-122.705010823089, 38.3429395225584], [-122.704988368018, 38.3429400446635], [-122.704966004382, 38.3429417223768], [-122.704943828334, 38.3429445487306], [-122.704921933758, 38.3429485113438], [-122.704900415701, 38.3429535933324], [-122.704879365799, 38.3429597723962], [-122.704858873415, 38.3429670226248], [-122.704853700615, 38.3429690986673], [-122.704852495045, 38.342969525522], [-122.704850610899, 38.3429696667798], [-122.704848852976, 38.3429697227381], [-122.704733127431, 38.3429714790201], [-122.704729813823, 38.3429713850596], [-122.704728372739, 38.3429711939743], [-122.704723174245, 38.3429702958728], [-122.704701021581, 38.3429673579439], [-122.704678672012, 38.3429655676876], [-122.704656221628, 38.3429649325558], [-122.704633766547, 38.3429654545929], [-122.704611402895, 38.3429671322385], [-122.704589226826, 38.3429699585251], [-122.704584073821, 38.342970821544], [-122.704582612895, 38.3429710080242], [-122.704580679528, 38.3429711527588], [-122.704578971958, 38.3429712079386], [-122.704532305415, 38.3429719267141], [-122.704529778629, 38.3429719509896], [-122.704460741079, 38.3429722132207], [-122.70445825895, 38.3429722303974], [-122.704394718534, 38.3429728335914], [-122.704390936948, 38.3429727267257], [-122.704390125871, 38.3429723822121], [-122.704383828184, 38.3429693886582], [-122.704364050445, 38.3429609978754], [-122.704343617369, 38.3429536445604], [-122.704322618087, 38.3429473595795], [-122.704301141749, 38.342942169293], [-122.704288290324, 38.3429397756527], [-122.704288303084, 38.3429397333269], [-122.704277378399, 38.3429376987291], [-122.704273480057, 38.3429367561207], [-122.704262687542, 38.3429343000772], [-122.70424082675, 38.342930227242], [-122.704218672973, 38.3429272892193], [-122.704196324573, 38.342925498874], [-122.704173874207, 38.3429248636499], [-122.704168015126, 38.3429248876226], [-122.704157713385, 38.3429250004244], [-122.704154110297, 38.3429248985075], [-122.704147064859, 38.3429180926353], [-122.704147002902, 38.3429181330345], [-122.704138904241, 38.3429103097146], [-122.704123599985, 38.3428973582151], [-122.704107253362, 38.3428852224043], [-122.704089932819, 38.3428739547262], [-122.704071714833, 38.3428636031387], [-122.70405267589, 38.3428542119949], [-122.704032897074, 38.3428458220548], [-122.704012465208, 38.3428384686851], [-122.703991465988, 38.3428321836449], [-122.703969989709, 38.3428269932979], [-122.703948127821, 38.3428229204055], [-122.703925975234, 38.3428199823305], [-122.703903625729, 38.3428181919267], [-122.703881175399, 38.3428175566467], [-122.703858720358, 38.3428180785356], [-122.703836356736, 38.3428197560335], [-122.703814180682, 38.3428225821737], [-122.703809718181, 38.3428233297421], [-122.70379698776, 38.3428249513531], [-122.703797002351, 38.3428250216863], [-122.703783350265, 38.342826760832], [-122.703761455663, 38.3428307232286], [-122.703756361153, 38.3428318341984], [-122.703754919193, 38.3428321405804], [-122.703751771106, 38.342832710319], [-122.703750926331, 38.342832773975], [-122.703747048906, 38.3428328795377], [-122.703697783222, 38.3428331462053], [-122.703693501627, 38.3428330254363], [-122.703693081794, 38.3428329919311], [-122.703688401681, 38.3428323807848], [-122.703642615044, 38.3428252760109], [-122.70362216071, 38.3428226053306], [-122.703599811213, 38.3428208148691], [-122.703577360888, 38.3428201786297], [-122.703554905841, 38.3428207013616], [-122.703532542211, 38.3428223788016], [-122.703510366146, 38.3428252048842], [-122.703488471529, 38.3428291672297], [-122.703466953413, 38.3428342480539], [-122.703445903422, 38.3428404277614], [-122.70342541093, 38.3428476777392], [-122.703405565319, 38.3428559675715], [-122.703386450266, 38.3428652623222], [-122.703368148332, 38.3428755207436], [-122.703350736353, 38.3428867015739], [-122.703334291209, 38.3428987536373], [-122.703318881758, 38.3429116284421], [-122.703311586659, 38.3429183566268], [-122.703305870232, 38.3429238063486], [-122.703302959426, 38.3429248363051], [-122.70330154777, 38.3429252869556], [-122.703296863754, 38.3429267540304], [-122.703276372368, 38.3429340039847], [-122.703256525572, 38.3429422937886], [-122.703237410477, 38.3429515885147], [-122.703219108496, 38.3429618478138], [-122.703214594119, 38.3429646482403], [-122.703214570188, 38.3429646238464], [-122.703212540724, 38.3429658831421], [-122.703210234199, 38.3429671750823], [-122.703207260311, 38.3429673982718], [-122.70312179316, 38.342969723416], [-122.703116747476, 38.342969801667], [-122.703067903094, 38.34296999884], [-122.703064649652, 38.3429700239478], [-122.703026868861, 38.3429704582035], [-122.703010529195, 38.3429709530583], [-122.702988165507, 38.3429726303943], [-122.702965989375, 38.3429754563736], [-122.702944094684, 38.342979418617], [-122.702933282365, 38.3429818209558], [-122.702924141768, 38.342983979689], [-122.702922922679, 38.3429840712303], [-122.702919806294, 38.3429841606688], [-122.702867582731, 38.3429846267781], [-122.702865021588, 38.3429846572393], [-122.702762237068, 38.3429861766987], [-122.702758953212, 38.3429860836591], [-122.702758227614, 38.3429855455855], [-122.7027499281, 38.34297958271], [-122.702732608891, 38.3429683148352], [-122.702714389931, 38.3429579630348], [-122.702695351137, 38.3429485725728], [-122.702685549286, 38.3429442497355], [-122.702682854479, 38.3429431064466], [-122.702682527736, 38.3429424152726], [-122.702680349247, 38.3429370176639], [-122.702672503953, 38.3429204393931], [-122.702663298547, 38.3429043001792], [-122.70265277279, 38.3428886704191], [-122.702640971045, 38.342873616015], [-122.702627944545, 38.3428592010841], [-122.702613749102, 38.342845488854], [-122.702598445132, 38.3428325371563], [-122.70258209878, 38.3428204011339], [-122.702564779635, 38.3428091332343], [-122.702546560738, 38.3427987814078], [-122.702537139717, 38.3427939629439], [-122.70252801264, 38.3427894606568], [-122.702522718263, 38.3427865551654], [-122.702503679543, 38.342777163771], [-122.702483900928, 38.3427687735702], [-122.702463469242, 38.3427614199313], [-122.70244247018, 38.3427551346144], [-122.702420992891, 38.3427499439812], [-122.702399132256, 38.3427458717045], [-122.702376979757, 38.3427429333371], [-122.702354630319, 38.3427411417372], [-122.702332180029, 38.3427405061609], [-122.702309725002, 38.3427410277531], [-122.702287361365, 38.3427427058569], [-122.702265185277, 38.342745531704], [-122.702243290623, 38.3427494929157], [-122.70222177244, 38.3427545744124], [-122.702200722372, 38.3427607529949], [-122.70218022978, 38.3427680027548], [-122.702160384051, 38.342776292376], [-122.702141268861, 38.3427855869233], [-122.702122965624, 38.3427958460483], [-122.702105554623, 38.3428070257947], [-122.702089109288, 38.3428190785842], [-122.702073699638, 38.3428319523234], [-122.702059392265, 38.3428455931078], [-122.702046248065, 38.3428599407099], [-122.702040129824, 38.3428673612499], [-122.702038878347, 38.3428689343291], [-122.702036861417, 38.3428690851179], [-122.702025696724, 38.3428700679347], [-122.702003520587, 38.3428728937321], [-122.70198162702, 38.3428768557988], [-122.701960107639, 38.3428819372442], [-122.701939057511, 38.3428881157794], [-122.701918566002, 38.3428953654961], [-122.701898719064, 38.3429036550696], [-122.701879603807, 38.3429129495737], [-122.701861301646, 38.3429232086603], [-122.701843890574, 38.3429343883674], [-122.701827444022, 38.3429464411167], [-122.7018120343, 38.3429593148209], [-122.701809940263, 38.342961246249], [-122.70180860368, 38.3429623630847], [-122.701797891507, 38.3429648926474], [-122.701797933403, 38.342965000902], [-122.701786070059, 38.3429678024129], [-122.701765018748, 38.3429739809137], [-122.701744527197, 38.3429812305996], [-122.701741166629, 38.3429825432621], [-122.701737777915, 38.3429837431987], [-122.701733291702, 38.3429838471463], [-122.701668493857, 38.3429832803689], [-122.701668189474, 38.3429832777921], [-122.70159905342, 38.3429827215694], [-122.701597803865, 38.342982707575], [-122.701533706508, 38.3429818243698], [-122.701530547443, 38.3429817171937], [-122.70152935773, 38.3429816213386], [-122.701518878187, 38.3429784899134], [-122.701504248674, 38.3429741150354], [-122.701482772532, 38.3429689242336], [-122.701460911889, 38.3429648508809], [-122.701438758214, 38.3429619132346], [-122.701416408734, 38.3429601214557], [-122.701410040423, 38.3429598664138], [-122.701410042874, 38.3429598267658], [-122.701406458267, 38.3429596833547], [-122.701404003335, 38.3429594869434], [-122.701398995, 38.3429546480808], [-122.701391755111, 38.3429478839063], [-122.701376451341, 38.342934931149], [-122.701360104027, 38.3429227949542], [-122.701342785048, 38.3429115268751], [-122.701324567445, 38.3429011748624], [-122.701305528848, 38.3428917841754], [-122.701285750344, 38.342883392872], [-122.70126531875, 38.3428760390247], [-122.701244318615, 38.3428697534907], [-122.70122284252, 38.3428645635427], [-122.701200981922, 38.3428604901416], [-122.701178828294, 38.3428575515451], [-122.701156479993, 38.3428557606209], [-122.701134029683, 38.3428551239139], [-122.70111157461, 38.3428556461778], [-122.701089210916, 38.3428573231515], [-122.701067034747, 38.3428601487717], [-122.70104513999, 38.3428641106604], [-122.701023621697, 38.3428691910354], [-122.701002571494, 38.3428753694023], [-122.700982078752, 38.3428826189519], [-122.700962232852, 38.3428909092707], [-122.700943117485, 38.3429002027206], [-122.70092481405, 38.3429104616575], [-122.700915992756, 38.3429159393935], [-122.700910950101, 38.342919177285], [-122.700910124783, 38.3429192391678], [-122.700906295416, 38.3429193438578], [-122.700826580526, 38.3429197912104], [-122.700807685475, 38.3429203071772], [-122.700785321751, 38.3429219849941], [-122.700763145555, 38.3429248096554], [-122.700741250763, 38.3429287714872], [-122.700736987808, 38.3429296825713], [-122.700736066933, 38.3429298848015], [-122.700732760784, 38.3429304828951], [-122.700732174703, 38.3429305273624], [-122.700727778852, 38.3429306414158], [-122.700653578264, 38.3429308647973], [-122.700650680737, 38.3429308835367], [-122.700568325568, 38.3429316790603], [-122.700567542819, 38.3429316851727], [-122.700483682888, 38.3429321938069], [-122.700483511233, 38.342932195171], [-122.700402538786, 38.3429326228011], [-122.700398254907, 38.3429325010049], [-122.700395106976, 38.3429319143699], [-122.700384133767, 38.342930018977], [-122.700361981296, 38.3429270802292], [-122.700339631854, 38.3429252882453], [-122.700317181527, 38.3429246522829], [-122.700294726432, 38.3429251734891], [-122.700272362695, 38.3429268512081], [-122.700250186474, 38.3429296766735], [-122.700239001439, 38.3429317001939], [-122.700238963075, 38.3429315685156], [-122.70022802769, 38.34293354671], [-122.700227384374, 38.3429335955346], [-122.700223102966, 38.342933707158], [-122.700143440232, 38.3429339892535], [-122.700140089525, 38.3429340140315], [-122.700049450756, 38.342935030441], [-122.700043881939, 38.3429348729007], [-122.700040338923, 38.3429346349247], [-122.700017888599, 38.3429339980039], [-122.700002078172, 38.3429343550031], [-122.69999815498, 38.3429344567198], [-122.699995433495, 38.3429345200539], [-122.699995005405, 38.342934546897], [-122.69998868566, 38.3429347262971], [-122.699901139039, 38.3429354260583], [-122.699900109117, 38.3429354315338], [-122.699821668635, 38.3429356876991], [-122.699817107857, 38.3429355588642], [-122.699806178118, 38.3429336707383], [-122.69978402567, 38.3429307318814], [-122.699761676239, 38.3429289406886], [-122.699739225919, 38.3429283037145], [-122.699716770816, 38.3429288257111], [-122.699694407069, 38.3429305024186], [-122.699672230826, 38.3429333277747], [-122.699661242216, 38.3429351669899], [-122.699650845052, 38.3429370482743], [-122.69964927683, 38.3429371659244], [-122.699646849395, 38.3429372399171], [-122.699567175845, 38.342938200223], [-122.699564793281, 38.3429382157487], [-122.699487728988, 38.3429383012781], [-122.6994828547, 38.3429381635156], [-122.699474636882, 38.3429352053334], [-122.699464344528, 38.3429316596366], [-122.69944334568, 38.3429253737837], [-122.699421868558, 38.3429201826021], [-122.699400008046, 38.3429161088657], [-122.699377855621, 38.3429131699322], [-122.699355506205, 38.3429113786621], [-122.699333055891, 38.3429107425114], [-122.699328410996, 38.3429107549355], [-122.699312619826, 38.3429108829777], [-122.699308714679, 38.3429107720263], [-122.699306178791, 38.3429091225737], [-122.699297401708, 38.3429035998345], [-122.699279184401, 38.3428932475054], [-122.699260146075, 38.3428838555861], [-122.699240367808, 38.3428754648399], [-122.699219936425, 38.3428681106371], [-122.699198937616, 38.3428618247406], [-122.699177460531, 38.3428566335144], [-122.699155600053, 38.3428525597325], [-122.699133447656, 38.3428496207529], [-122.699111098266, 38.3428478294362], [-122.699088647976, 38.3428471932388], [-122.699066192897, 38.3428477142097], [-122.69904382916, 38.3428493907933], [-122.699021652918, 38.3428522160263], [-122.698999758054, 38.3428561775327], [-122.698978239619, 38.3428612584332], [-122.698957189247, 38.3428674364321], [-122.698936696306, 38.3428746856235], [-122.698926687378, 38.3428787019635], [-122.698919866809, 38.3428815512788], [-122.698917395368, 38.342877881416], [-122.698879806916, 38.34281721114], [-122.698879665964, 38.3428169827658], [-122.698879178283, 38.3428162010446], [-122.698852525693, 38.3427736321936], [-122.698842488461, 38.3427587829147], [-122.698830687528, 38.3427437281301], [-122.698817661804, 38.3427293136801], [-122.698803467113, 38.3427156000902], [-122.698788163852, 38.3427026478979], [-122.698771818168, 38.3426905113469], [-122.698754498504, 38.3426792428839], [-122.69873628133, 38.3426688904705], [-122.698717243133, 38.3426594984633], [-122.698697466135, 38.3426511076286], [-122.698677033725, 38.3426437533286], [-122.698656035029, 38.342637467335], [-122.698634559194, 38.3426322760125], [-122.698612697666, 38.3426282030279], [-122.698601652431, 38.3426265902707], [-122.698596991859, 38.3426259717616], [-122.698594478359, 38.3426222395985], [-122.698486995624, 38.3424487451452], [-122.698486761465, 38.3424483660247], [-122.698394313776, 38.3422979501962], [-122.698392310975, 38.3422944194161], [-122.698392247455, 38.3422942840675], [-122.698396551839, 38.3422924863604], [-122.698692922554, 38.3421794159942], [-122.698697451513, 38.3421778216308], [-122.698697739086, 38.3421777376536], [-122.698700017992, 38.342177325336], [-122.698701801884, 38.3421770739688], [-122.698723696556, 38.342173113418], [-122.698745214806, 38.3421680325629], [-122.698766264991, 38.3421618546005], [-122.698786757748, 38.3421546054373], [-122.698806603692, 38.3421463154857], [-122.698825719132, 38.3421370223832], [-122.69884402152, 38.3421267637701], [-122.698852844018, 38.3421212861925], [-122.698860381089, 38.3421164469922], [-122.698864271637, 38.3421148221435], [-122.699169040427, 38.3420000354544], [-122.699172785471, 38.3419987265553], [-122.69917343165, 38.3419985371512], [-122.699184108907, 38.3420011177378], [-122.699184126246, 38.3420010754242], [-122.699197835203, 38.34200438928], [-122.699219696573, 38.3420084630566], [-122.699241848717, 38.3420114020193], [-122.699264197854, 38.3420131933103], [-122.699286647885, 38.3420138303742], [-122.699309102709, 38.3420133084587], [-122.699331466181, 38.3420116318232], [-122.699353642156, 38.3420088065301], [-122.699375536746, 38.342004844956], [-122.699397054897, 38.341999764882], [-122.699418104983, 38.3419935859007], [-122.699438597628, 38.3419863366229], [-122.699438642327, 38.341986319614], [-122.69960435722, 38.3419224609658], [-122.699610032488, 38.3419203756268], [-122.699623881576, 38.3419155273108], [-122.699634888267, 38.3419114891327], [-122.699805339982, 38.3418460399365], [-122.699806440254, 38.3418456209752], [-122.699877365414, 38.3418188781292], [-122.699879477704, 38.3418180742265], [-122.699995327259, 38.341773622556], [-122.700000202269, 38.3417719019533], [-122.700004192746, 38.3417707306431], [-122.700093879701, 38.3417479289928], [-122.700100187622, 38.3417464292479], [-122.700213037485, 38.3417214615912], [-122.700215300738, 38.3417209545745], [-122.700307012873, 38.3417001280367], [-122.700308184586, 38.3416998660681], [-122.700434822004, 38.341671872839], [-122.700436222782, 38.3416715609852], [-122.700504998946, 38.3416561101452], [-122.700505241768, 38.3416560548889], [-122.700666305453, 38.3416197705469], [-122.700669577187, 38.3416191786758], [-122.700672159581, 38.3416220367734], [-122.700673265223, 38.3416233698177], [-122.700674663552, 38.3416250433746], [-122.700687689449, 38.3416394576218], [-122.700701884288, 38.3416531709867], [-122.700717187672, 38.341666122932], [-122.700733533454, 38.3416782592145], [-122.700750853189, 38.3416895273874], [-122.700769070406, 38.3416998794897], [-122.700788108621, 38.3417092711654], [-122.700807885606, 38.3417176616488], [-122.700828317974, 38.3417250155786], [-122.700849316598, 38.3417313011838], [-122.700870792329, 38.341736492101], [-122.700892653714, 38.3417405655659], [-122.70091480585, 38.3417435033114], [-122.700937154944, 38.3417452951847], [-122.700959604913, 38.341745931027], [-122.700962395904, 38.3417459291316], [-122.701164965564, 38.3417451486291], [-122.701175598089, 38.3417449774513], [-122.701269503378, 38.3417423237368], [-122.70127490826, 38.34174225369], [-122.701348734502, 38.3417431663182], [-122.701353011814, 38.3417431988408], [-122.701360780764, 38.3417431492302], [-122.701583853569, 38.3417397408448], [-122.701585428222, 38.3417397223209], [-122.701743962122, 38.3417384457287], [-122.701744106311, 38.341738444293], [-122.701756582048, 38.3417383399356], [-122.701756655287, 38.3417383392207], [-122.701756728527, 38.3417383385057], [-122.701857262101, 38.3417375297823], [-122.701861076801, 38.3417376377151], [-122.701861170864, 38.3417384193247], [-122.701861290717, 38.3417410052714], [-122.701864475969, 38.3419840294678], [-122.701865122256, 38.3419980507155], [-122.701867251735, 38.3420156635485], [-122.701870839682, 38.3420331286819], [-122.701875870381, 38.3420503721742], [-122.701882322397, 38.3420673191683], [-122.70189016742, 38.3420838974933], [-122.701899372557, 38.3421000358679], [-122.701909898033, 38.3421156665978], [-122.701921699505, 38.3421307210762], [-122.701934725739, 38.3421451351851], [-122.701948920913, 38.3421588483992], [-122.701964224626, 38.342171800182], [-122.70198057073, 38.3421839362909], [-122.701997889635, 38.342195204277], [-122.702016108303, 38.3422055561889], [-122.702035146814, 38.3422149467613], [-122.702054924078, 38.342223337936], [-122.702075356716, 38.342230691649], [-122.702096355595, 38.3422369770314], [-122.702117831565, 38.3422421677209], [-122.702139693177, 38.3422462400526], [-122.702161845515, 38.3422491784643], [-122.7021841948, 38.3422509691993], [-122.702204380371, 38.3422515936454], [-122.702223393821, 38.3422517410625], [-122.702227868697, 38.3422518794993], [-122.702228275942, 38.3422519120766], [-122.702228321313, 38.342252289809], [-122.702228465264, 38.3422557013472], [-122.702228790362, 38.3423163327242], [-122.702229451698, 38.3423320068715], [-122.702231581274, 38.3423496196973], [-122.702235169324, 38.3423670848189], [-122.702240200136, 38.3423843273938], [-122.702246652263, 38.3424012752687], [-122.702254497404, 38.3424178535688], [-122.702263702664, 38.3424339919143], [-122.702274228267, 38.3424496226112], [-122.702286029868, 38.3424646770527], [-122.702299056234, 38.3424790911208], [-122.702313251542, 38.3424928042906], [-122.702328555389, 38.3425057560256], [-122.702344901629, 38.3425178920836], [-122.702362220671, 38.3425291600159], [-122.702380438329, 38.3425395118681], [-122.70239947812, 38.3425489023844], [-122.702419255517, 38.3425572934977], [-122.702439688285, 38.3425646471472], [-122.702460687292, 38.3425709324646], [-122.702482163387, 38.3425761230875], [-122.702504023976, 38.3425801953487], [-122.702526177575, 38.3425831336949], [-122.702548526972, 38.3425849243607], [-122.702570977213, 38.3425855607968], [-122.702575696477, 38.3425855466302], [-122.702591224377, 38.3425854183822], [-122.702608960094, 38.3425849100026], [-122.702631323672, 38.3425832327384], [-122.702653499696, 38.3425804068217], [-122.702675394282, 38.3425764446318], [-122.70269691238, 38.3425713630513], [-122.702717962352, 38.3425651843791], [-122.702738454834, 38.3425579345246], [-122.702758300438, 38.3425496448047], [-122.702777415487, 38.342540350156], [-122.702795718568, 38.3425300909278], [-122.702813129398, 38.3425189110776], [-122.702829574545, 38.3425068581852], [-122.702844983992, 38.3424939843452], [-122.702859291145, 38.3424803443644], [-122.70287243512, 38.3424659957681], [-122.702884359588, 38.3424510015004], [-122.702895012795, 38.3424354254181], [-122.702904349842, 38.3424193331979], [-122.702912330394, 38.3424027950343], [-122.702918920979, 38.3423858811391], [-122.702924092695, 38.342368663538], [-122.702927823496, 38.3423512169778], [-122.702930097061, 38.3423336153185], [-122.702930903927, 38.34231593424], [-122.702930695525, 38.3423056001571], [-122.702926643702, 38.3422144840947], [-122.702926628422, 38.34221374234], [-122.702926706348, 38.3422120337967], [-122.702928197855, 38.3422119222171], [-122.702930481065, 38.342211851396], [-122.702978953603, 38.3422112342634], [-122.70298245711, 38.3422113332605], [-122.702983010541, 38.3422114365017], [-122.70299152553, 38.3422133749937], [-122.70301338718, 38.3422174480639], [-122.703035539546, 38.3422203863108], [-122.703057888845, 38.3422221768793], [-122.703080338983, 38.3422228123163], [-122.703083929886, 38.3422228069883], [-122.70310732494, 38.3422226733557], [-122.703111563017, 38.3422227931346], [-122.703120840732, 38.3422240233753], [-122.703131946679, 38.3422253501695], [-122.703154295982, 38.3422271407196], [-122.703176746122, 38.342227776138], [-122.703199200985, 38.342227254379], [-122.703221564439, 38.3422255770017], [-122.703243740333, 38.3422227509727], [-122.70324414455, 38.342222684403], [-122.703247074394, 38.3422223105948], [-122.703248055376, 38.3422222373735], [-122.703251671843, 38.3422221365743], [-122.703279499058, 38.3422219528388], [-122.703297970503, 38.3422214390065], [-122.703320333953, 38.3422197616103], [-122.703342509842, 38.3422169355626], [-122.703364403137, 38.3422129732403], [-122.703375215327, 38.342210570861], [-122.703375459301, 38.3422105137991], [-122.703381217087, 38.3422097794368], [-122.703392276429, 38.3422082239403], [-122.703414169719, 38.3422042616088], [-122.703435687656, 38.3421991798918], [-122.703456738602, 38.3421930010888], [-122.703477229762, 38.3421857511011], [-122.703497076326, 38.3421774612578], [-122.703516191183, 38.3421681664872], [-122.703534492922, 38.3421579071394], [-122.70355190355, 38.342146727178], [-122.703568349635, 38.3421346741833], [-122.703583758873, 38.3421218002445], [-122.703598065815, 38.3421081601719], [-122.703611209577, 38.342093811491], [-122.703623132687, 38.3420788171435], [-122.70363378568, 38.3420632409922], [-122.703643122516, 38.3420471487113], [-122.703651104004, 38.3420306104984], [-122.703657693238, 38.3420136965569], [-122.703662864753, 38.3419964789213], [-122.703666595357, 38.3419790323357], [-122.703668868731, 38.3419614306602], [-122.703669676557, 38.3419437495777], [-122.703669012807, 38.3419260647766], [-122.703666882894, 38.3419084519742], [-122.703663294521, 38.3418909868937], [-122.703658263405, 38.3418737443772], [-122.703651812135, 38.3418567974815], [-122.703643965594, 38.341840218368], [-122.703634760102, 38.3418240801283], [-122.703624234295, 38.341808449551], [-122.703612433666, 38.3417933952447], [-122.703599407161, 38.3417789813203], [-122.703585211745, 38.3417652692053], [-122.70356990783, 38.3417523167312], [-122.703553560413, 38.3417401808393], [-122.703536241372, 38.3417289130815], [-122.703531122539, 38.3417259026345], [-122.703530250592, 38.3417253362573], [-122.703530218513, 38.3417250649046], [-122.703530065551, 38.3417213225917], [-122.703530054033, 38.3417162873648], [-122.703530228304, 38.3417108704841], [-122.70353552213, 38.341622933281], [-122.703536018078, 38.3416186086085], [-122.703541092162, 38.3415829000996], [-122.703542523512, 38.3415762066434], [-122.703577356705, 38.3414418926705], [-122.703578577004, 38.3414378474089], [-122.703579865236, 38.3414345413315], [-122.703638721472, 38.3413039768099], [-122.703640081917, 38.3413012017414], [-122.703641929212, 38.3412980178414], [-122.703723919747, 38.3411741691554], [-122.703725033917, 38.341172577686], [-122.703727512587, 38.3411694611699], [-122.703831327652, 38.3410550025301], [-122.703832155123, 38.3410541250149], [-122.703836498711, 38.3410499551565], [-122.703877014351, 38.3410133033152], [-122.703878255815, 38.34101220424], [-122.703879501847, 38.3410111078799], [-122.703885469703, 38.3410059696889], [-122.703886139183, 38.3410053918855], [-122.703971815224, 38.3409311995449], [-122.703973166773, 38.3409300430675], [-122.704126389564, 38.3408004176193], [-122.704127436783, 38.3407995280389], [-122.704279056214, 38.3406700975152], [-122.704282145961, 38.3406675286762], [-122.704359024619, 38.340605254323], [-122.704360441376, 38.3406040989067], [-122.704414307733, 38.3405599444067], [-122.704418858418, 38.3405566086906], [-122.704560214441, 38.3404653030003], [-122.704560598749, 38.34046506424], [-122.704565767851, 38.3404621662738], [-122.704640609335, 38.3404243794603], [-122.704647311875, 38.3404211771302], [-122.704724038448, 38.3403869260488], [-122.704730955919, 38.3403840523046], [-122.704815828383, 38.3403538096366], [-122.704819599443, 38.3403525294616], [-122.704820427818, 38.3403522701885], [-122.704907453868, 38.3403259514438], [-122.704910419849, 38.3403251108451], [-122.70491485951, 38.3403240297199], [-122.7050058053, 38.3403037680509], [-122.705011398336, 38.3403027033417], [-122.705046813741, 38.3402965964314], [-122.705061178812, 38.3402938630657], [-122.70508269607, 38.3402887810421], [-122.705103745181, 38.3402826019357], [-122.705124235638, 38.3402753516551], [-122.705144081493, 38.3402670615275], [-122.705163195638, 38.3402577664826], [-122.705181496664, 38.3402475068714], [-122.705198907725, 38.3402363266619], [-122.70521535196, 38.3402242734265], [-122.705230760502, 38.3402113992643], [-122.705245066761, 38.3401977580823], [-122.705258209849, 38.3401834101107], [-122.705270132305, 38.3401684155881], [-122.705280785808, 38.3401528392825], [-122.705290122033, 38.3401367468628], [-122.70529810179, 38.3401202085272], [-122.70530469161, 38.3401032944882], [-122.705309861452, 38.3400860767693], [-122.705313591561, 38.3400686301237], [-122.705315864475, 38.3400510284087], [-122.705316671876, 38.3400333473073], [-122.705316666931, 38.340030895936], [-122.705316649377, 38.3400284499403], [-122.705316801334, 38.3400251175555], [-122.705317097793, 38.3400250957695], [-122.705321776119, 38.3400249768461], [-122.705325094577, 38.3400249707648], [-122.70532547906, 38.3400249699285], [-122.706039065169, 38.3400230891829], [-122.70676975742, 38.3400211531406]]]}, "properties": {"OBJECTID": 10350279, "UtilityCompany": "PGE", "StartDate": 1782654705000, "EstimatedRestoreDate": 1782679500000, "Cause": "PATROLLING", "ImpactedCustomers": 210, "Shape__Area": 197252.83984375, "Shape__Length": 2728.3404407471958, "County": "SONOMA", "OutageStatus": "Active", "OutageType": "Not Planned", "IncidentId": "292706"}}, {"type": "Feature", "id": 10350280, "geometry": {"type": "Polygon", "coordinates": [[[-122.100653482016, 37.3959847866604], [-122.100656241057, 37.3959858099512], [-122.100746293575, 37.3960242588722], [-122.100962827094, 37.396116711441], [-122.101130480999, 37.3961882907519], [-122.101443222404, 37.3963218454096], [-122.101444540532, 37.396322437701], [-122.101446111549, 37.3963232338174], [-122.101445332034, 37.3963248413155], [-122.101444956914, 37.3963255072689], [-122.101340853839, 37.3965017634691], [-122.101340825017, 37.3965018119231], [-122.101340796194, 37.3965018603771], [-122.101251424994, 37.3966530176137], [-122.101248823017, 37.3966568141644], [-122.101248421384, 37.3966573347976], [-122.101244791785, 37.3966618500275], [-122.101242337614, 37.3966645273195], [-122.101240322582, 37.396666476051], [-122.101238778219, 37.3966678938578], [-122.101234500061, 37.3966714694542], [-122.101233842277, 37.3966719647051], [-122.101230623966, 37.3966742990823], [-122.101227404323, 37.3966763666489], [-122.101224717609, 37.3966778929478], [-122.101220996033, 37.3966798927027], [-122.101217397225, 37.3966816401104], [-122.101212975855, 37.396683490329], [-122.101210694497, 37.3966843734388], [-122.101206083754, 37.396685998682], [-122.10120246951, 37.3966870519301], [-122.101198733555, 37.3966879852742], [-122.101195738331, 37.3966886673634], [-122.101191827839, 37.3966893632261], [-122.101184691848, 37.396690251795], [-122.101184576462, 37.3966902644382], [-122.101181672786, 37.3966904704072], [-122.101176559441, 37.3966905703445], [-122.101171169729, 37.3966905401886], [-122.101166030274, 37.396690366817], [-122.101161849962, 37.3966900060444], [-122.101161651412, 37.3966899820012], [-122.101157925094, 37.3966894462118], [-122.101151960244, 37.3966882885967], [-122.101145651369, 37.3966867065329], [-122.10114295081, 37.3966858919107], [-122.101139480077, 37.3966847667761], [-122.101133107698, 37.3966824478234], [-122.101045687475, 37.3966484601758], [-122.101029895448, 37.3966427147632], [-122.101009214772, 37.3966363237655], [-122.10098805444, 37.3966310269652], [-122.100966504585, 37.3966268448771], [-122.100944658755, 37.3966237962393], [-122.100922609428, 37.3966218943741], [-122.100900451408, 37.3966211472127], [-122.100878279563, 37.3966215572795], [-122.100856188805, 37.3966231234933], [-122.10083427411, 37.3966258393658], [-122.10081262826, 37.3966296929837], [-122.10079134523, 37.3966346670346], [-122.100770515627, 37.3966407423782], [-122.10075022791, 37.3966478908441], [-122.100730570556, 37.3966560824597], [-122.10071162645, 37.3966652827026], [-122.100693477411, 37.3966754516348], [-122.100676199653, 37.3966865456702], [-122.100659869444, 37.3966985167159], [-122.100644555155, 37.396711315718], [-122.100630322997, 37.396724885494], [-122.10061723353, 37.3967391688185], [-122.100605342829, 37.3967541057275], [-122.100594702526, 37.3967696299141], [-122.100594548212, 37.3967698748096], [-122.100453483794, 37.3969932737242], [-122.10045098065, 37.3969969258909], [-122.100450028384, 37.3969966320157], [-122.10044714423, 37.3969955816291], [-122.100388359298, 37.3969727123163], [-122.100388141136, 37.3969726277319], [-122.099990460189, 37.3968173492339], [-122.099987089627, 37.3968158787085], [-122.099989308913, 37.3968120630487], [-122.100201363969, 37.3964760950653], [-122.10020389011, 37.3964724088271], [-122.100210935563, 37.3964711545803], [-122.100221718929, 37.3964690869147], [-122.100243001959, 37.3964641120648], [-122.100263831542, 37.3964580377152], [-122.100284119251, 37.3964508893324], [-122.100303776609, 37.3964426968895], [-122.100322720696, 37.3964334976127], [-122.100340870855, 37.3964233287455], [-122.100358147471, 37.39641223475], [-122.100374477674, 37.3964002628439], [-122.100389791933, 37.3963874647771], [-122.100404024079, 37.3963738941277], [-122.100417113522, 37.3963596108257], [-122.100429004185, 37.3963446748356], [-122.100439644471, 37.3963291497611], [-122.100440869901, 37.3963271941346], [-122.100651430793, 37.3959877788738], [-122.100653482016, 37.3959847866604]]]}, "properties": {"OBJECTID": 10350280, "UtilityCompany": "PGE", "StartDate": 1782641539000, "EstimatedRestoreDate": 1782665100000, "Cause": "TREE CONTACT", "ImpactedCustomers": 1, "Shape__Area": 10621.19140625, "Shape__Length": 471.2254934435812, "County": "SANTA CLARA", "OutageStatus": "Active", "OutageType": "Not Planned", "IncidentId": "292673"}}, {"type": "Feature", "id": 10350281, "geometry": {"type": "Polygon", "coordinates": [[[-121.627417818774, 37.8925830711194], [-121.62742183159, 37.8925832224621], [-121.627421894418, 37.8925838198172], [-121.627421981662, 37.8925867769096], [-121.627421786634, 37.8926263689156], [-121.627421588603, 37.8926654489806], [-121.627421587331, 37.8926655174602], [-121.627421390517, 37.8927060629593], [-121.627417172972, 37.8935539710047], [-121.627417170758, 37.8935545189341], [-121.627415130715, 37.8944000378306], [-121.627415146105, 37.8944031896537], [-121.627416120895, 37.8944824859926], [-121.627415977411, 37.8944848843268], [-121.627415209947, 37.8944849348583], [-121.62741150568, 37.8944850043125], [-121.626309395003, 37.8944817313682], [-121.625310224244, 37.8944787573908], [-121.625195114261, 37.8944784122829], [-121.623190315565, 37.8944724199553], [-121.623186308346, 37.8944722685331], [-121.623186209289, 37.8944680621806], [-121.623187658854, 37.8943835931366], [-121.623202142808, 37.893539024162], [-121.623216654444, 37.8926927520452], [-121.623216684888, 37.8926897134135], [-121.623216919745, 37.8926103726215], [-121.623217027323, 37.892573581578], [-121.623217211933, 37.8925705086999], [-121.62321814677, 37.892570446635], [-121.623221516513, 37.8925703815101], [-121.623227331104, 37.8925703900467], [-121.623227674545, 37.8925703904593], [-121.624056714546, 37.8925729143756], [-121.624264637267, 37.8925735470063], [-121.624472561224, 37.8925741747777], [-121.62468048277, 37.8925748102647], [-121.624888406724, 37.8925754391035], [-121.625096329521, 37.8925760693639], [-121.625304204545, 37.8925767005012], [-121.625304300053, 37.8925767016167], [-121.625312649294, 37.8925767252357], [-121.625312685678, 37.8925767256607], [-121.625512176331, 37.8925773269938], [-121.625720099122, 37.8925779588553], [-121.625928023133, 37.8925785867586], [-121.626135944901, 37.892579213367], [-121.626343864326, 37.8925798440868], [-121.626576050226, 37.8925805440231], [-121.626783965201, 37.8925811703081], [-121.626991871062, 37.8925817979218], [-121.627223738619, 37.8925824946685], [-121.627417818774, 37.8925830711194]]]}, "properties": {"OBJECTID": 10350281, "UtilityCompany": "PGE", "StartDate": 1782651468000, "EstimatedRestoreDate": 1782678600000, "Cause": "THRD PARTY", "ImpactedCustomers": 5, "Shape__Area": 125906.59765625, "Shape__Length": 1475.453485683438, "County": "CONTRA COSTA", "OutageStatus": "Active", "OutageType": "Not Planned", "IncidentId": "292697"}}, {"type": "Feature", "id": 10350282, "geometry": {"type": "Polygon", "coordinates": [[[-121.835614619394, 36.8928160298694], [-121.835617071454, 36.8928192854439], [-121.835667907006, 36.8928927570301], [-121.835668064042, 36.8928929839207], [-121.835720638426, 36.8929693137588], [-121.83572126437, 36.8929702185953], [-121.835774211462, 36.8930463997243], [-121.835774367405, 36.8930466248013], [-121.835824936403, 36.8931197106099], [-121.835827138978, 36.893123137707], [-121.835827214336, 36.8931232745578], [-121.835823170152, 36.8931252396589], [-121.835728002239, 36.8931677197503], [-121.83572677737, 36.8931682684223], [-121.83570792896, 36.8931774285994], [-121.835689867101, 36.893187559184], [-121.835672667645, 36.8931986167507], [-121.835656406497, 36.8932105542695], [-121.835641151778, 36.8932233201264], [-121.835626969389, 36.8932368608836], [-121.835613919721, 36.8932511167388], [-121.835602058673, 36.8932660278461], [-121.835591437727, 36.8932815298091], [-121.835582101643, 36.8932975572642], [-121.835577928102, 36.8933057462037], [-121.83557477819, 36.8933122279957], [-121.835571764904, 36.8933134838691], [-121.835477906468, 36.8933477539579], [-121.835472024863, 36.8933499570365], [-121.835452471231, 36.8933581069942], [-121.835433622742, 36.8933672671262], [-121.83541555968, 36.8933773976563], [-121.835398361264, 36.8933884551926], [-121.835382100034, 36.893400392672], [-121.835366845231, 36.8934131584918], [-121.83535266276, 36.8934266992144], [-121.835339613008, 36.8934409550375], [-121.835327751877, 36.8934558661155], [-121.835317130848, 36.8934713680521], [-121.835307794684, 36.8934873954837], [-121.835299783726, 36.8935038784963], [-121.835293131584, 36.8935207471101], [-121.835287867408, 36.8935379294983], [-121.835284013655, 36.8935553510648], [-121.835282720983, 36.8935647184302], [-121.835282588726, 36.8935647072182], [-121.835281383039, 36.8935734462543], [-121.835278343684, 36.8935756780879], [-121.835227142809, 36.8936101362936], [-121.835128676465, 36.8936764113404], [-121.835125716476, 36.8936782942024], [-121.835125052048, 36.8936786662787], [-121.835122772559, 36.8936788242104], [-121.835121119821, 36.8936788738086], [-121.835099170914, 36.8936803929112], [-121.835077393067, 36.8936830620792], [-121.835055878499, 36.8936868686954], [-121.835034720576, 36.893691798352], [-121.835014009421, 36.893697828496], [-121.834999716846, 36.893702730817], [-121.83486405671, 36.8937522623661], [-121.83485750308, 36.8937545219218], [-121.834855245129, 36.8937552560584], [-121.834850610959, 36.8937566050874], [-121.834847599338, 36.8937573065934], [-121.834843355383, 36.8937580870558], [-121.834842016488, 36.8937583100937], [-121.834837846214, 36.8937588208565], [-121.834833872722, 36.8937591586762], [-121.834812094845, 36.8937618277948], [-121.834790580229, 36.8937656352637], [-121.834769422268, 36.8937705648722], [-121.834748711073, 36.8937765949691], [-121.834728534564, 36.8937837002762], [-121.834708980745, 36.8937918501077], [-121.834690132062, 36.8938010101175], [-121.834672069923, 36.8938111405414], [-121.834654870182, 36.8938221979547], [-121.834638608744, 36.8938341353278], [-121.834623353732, 36.8938469010476], [-121.834609171063, 36.8938604407754], [-121.834596121085, 36.8938746974135], [-121.834584259742, 36.8938896084125], [-121.834573638503, 36.8939051102778], [-121.834564302129, 36.8939211376461], [-121.83456014884, 36.8939296828023], [-121.834560002515, 36.893929637198], [-121.834556021832, 36.8939378279916], [-121.83455309209, 36.8939390486018], [-121.834470723897, 36.8939690064913], [-121.83446887035, 36.893969640926], [-121.834467382355, 36.8939700743275], [-121.834465951486, 36.8939678581543], [-121.834304253058, 36.8936797650878], [-121.834125865598, 36.8933619292727], [-121.834125188145, 36.8933606489372], [-121.834124600804, 36.893359346951], [-121.834127503421, 36.8933581378032], [-121.834292126971, 36.8932981140542], [-121.834294123792, 36.8932974296476], [-121.834295670383, 36.8932969796963], [-121.834306539736, 36.8932956377808], [-121.83431976913, 36.8932940062315], [-121.834341283634, 36.8932901988457], [-121.834362441486, 36.8932852693113], [-121.834383152576, 36.8932792392794], [-121.834403328982, 36.8932721340286], [-121.834422882699, 36.893263984245], [-121.834441731279, 36.893254824275], [-121.834459793313, 36.8932446938834], [-121.83447699295, 36.8932336364956], [-121.834484972031, 36.8932279683031], [-121.83448502529, 36.8932279345721], [-121.834488054395, 36.8932266725717], [-121.834605965733, 36.8931836765165], [-121.834607967062, 36.8931829903461], [-121.834609500117, 36.8931825447649], [-121.834613699567, 36.8931824750839], [-121.834624708332, 36.8931821485891], [-121.834646657105, 36.8931806295717], [-121.834668434821, 36.8931779604803], [-121.834689949263, 36.8931741539317], [-121.834711107063, 36.893169224334], [-121.834731818095, 36.8931631942402], [-121.834751994439, 36.893156088929], [-121.834771548104, 36.8931479381855], [-121.834790396601, 36.8931387790599], [-121.834808459685, 36.8931286486249], [-121.834825658125, 36.893117591174], [-121.834841919379, 36.8931056537707], [-121.834851022262, 36.8930980360147], [-121.834851051093, 36.8930980588326], [-121.834858658047, 36.8930916928821], [-121.834861673593, 36.8930904361475], [-121.834983083932, 36.893046171495], [-121.834983122303, 36.8930461574487], [-121.835107632703, 36.8930007512371], [-121.835305126166, 36.8929287351276], [-121.835307127483, 36.8929280489451], [-121.835308683079, 36.8929275963645], [-121.835309171876, 36.8929274821705], [-121.835317863167, 36.8929258240503], [-121.835339020861, 36.8929208943388], [-121.835359732901, 36.8929148641442], [-121.835379908002, 36.8929077587128], [-121.835399462648, 36.8928996087756], [-121.835418311023, 36.8928904486464], [-121.835427445064, 36.8928855020191], [-121.835433609414, 36.8928820451527], [-121.83543664302, 36.8928807804677], [-121.835611196635, 36.8928171293931], [-121.835613197947, 36.8928164432054], [-121.835614619394, 36.8928160298694]]]}, "properties": {"OBJECTID": 10350282, "UtilityCompany": "PGE", "StartDate": 1782654219000, "EstimatedRestoreDate": 1782684900000, "Cause": "PATROLLING", "ImpactedCustomers": 1, "Shape__Area": 13570.25, "Shape__Length": 527.3259984139867, "County": "SANTA CRUZ", "OutageStatus": "Active", "OutageType": "Not Planned", "IncidentId": "292705"}}, {"type": "Feature", "id": 10350283, "geometry": {"type": "Polygon", "coordinates": [[[-121.720987410305, 38.5899167195836], [-121.723405756205, 38.5899553905797], [-121.723407979694, 38.5899554211443], [-121.72340847448, 38.5899554256409], [-121.730087384888, 38.5900205629379], [-121.730092604614, 38.590020753854], [-121.730092708665, 38.5900250147168], [-121.73007936241, 38.5908023734915], [-121.730079151484, 38.5908074374642], [-121.730057170152, 38.5911410576227], [-121.730057062231, 38.5911423604146], [-121.730056692972, 38.5911453320023], [-121.730043023813, 38.5912380570057], [-121.730042502534, 38.5912403375643], [-121.730042422275, 38.5912405917186], [-121.73004093342, 38.5912442855922], [-121.72997024371, 38.591402602791], [-121.729968422741, 38.5914062471005], [-121.729965840611, 38.5914086476732], [-121.729890923627, 38.5914721775134], [-121.729888549925, 38.5914740874179], [-121.729887747558, 38.5914746608515], [-121.729886009367, 38.5914753665093], [-121.729884493491, 38.5914759015594], [-121.729792808627, 38.5915064880553], [-121.729789735626, 38.5915073576501], [-121.729789570379, 38.5915073522518], [-121.729784390754, 38.5915068995223], [-121.729651574377, 38.591491964841], [-121.729642402282, 38.5914906739495], [-121.729519709134, 38.5914688669123], [-121.729516342951, 38.5914681950552], [-121.72951533811, 38.5914679435386], [-121.729513149136, 38.5914669942924], [-121.729512649362, 38.5914667509629], [-121.729335799858, 38.591377082245], [-121.729334727012, 38.5913765199932], [-121.729330684323, 38.5913742322333], [-121.72925474043, 38.5913292521468], [-121.729242560079, 38.5913223594542], [-121.729237714044, 38.5913197890178], [-121.728957644268, 38.5911739151199], [-121.728943516959, 38.5911669381683], [-121.72893765558, 38.5911642575645], [-121.728529816234, 38.590981945443], [-121.728527649736, 38.5909809603767], [-121.728205975981, 38.5908322608076], [-121.728187775366, 38.5908244176472], [-121.728167377195, 38.5908168948387], [-121.728146394204, 38.5908104353346], [-121.728139258734, 38.5908085158316], [-121.727796474708, 38.5907196013319], [-121.727793539986, 38.5907188169668], [-121.72763730496, 38.5906758276544], [-121.727617095764, 38.5906708092964], [-121.72759521855, 38.5906665540942], [-121.727573743598, 38.5906635126042], [-121.727388081019, 38.5906419621196], [-121.727383831838, 38.5906414256835], [-121.727099782492, 38.5906027372284], [-121.727090573702, 38.590601582713], [-121.727068176373, 38.5905996052668], [-121.727056375086, 38.5905990290211], [-121.726648176194, 38.5905846085682], [-121.726637463329, 38.5905843613285], [-121.726633724113, 38.5905843359591], [-121.726217104804, 38.5905833513257], [-121.726207638838, 38.5905834312192], [-121.725881521726, 38.5905896952894], [-121.725875633366, 38.5905897194888], [-121.720976794098, 38.5905159900147], [-121.720972080578, 38.590515806928], [-121.720971795118, 38.5905157821803], [-121.720971694218, 38.5905115682074], [-121.720982622885, 38.5899210270154], [-121.720982877233, 38.5899167871869], [-121.720987410305, 38.5899167195836]]]}, "properties": {"OBJECTID": 10350283, "UtilityCompany": "PGE", "StartDate": 1782654796000, "EstimatedRestoreDate": 1782676800000, "Cause": null, "ImpactedCustomers": 1, "Shape__Area": 106853.375, "Shape__Length": 2336.61092052969, "County": "YOLO", "OutageStatus": "Active", "OutageType": "Not Planned", "IncidentId": "292709"}}, {"type": "Feature", "id": 10350284, "geometry": {"type": "Polygon", "coordinates": [[[-122.032003548781, 37.5578567125614], [-122.032007141654, 37.5578598272539], [-122.032129308346, 37.5579728337513], [-122.032129872179, 37.5579733584379], [-122.032254863404, 37.5580901780307], [-122.032376757437, 37.5582041022892], [-122.032379786677, 37.5582071168103], [-122.032379945122, 37.5582072965713], [-122.032379705026, 37.5582090530873], [-122.032378844267, 37.5582135409373], [-122.032376437332, 37.5582311303847], [-122.032375481858, 37.5582488074398], [-122.032375979959, 37.5582664964085], [-122.032377931481, 37.5582841215784], [-122.032381326084, 37.5583016071534], [-122.032386148876, 37.5583188791027], [-122.032392381581, 37.5583358624665], [-122.032399995696, 37.5583524849049], [-122.032408959304, 37.5583686758528], [-122.032419234822, 37.5583843646986], [-122.032430775556, 37.5583994852626], [-122.032443534786, 37.5584139731675], [-122.032456546083, 37.5584269173655], [-122.032556652581, 37.5585204777154], [-122.032690873332, 37.5586459215391], [-122.032821718332, 37.5587682117618], [-122.032824747624, 37.5587712253706], [-122.032824853622, 37.5587713461151], [-122.032821338939, 37.5587739131355], [-122.03256642521, 37.5589467625374], [-122.032562640816, 37.558949172312], [-122.03256246405, 37.5589492709105], [-122.032554982276, 37.5589449093815], [-122.032545908121, 37.5589397993222], [-122.032527156071, 37.5589303016227], [-122.032507664262, 37.5589218010318], [-122.032487514879, 37.5589143333743], [-122.032466795818, 37.5589079309166], [-122.03244559504, 37.5589026205176], [-122.032424002819, 37.5588984254502], [-122.032402112885, 37.5588953645087], [-122.032380017939, 37.5588934483674], [-122.032357812945, 37.5588926877191], [-122.032335592984, 37.5588930842443], [-122.032313453164, 37.5588946378213], [-122.032291488704, 37.5588973393162], [-122.032269793696, 37.5589011795855], [-122.032248458936, 37.5589061413474], [-122.032227578678, 37.5589122028415], [-122.032207241561, 37.5589193386563], [-122.032187532898, 37.5589275179452], [-122.032179655587, 37.5589312416343], [-122.032179621086, 37.5589311953839], [-122.031960510919, 37.5590352838138], [-122.031957830205, 37.5590363956986], [-122.03195459, 37.5590335840376], [-122.031812743862, 37.5589010122726], [-122.031730910102, 37.558824527137], [-122.0316785253, 37.558775566578], [-122.031507422736, 37.5586156489528], [-122.031504392385, 37.5586126344004], [-122.031504298655, 37.5586125281766], [-122.03150586447, 37.5586116541187], [-122.031507016531, 37.5586110813143], [-122.031621912475, 37.5585565013344], [-122.031633649584, 37.5585506650917], [-122.031651847424, 37.5585405077141], [-122.031669172997, 37.5585294247296], [-122.031685549836, 37.5585174632817], [-122.031700909339, 37.5585046750849], [-122.031715185148, 37.5584911136748], [-122.031728316482, 37.558476838942], [-122.031740245955, 37.5584619108051], [-122.031750925181, 37.5584463937627], [-122.031760305762, 37.5584303532151], [-122.031768348299, 37.5584138591426], [-122.031775019054, 37.5583969815723], [-122.03178028766, 37.5583797923612], [-122.031784133904, 37.5583623661537], [-122.031786540983, 37.5583447767207], [-122.031787496597, 37.5583270996726], [-122.031786998636, 37.5583094107036], [-122.031785047253, 37.5582917855259], [-122.03178165279, 37.5582742999357], [-122.03177683014, 37.5582570279635], [-122.031770597583, 37.5582400445691], [-122.031762983618, 37.5582234220918], [-122.031754020169, 37.5582072310967], [-122.031743744815, 37.5581915421948], [-122.031732204252, 37.5581764215655], [-122.031719445189, 37.5581619344869], [-122.031707106356, 37.5581496203412], [-122.031653414965, 37.5580991258138], [-122.031650714481, 37.5580964312369], [-122.031650458971, 37.5580961407173], [-122.031653973672, 37.5580935728303], [-122.031999607035, 37.5578592111608], [-122.032003391403, 37.5578568005021], [-122.032003548781, 37.5578567125614]]]}, "properties": {"OBJECTID": 10350284, "UtilityCompany": "PGE", "StartDate": 1782639257000, "EstimatedRestoreDate": 1782665100000, "Cause": "PATROLLING", "ImpactedCustomers": 1, "Shape__Area": 12292.94921875, "Shape__Length": 494.32259653655467, "County": "ALAMEDA", "OutageStatus": "Active", "OutageType": "Not Planned", "IncidentId": "292663"}}, {"type": "Feature", "id": 10350285, "geometry": {"type": "Polygon", "coordinates": [[[-122.440645784974, 37.6185004765373], [-122.440646120279, 37.6185021537131], [-122.440646222224, 37.6185029149252], [-122.440651659403, 37.6185527702395], [-122.440653036988, 37.6185630952809], [-122.440655373176, 37.6185755412066], [-122.440664200217, 37.6186160819429], [-122.440665356864, 37.6186211105792], [-122.44067027909, 37.6186383656804], [-122.44067033115, 37.618638525464], [-122.440683451526, 37.6186783249189], [-122.440689728974, 37.6186951276621], [-122.440691952206, 37.6187002668101], [-122.440709271733, 37.618739041515], [-122.440714759779, 37.6187504991896], [-122.440720079859, 37.6187603282523], [-122.440741470383, 37.6187977918732], [-122.440745211018, 37.6188041234705], [-122.440754516767, 37.6188182816169], [-122.440785163246, 37.6188617316142], [-122.440788496003, 37.6188666957508], [-122.440793134987, 37.6188739662908], [-122.440794608767, 37.6188765952657], [-122.440795798633, 37.6188791570974], [-122.44079880051, 37.61888684531], [-122.440799388831, 37.6188884795188], [-122.44079991328, 37.6188903207325], [-122.440800591063, 37.6188936264448], [-122.440801657404, 37.618899972407], [-122.440802069408, 37.6189035130101], [-122.440802147266, 37.6189058262109], [-122.44080174029, 37.6189149277903], [-122.44080171109, 37.6189153467738], [-122.440801451484, 37.6189173293871], [-122.440800556939, 37.6189214812148], [-122.44079920349, 37.6189266899392], [-122.440797969496, 37.6189307761632], [-122.440797269367, 37.6189325719147], [-122.440796895043, 37.6189333804432], [-122.440792890645, 37.6189415365966], [-122.440791606038, 37.6189437568123], [-122.440789630805, 37.618946655166], [-122.440785181029, 37.6189525495557], [-122.440783207929, 37.6189550116721], [-122.44078181635, 37.6189565364495], [-122.44078011671, 37.6189581922636], [-122.440773852294, 37.6189640005379], [-122.440771334509, 37.6189661130579], [-122.440768834619, 37.6189679543601], [-122.44076100327, 37.6189731314821], [-122.440759212371, 37.6189742631864], [-122.440753617099, 37.6189774201922], [-122.440603558797, 37.6190565971535], [-122.440597457822, 37.6190596444953], [-122.440440122578, 37.6191343837156], [-122.440439034381, 37.6191348887123], [-122.440436617371, 37.6191359507435], [-122.440275015241, 37.6192046837263], [-122.440270030133, 37.6192067061154], [-122.440105199912, 37.6192690222536], [-122.440097856866, 37.619271631034], [-122.439929344978, 37.6193277282548], [-122.439924376062, 37.6193292513652], [-122.439752169165, 37.61937910075], [-122.439749289534, 37.6193798982814], [-122.439748363111, 37.6193801354412], [-122.439573384661, 37.6194234475254], [-122.439566120139, 37.6194251012279], [-122.439390811484, 37.6194613540012], [-122.439382982951, 37.6194628166333], [-122.43920351612, 37.6194927994992], [-122.439203300561, 37.6194928345283], [-122.439199556099, 37.6194933611403], [-122.439018426755, 37.6195165640761], [-122.439012993169, 37.6195171890096], [-122.438949384197, 37.6195236691495], [-122.438944454566, 37.6195240314829], [-122.438944755066, 37.619521740811], [-122.438979130286, 37.6193549351267], [-122.439010217291, 37.6192040737743], [-122.439040611505, 37.6190565720055], [-122.439065707621, 37.6189347863331], [-122.439090279131, 37.6188155489435], [-122.439118261018, 37.618679754866], [-122.439125525198, 37.6186445011337], [-122.439125744201, 37.6186435548691], [-122.439126221825, 37.6186419698841], [-122.43913046943, 37.618641433047], [-122.440641125565, 37.6185007771292], [-122.440645236451, 37.6185004883585], [-122.440645784974, 37.6185004765373]]]}, "properties": {"OBJECTID": 10350285, "UtilityCompany": "PGE", "StartDate": 1782654716000, "EstimatedRestoreDate": 1782676800000, "Cause": null, "ImpactedCustomers": 1, "Shape__Area": 19543.2890625, "Shape__Length": 585.7564769338503, "County": "SAN MATEO", "OutageStatus": "Active", "OutageType": "Not Planned", "IncidentId": "292707"}}, {"type": "Feature", "id": 10350286, "geometry": {"type": "Polygon", "coordinates": [[[-120.791860075959, 38.7233432608177], [-120.791861675715, 38.7233434153884], [-120.791864009678, 38.7233437442159], [-120.791964825153, 38.7233598782277], [-120.792094914892, 38.7233806964821], [-120.792098360063, 38.7233813949989], [-120.79210096058, 38.723382219019], [-120.792110680416, 38.7233858941582], [-120.792113122306, 38.7233869764803], [-120.792115088522, 38.7233883039061], [-120.792115383099, 38.7233885239172], [-120.792250737783, 38.7234932428215], [-120.79225207036, 38.7234943050843], [-120.792254804895, 38.7234966417621], [-120.792406372801, 38.7236312999205], [-120.792413126091, 38.7236372995197], [-120.792414998337, 38.7236391765967], [-120.792415091287, 38.7236401550709], [-120.792415209775, 38.7236459085943], [-120.792415316763, 38.7236459079123], [-120.792415458397, 38.7236527404078], [-120.792417129659, 38.7236703754347], [-120.792420267778, 38.7236878867985], [-120.792424862384, 38.7237052004183], [-120.792430892786, 38.7237222411177], [-120.792438332467, 38.723738936313], [-120.792447150251, 38.7237552151345], [-120.792457308071, 38.7237710065823], [-120.792468763116, 38.7237862440721], [-120.792481465656, 38.7238008617897], [-120.792495361222, 38.7238147983368], [-120.792510390745, 38.723827992228], [-120.792526489215, 38.723840388173], [-120.79254358927, 38.7238519326389], [-120.792561615359, 38.7238625764437], [-120.792580491823, 38.7238722740069], [-120.792600137141, 38.7238809832421], [-120.792607096693, 38.7238836835443], [-120.7926070592, 38.7238837432053], [-120.792612357015, 38.7238857985156], [-120.792613845769, 38.7238864582602], [-120.792614785393, 38.7238891142296], [-120.792621610992, 38.7239131313104], [-120.792623064715, 38.7239180306481], [-120.792629095153, 38.7239350722392], [-120.79263493126, 38.7239484501686], [-120.792714723299, 38.7241168238903], [-120.792715814893, 38.7241193259498], [-120.7927160752, 38.7241200616033], [-120.79271523336, 38.7241203944015], [-120.792712074222, 38.7241214628221], [-120.79269608014, 38.7241264867164], [-120.792679389411, 38.724132133578], [-120.79265923101, 38.7241400909573], [-120.792639779756, 38.7241490645386], [-120.792621118512, 38.7241590153409], [-120.792603329105, 38.7241699007598], [-120.792586486572, 38.7241816744585], [-120.792570662643, 38.7241942855324], [-120.792555925682, 38.7242076803104], [-120.792542338388, 38.7242218023112], [-120.79252995903, 38.7242365895637], [-120.792518841304, 38.7242519791095], [-120.792509032069, 38.7242679060587], [-120.792500573718, 38.724284300932], [-120.792493501753, 38.7243010941199], [-120.792487847129, 38.7243182141249], [-120.79248363399, 38.7243355866177], [-120.792480880704, 38.7243531380607], [-120.792479598796, 38.7243707929853], [-120.792479792896, 38.7243884757922], [-120.792481463033, 38.7244061107954], [-120.792484602342, 38.7244236221785], [-120.792489197001, 38.7244409357956], [-120.792495227473, 38.724457976492], [-120.792497895603, 38.7244643773642], [-120.792567896417, 38.7246254913169], [-120.792569050068, 38.72462825675], [-120.792705559829, 38.7249758060345], [-120.792706841461, 38.7249794586966], [-120.792706912519, 38.7249797285462], [-120.792705622522, 38.7249836344794], [-120.792652037518, 38.725124951961], [-120.792646287875, 38.725140113136], [-120.792644670277, 38.7251439371937], [-120.792644595692, 38.7251440808509], [-120.792641693336, 38.7251461101138], [-120.792307532946, 38.7253585004832], [-120.792274186509, 38.7253796943778], [-120.792270403078, 38.7253821340744], [-120.792253560199, 38.7253939077128], [-120.792237735908, 38.7254065196301], [-120.792222998626, 38.7254199143543], [-120.792209411056, 38.7254340354045], [-120.792197032559, 38.7254488226324], [-120.792185913385, 38.7254642130147], [-120.792176103925, 38.7254801390252], [-120.792167645344, 38.7254965338648], [-120.792162876589, 38.7255074399543], [-120.792147372189, 38.725545524653], [-120.792146817872, 38.7255467918425], [-120.792146102239, 38.7255481803266], [-120.792142165614, 38.7255505891924], [-120.791776273, 38.7257580408904], [-120.791772160392, 38.7257602247644], [-120.791771893205, 38.7257603476618], [-120.791769920055, 38.7257608870359], [-120.791768558978, 38.7257611974006], [-120.791401270812, 38.7258384035895], [-120.791398187708, 38.7258389048595], [-120.791395055727, 38.7258372958917], [-120.791351882463, 38.7258127025992], [-120.791351485707, 38.7258124761498], [-120.791307223953, 38.7257871117092], [-120.791304811551, 38.7257857046551], [-120.791262124632, 38.7257603357239], [-120.791259742054, 38.7257588940923], [-120.791217630788, 38.7257329485532], [-120.79121527691, 38.7257314714219], [-120.791173747018, 38.7257049502847], [-120.791171437602, 38.725703448764], [-120.791157229691, 38.7256940482564], [-120.791151180347, 38.7256901369664], [-120.791133152882, 38.725679492918], [-120.791114276134, 38.7256697960158], [-120.791094630556, 38.7256610856236], [-120.791074298901, 38.7256534011484], [-120.791053369891, 38.725646774902], [-120.791031932385, 38.7256412346937], [-120.791010077628, 38.725636805675], [-120.790987900558, 38.7256335049576], [-120.790965495023, 38.7256313478309], [-120.790942957391, 38.7256303424238], [-120.790920384083, 38.7256304950641], [-120.790897871803, 38.7256318030747], [-120.790875517303, 38.7256342619772], [-120.790853415265, 38.7256378600465], [-120.790831661571, 38.7256425837776], [-120.790810348906, 38.7256484114962], [-120.79078956889, 38.7256553188046], [-120.790769408681, 38.7256632767158], [-120.790749956811, 38.7256722490605], [-120.790731296062, 38.7256821995609], [-120.790714757252, 38.7256922694657], [-120.790710156514, 38.7256952504965], [-120.790705471085, 38.7256981803691], [-120.790701865932, 38.7257003566793], [-120.790699013516, 38.7257020318306], [-120.790694581012, 38.725704517771], [-120.790689627289, 38.7257071956882], [-120.790685532385, 38.7257093266974], [-120.790683374109, 38.7257104238954], [-120.790682999218, 38.7257106078263], [-120.790678204042, 38.7257129184165], [-120.7906730324, 38.7257153146953], [-120.790668426983, 38.7257173648707], [-120.790667168991, 38.7257179132417], [-120.790665773009, 38.7257184977481], [-120.790661114469, 38.7257204054569], [-120.790655757513, 38.7257225071983], [-120.790650637278, 38.7257244296045], [-120.790650341766, 38.7257245384485], [-120.790647891623, 38.7257254021668], [-120.790643432308, 38.7257269289012], [-120.790637854013, 38.7257287480384], [-120.790632858003, 38.7257302970626], [-120.790629419065, 38.7257312970632], [-120.790625183154, 38.7257324793216], [-120.790619467259, 38.7257339859017], [-120.790615010497, 38.7257350937038], [-120.790610456428, 38.7257361492082], [-120.790606465831, 38.7257370225452], [-120.790600716461, 38.725738196912], [-120.790596997918, 38.7257389014932], [-120.79059112306, 38.725739930223], [-120.79058704368, 38.7257405865342], [-120.790582651566, 38.7257412387346], [-120.790577225827, 38.7257419515839], [-120.79057153223, 38.7257426224262], [-120.790568255024, 38.7257429650271], [-120.790565267142, 38.7257431382982], [-120.790565213203, 38.7257429850041], [-120.790564203236, 38.7257392167181], [-120.790529008444, 38.7255845587556], [-120.790524665108, 38.7255683598907], [-120.790518636178, 38.7255513191284], [-120.790511195634, 38.7255346238015], [-120.790502378096, 38.725518344845], [-120.790492220486, 38.7255025532369], [-120.790480765613, 38.7254873155618], [-120.790468064387, 38.7254726967549], [-120.790454167744, 38.7254587608513], [-120.790439139435, 38.7254455667217], [-120.790423039842, 38.7254331704705], [-120.790405940928, 38.7254216257177], [-120.790387914794, 38.7254109815809], [-120.790369038249, 38.7254012836624], [-120.790349391663, 38.7253925740281], [-120.790329061318, 38.7253848894491], [-120.790308131311, 38.7253782630516], [-120.79028669395, 38.7253727227104], [-120.790278031484, 38.7253708235225], [-120.789727352448, 38.7252561328722], [-120.789696373422, 38.7252496812145], [-120.789693529726, 38.7252489462482], [-120.789693673724, 38.7252469612973], [-120.789693703321, 38.7252467474117], [-120.789772950867, 38.7247483713591], [-120.78979987096, 38.7245790748826], [-120.789811764089, 38.7245042880743], [-120.789825639368, 38.72441702433], [-120.789826901369, 38.7244077991131], [-120.789828185079, 38.7243901442588], [-120.789827990484, 38.724372461445], [-120.789826321002, 38.724354826423], [-120.78982318235, 38.7243373149876], [-120.789818588345, 38.7243200012844], [-120.789817013829, 38.7243151086398], [-120.789806273411, 38.7242830071962], [-120.789721188737, 38.7240287010219], [-120.789586017022, 38.7236246808212], [-120.789585287426, 38.7236219314899], [-120.789585167696, 38.723621263363], [-120.789584860022, 38.723618221969], [-120.789583728602, 38.7236010070892], [-120.789583693614, 38.7235977762302], [-120.78958762002, 38.7235977504841], [-120.790176510414, 38.7236145049407], [-120.790418571764, 38.7236213914239], [-120.79042276577, 38.7236214905467], [-120.790445338412, 38.7236213388844], [-120.790467850065, 38.7236200309424], [-120.790490203943, 38.7236175720988], [-120.790512305396, 38.7236139731788], [-120.790534058486, 38.7236092494881], [-120.790555370556, 38.7236034218008], [-120.790576151139, 38.7235965145368], [-120.790596309598, 38.7235885575186], [-120.790615760935, 38.7235795842798], [-120.790634422287, 38.7235696338006], [-120.790652211826, 38.723558748685], [-120.790669054512, 38.7235469752691], [-120.790684878615, 38.7235343644572], [-120.79069961577, 38.7235209699201], [-120.790713203277, 38.7235068481388], [-120.790725582867, 38.7234920610844], [-120.790731302994, 38.7234844374742], [-120.790731878499, 38.7234836401291], [-120.790735607722, 38.7234830330554], [-120.790952469325, 38.7234560461866], [-120.790984161284, 38.7234521022664], [-120.790987241037, 38.723451781149], [-120.790988415175, 38.7234517132407], [-120.790994234023, 38.7234561932373], [-120.791002412774, 38.7234622883407], [-120.791019511336, 38.7234738329988], [-120.791037537095, 38.7234844770299], [-120.791056414393, 38.7234941748527], [-120.791076059412, 38.7235028843363], [-120.791096389319, 38.7235105687741], [-120.791117318868, 38.7235171950185], [-120.791138755754, 38.7235227351944], [-120.791160608705, 38.7235271650506], [-120.791182786315, 38.7235304648386], [-120.791205191177, 38.7235326228056], [-120.791227728185, 38.7235336272426], [-120.791250299656, 38.7235334754022], [-120.791272811302, 38.7235321664032], [-120.791295166254, 38.7235297083262], [-120.791317266497, 38.7235261092301], [-120.791339019514, 38.7235213853871], [-120.791360332649, 38.723515557572], [-120.791370794712, 38.7235122367752], [-120.791376980521, 38.7235101803975], [-120.791377619281, 38.7235102420266], [-120.791388843981, 38.7235111767972], [-120.791411380959, 38.7235121820992], [-120.791433953603, 38.7235120293443], [-120.791456465211, 38.7235107212101], [-120.79147881903, 38.7235082621754], [-120.791500920408, 38.7235046630658], [-120.791522673382, 38.7234999400886], [-120.791543985375, 38.723494111317], [-120.791564765838, 38.7234872038732], [-120.791584924164, 38.72347924668], [-120.791604375356, 38.723470273272], [-120.791623036521, 38.7234603235304], [-120.791640825917, 38.7234494373582], [-120.791657668393, 38.7234376646946], [-120.791673492331, 38.7234250528422], [-120.791688229284, 38.723411658174], [-120.791701816552, 38.7233975371716], [-120.791714195923, 38.7233827500057], [-120.791725313702, 38.7233673596349], [-120.791730384312, 38.7233594596984], [-120.791730425448, 38.7233593937994], [-120.791734146555, 38.7233587883423], [-120.791855756387, 38.7233436540405], [-120.791858836134, 38.7233433328998], [-120.791860075959, 38.7233432608177]]]}, "properties": {"OBJECTID": 10350286, "UtilityCompany": "PGE", "StartDate": 1782655443000, "EstimatedRestoreDate": 1782680400000, "Cause": null, "ImpactedCustomers": 1, "Shape__Area": 91799.0234375, "Shape__Length": 1249.2721447431888, "County": "EL DORADO", "OutageStatus": "Active", "OutageType": "Not Planned", "IncidentId": "292712"}}, {"type": "Feature", "id": 10350287, "geometry": {"type": "Polygon", "coordinates": [[[-121.208822656747, 37.8273658944456], [-121.208823513732, 37.8273659291113], [-121.208825426993, 37.8273667783141], [-121.208827289586, 37.8273677024474], [-121.208846751625, 37.8273763382702], [-121.208866885015, 37.8273839461127], [-121.208887601907, 37.8273904939971], [-121.208908814407, 37.8273959517476], [-121.208930432131, 37.8274002981624], [-121.208952361245, 37.8274035137899], [-121.20897450892, 37.8274055846009], [-121.208996779901, 37.8274065028381], [-121.209015865454, 37.8274063686748], [-121.209339325312, 37.8273969122155], [-121.209343287862, 37.8273968850604], [-121.209343925774, 37.8273969109834], [-121.209344222951, 37.8273998930887], [-121.209349967247, 37.8275395052192], [-121.209350416562, 37.8275504355747], [-121.209355951498, 37.8276849842444], [-121.20936042314, 37.8277936737479], [-121.209363741908, 37.8278743812846], [-121.209370315538, 37.8280341632986], [-121.209371080812, 37.828052798365], [-121.209376951983, 37.8281955305845], [-121.209382238402, 37.8283240049357], [-121.20938232859, 37.8283279355665], [-121.209382546324, 37.82837688339], [-121.209382384175, 37.8283793610437], [-121.209378231869, 37.8283796214299], [-121.209043656843, 37.8283894036467], [-121.20903969424, 37.8283894307903], [-121.209038920112, 37.8283893991889], [-121.209038851243, 37.8283893810184], [-121.20902881095, 37.8283863588588], [-121.209007598182, 37.8283809002226], [-121.208985980169, 37.8283765538152], [-121.208964050767, 37.8283733381872], [-121.208941902805, 37.8283712673672], [-121.208919631513, 37.8283703500134], [-121.208897332252, 37.8283705893786], [-121.208875100473, 37.8283719851125], [-121.20886529353, 37.8283729867696], [-121.208860792997, 37.8283732697777], [-121.208523640267, 37.828382802223], [-121.208519882259, 37.8283828261535], [-121.208519142183, 37.828382795968], [-121.208518845037, 37.8283798138618], [-121.208514516859, 37.8282745925698], [-121.208510959534, 37.8281880487873], [-121.208505087785, 37.8280453156312], [-121.208499105163, 37.8278998384146], [-121.208491091792, 37.8277049532066], [-121.208483527588, 37.8275210470131], [-121.208477688789, 37.827379067752], [-121.208477666922, 37.8273764953765], [-121.20847771901, 37.8273757040087], [-121.208481750651, 37.8273754508299], [-121.208818898791, 37.8273659183871], [-121.208822656747, 37.8273658944456]]]}, "properties": {"OBJECTID": 10350287, "UtilityCompany": "PGE", "StartDate": 1782576863000, "EstimatedRestoreDate": 1782666000000, "Cause": "DAMGE UG CABLE", "ImpactedCustomers": 1, "Shape__Area": 13478.16015625, "Shape__Length": 474.59651943945755, "County": "SAN JOAQUIN", "OutageStatus": "Active", "OutageType": "Not Planned", "IncidentId": "292236"}}, {"type": "Feature", "id": 10350288, "geometry": {"type": "Polygon", "coordinates": [[[-122.207383084744, 37.3271572696916], [-122.207383594745, 37.3271576093192], [-122.207386430231, 37.3271597456327], [-122.207867060008, 37.3275425827459], [-122.20786986756, 37.3275450172143], [-122.207867730762, 37.3275481459855], [-122.207076649592, 37.3286051222241], [-122.207074284253, 37.3286080808924], [-122.207074001057, 37.3286083917698], [-122.207073467882, 37.3286084305609], [-122.207069181032, 37.32860852622], [-122.206871730266, 37.328608362827], [-122.205442934703, 37.3286071652465], [-122.205438575875, 37.3286070215002], [-122.205438524254, 37.3286065641591], [-122.205438408227, 37.3286033265612], [-122.20543792428, 37.3273962016688], [-122.20543810158, 37.3273927632319], [-122.205438585033, 37.3273923004703], [-122.205441255713, 37.3273900388411], [-122.205468463924, 37.3273682551721], [-122.205468539041, 37.3273681961862], [-122.205568274805, 37.3272882942498], [-122.205571310873, 37.3272860621119], [-122.205572425822, 37.3272864058092], [-122.205575076112, 37.3272873664373], [-122.206441622026, 37.3276225331826], [-122.20645702016, 37.3276281140838], [-122.206477691311, 37.3276344856961], [-122.206498840124, 37.3276397644426], [-122.206520376544, 37.3276439271847], [-122.206542207072, 37.3276469561692], [-122.20656423929, 37.327648838157], [-122.206586378466, 37.3276495653016], [-122.206608529811, 37.3276491351648], [-122.2066305985, 37.3276475489133], [-122.206652489648, 37.3276448131219], [-122.206674110572, 37.3276409397885], [-122.206695367414, 37.3276359454098], [-122.206716169643, 37.3276298519134], [-122.206736428949, 37.3276226848471], [-122.206756056965, 37.3276144751668], [-122.20677497093, 37.3276052574712], [-122.206793090283, 37.3275950717822], [-122.206810335552, 37.3275839617346], [-122.206820339222, 37.3275767926009], [-122.207380630552, 37.3271589144756], [-122.207381507402, 37.3271582857853], [-122.207383084744, 37.3271572696916]]]}, "properties": {"OBJECTID": 10350288, "UtilityCompany": "PGE", "StartDate": 1782640917000, "EstimatedRestoreDate": 1782660600000, "Cause": "REPLCE SRVC", "ImpactedCustomers": 1, "Shape__Area": 37870.51953125, "Shape__Length": 861.9618911867698, "County": "SAN MATEO", "OutageStatus": "Active", "OutageType": "Not Planned", "IncidentId": "292669"}}, {"type": "Feature", "id": 10350289, "geometry": {"type": "Polygon", "coordinates": [[[-119.799496931074, 36.299778517457], [-119.79959517515, 36.2997835208576], [-119.799598810182, 36.2997837588356], [-119.79960043833, 36.2997839078943], [-119.799698471921, 36.2997939771044], [-119.799702595498, 36.2997944642645], [-119.799703697775, 36.2997946235618], [-119.799800746328, 36.2998096981795], [-119.799805728639, 36.2998105561793], [-119.79988193896, 36.2998261068878], [-119.799889178633, 36.2998277345518], [-119.799962371332, 36.2998459446811], [-119.799970481404, 36.2998481480503], [-119.800041874352, 36.299869208833], [-119.800045504929, 36.2998704271029], [-119.800044346856, 36.2998731841586], [-119.799996712661, 36.2999711281798], [-119.799994947956, 36.2999748358897], [-119.79998791904, 36.2999915761144], [-119.799982257894, 36.3000086530592], [-119.799977988702, 36.3000259925786], [-119.79997513005, 36.3000435212787], [-119.799973693929, 36.3000611637863], [-119.799973685653, 36.3000788445492], [-119.799975106094, 36.3000964878962], [-119.799977949447, 36.3001140179774], [-119.799982203162, 36.300131360564], [-119.799987849168, 36.3001484403784], [-119.799994862608, 36.3001651846643], [-119.800003214106, 36.3001815223467], [-119.800012867611, 36.3001973821717], [-119.800023782444, 36.3002126972668], [-119.800035911175, 36.3002274023812], [-119.800049201893, 36.3002414330449], [-119.800063598015, 36.3002547300695], [-119.800079037288, 36.3002672368181], [-119.800095454014, 36.3002788992649], [-119.800112778974, 36.3002896677953], [-119.800130936126, 36.3002994962165], [-119.800136404406, 36.3003021920022], [-119.800279355943, 36.300371161414], [-119.800563630888, 36.3005083153995], [-119.800734615393, 36.3005908086701], [-119.800737146596, 36.300592178598], [-119.800734783387, 36.3005926902149], [-119.799555196388, 36.3007848507124], [-119.799551662949, 36.3007853940266], [-119.799416860386, 36.3008049163508], [-119.79941321197, 36.3008053583572], [-119.799279884928, 36.3008199143137], [-119.799274687129, 36.3008204040061], [-119.799141043564, 36.3008302861981], [-119.799133888822, 36.3008306900973], [-119.799001322049, 36.3008358565651], [-119.798992662096, 36.3008358542582], [-119.798991940456, 36.3008358331153], [-119.798987025272, 36.300835564413], [-119.798984065844, 36.3008352472006], [-119.798978741753, 36.3008343881153], [-119.798975904788, 36.3008337714067], [-119.798971133402, 36.3008324639558], [-119.798970597877, 36.3008323018186], [-119.798965918494, 36.3008307319024], [-119.798963253512, 36.3008296665369], [-119.798959146366, 36.3008277695295], [-119.798958360315, 36.3008273907157], [-119.798955909736, 36.3008260643632], [-119.798952658603, 36.3008240605357], [-119.798951293523, 36.3008231678809], [-119.798948017763, 36.3008208407904], [-119.798945700996, 36.3008189647331], [-119.798943060005, 36.3008165780595], [-119.798941859477, 36.3008154456099], [-119.798940057054, 36.3008135418859], [-119.798938302544, 36.3008114466051], [-119.798936805712, 36.3008095564779], [-119.798934896914, 36.3008068785397], [-119.798933276916, 36.3008042164517], [-119.798932047156, 36.300801920767], [-119.798930996523, 36.3007998182185], [-119.798930050305, 36.3007975580679], [-119.798929461383, 36.3007958436631], [-119.798928565375, 36.3007929820055], [-119.798927901304, 36.3007902743487], [-119.798927360646, 36.3007869446187], [-119.798927173982, 36.3007852211701], [-119.798926752999, 36.3007795373039], [-119.798920433246, 36.3001184358139], [-119.798920450107, 36.3001173432009], [-119.798920575011, 36.3001158137343], [-119.79892438163, 36.3001156129784], [-119.799168496047, 36.3001116400621], [-119.799172583, 36.3001115531437], [-119.799194379613, 36.3001104026059], [-119.799216036234, 36.3001081020811], [-119.799237461271, 36.300104659027], [-119.799258561689, 36.3001000889732], [-119.799279247603, 36.3000944120392], [-119.799299431208, 36.3000876520048], [-119.799319024476, 36.3000798380506], [-119.799337944791, 36.3000710031069], [-119.79935611043, 36.3000611855347], [-119.799373445082, 36.3000504274445], [-119.799389872293, 36.3000387745475], [-119.799405323202, 36.3000262772641], [-119.799419731104, 36.3000129878748], [-119.799433034593, 36.2999989651098], [-119.799445176717, 36.2999842678187], [-119.799456104781, 36.2999689594709], [-119.799465772732, 36.2999531046148], [-119.799474138774, 36.2999367724185], [-119.799481167791, 36.2999200322292], [-119.799486827926, 36.2999029552834], [-119.799491097217, 36.2998856157863], [-119.79949395708, 36.2998680871323], [-119.799495393303, 36.2998504446352], [-119.799495507926, 36.2998360729535], [-119.79949416394, 36.2997819649063], [-119.799494186733, 36.2997792026664], [-119.799494242622, 36.2997785166052], [-119.799496931074, 36.299778517457]]]}, "properties": {"OBJECTID": 10350289, "UtilityCompany": "PGE", "StartDate": 1782651354000, "EstimatedRestoreDate": 1782669600000, "Cause": null, "ImpactedCustomers": 1, "Shape__Area": 16581.10546875, "Shape__Length": 603.276044362225, "County": "KINGS", "OutageStatus": "Active", "OutageType": "Not Planned", "IncidentId": "292696"}}, {"type": "Feature", "id": 10350290, "geometry": {"type": "Polygon", "coordinates": [[[-120.574139723974, 38.7569599753594], [-120.574141701293, 38.7569619670791], [-120.574198127767, 38.7570257022551], [-120.574202485959, 38.7570305112771], [-120.574216343855, 38.7570444716735], [-120.574231338346, 38.7570576934268], [-120.574247404688, 38.7570701175281], [-120.574264474386, 38.7570816939009], [-120.574282475585, 38.7570923696959], [-120.574301329195, 38.7571021018245], [-120.574320954976, 38.7571108471742], [-120.574341270178, 38.7571185688876], [-120.574362186143, 38.7571252344894], [-120.574383614156, 38.7571308133053], [-120.574405462896, 38.757135283617], [-120.574427637532, 38.7571386254351], [-120.574450044199, 38.7571408241966], [-120.574472586518, 38.7571418715932], [-120.57449516805, 38.7571417611176], [-120.574517692052, 38.7571404952657], [-120.574540061719, 38.757138078335], [-120.574562181181, 38.7571345209487], [-120.574583957838, 38.7571298392044], [-120.574605295575, 38.7571240509287], [-120.574626103728, 38.7571171830712], [-120.574646295016, 38.7571092644542], [-120.574665780857, 38.7571003283776], [-120.574676647491, 38.7570947371494], [-120.574894321897, 38.7569780775027], [-120.574895033952, 38.7569777102619], [-120.574896948499, 38.7569768327922], [-120.574898661549, 38.7569788136073], [-120.575117329142, 38.7572656839166], [-120.575118033907, 38.7572666536029], [-120.575118959516, 38.757268101798], [-120.575119055455, 38.7572691426391], [-120.575120048318, 38.7572779506736], [-120.575123135216, 38.7572954661636], [-120.575127678598, 38.7573127866377], [-120.575133657997, 38.7573298368878], [-120.575141049405, 38.7573465443359], [-120.575149821854, 38.7573628380609], [-120.575159935178, 38.7573786469511], [-120.575163561944, 38.7573836840245], [-120.575163994743, 38.7573843597461], [-120.575165286268, 38.7573867597813], [-120.575279611232, 38.7576369962178], [-120.575280535149, 38.7576390723714], [-120.57539521639, 38.7579035860817], [-120.575396285992, 38.757906015746], [-120.575435000194, 38.7579925950949], [-120.575435178085, 38.7579930168497], [-120.575435845443, 38.7579949218937], [-120.575436379287, 38.7579979495119], [-120.575462917589, 38.7582282842972], [-120.575462922964, 38.7582283294587], [-120.575495398222, 38.7585098460521], [-120.57549560203, 38.7585123235189], [-120.575495610181, 38.7585132724379], [-120.575494557173, 38.7585175582497], [-120.575480750386, 38.7585651930194], [-120.575480700776, 38.7585653667831], [-120.57540383221, 38.7588289708057], [-120.575403193486, 38.7588310802974], [-120.575319270841, 38.7590989860572], [-120.575319167568, 38.7590993172825], [-120.575237415496, 38.7593617223837], [-120.5752361422, 38.7593659540649], [-120.575222930436, 38.7594115360607], [-120.575221518058, 38.7594157630528], [-120.575220310699, 38.7594171976062], [-120.575218893457, 38.7594187133978], [-120.575206463974, 38.7594334759132], [-120.575195294748, 38.759448843928], [-120.575185432946, 38.7594647499458], [-120.57517692107, 38.7594811281755], [-120.575169794939, 38.75949790638], [-120.57516408574, 38.7595150131274], [-120.575161840256, 38.7595233854305], [-120.57514425858, 38.7595945046592], [-120.575142237263, 38.7596034951939], [-120.575139429189, 38.7596210396787], [-120.575138091609, 38.7596386903716], [-120.575138172663, 38.7596550901961], [-120.575146083603, 38.7598361385282], [-120.575146143806, 38.7598374191933], [-120.575147519815, 38.7598531962792], [-120.575153092057, 38.7598978076735], [-120.575153331747, 38.7598996669004], [-120.575155454159, 38.7599125339433], [-120.575220637513, 38.7602447870671], [-120.575221035494, 38.7602469333934], [-120.57523730805, 38.7603397864145], [-120.575238313647, 38.7603451267727], [-120.57526184598, 38.7604620177077], [-120.575264777502, 38.7604765810008], [-120.575264930797, 38.760477355436], [-120.575269731408, 38.7605021405905], [-120.575270024016, 38.7605039324397], [-120.575270132483, 38.7605051131949], [-120.575268540931, 38.7605054549736], [-120.575266557158, 38.760505791314], [-120.574640377128, 38.7606004773012], [-120.574632882668, 38.7606013154971], [-120.574403502208, 38.7606218734686], [-120.574403459478, 38.7606218779873], [-120.574403376377, 38.7606218852717], [-120.574356800757, 38.7606260673401], [-120.574337788462, 38.7606281953413], [-120.574326498343, 38.7606298629049], [-120.574223370793, 38.7606464945673], [-120.574223275979, 38.7606465079154], [-120.57422054329, 38.7606468034579], [-120.574220344197, 38.7606468038285], [-120.574215149637, 38.7606465680165], [-120.574123855558, 38.760640158168], [-120.57411868059, 38.7606396497566], [-120.57411839824, 38.7606395601004], [-120.574107870187, 38.7606363618693], [-120.574086441194, 38.7606307820723], [-120.574064591421, 38.7606263116695], [-120.574042415734, 38.7606229697499], [-120.574020008001, 38.7606207708766], [-120.573997464569, 38.7606197242584], [-120.573974881974, 38.7606198337019], [-120.573952356869, 38.7606210994127], [-120.573929986095, 38.7606235161938], [-120.573907865519, 38.7606270734225], [-120.573886087719, 38.7606317559027], [-120.573864748899, 38.7606375431079], [-120.573850598744, 38.7606420758595], [-120.57374252563, 38.7606789020282], [-120.573740679378, 38.7606794925768], [-120.573738982533, 38.7606799528812], [-120.573734564422, 38.7606802016929], [-120.573655607916, 38.7606820684017], [-120.573650483846, 38.7606821295555], [-120.573357105091, 38.7606822397001], [-120.573352716383, 38.7606821980863], [-120.573167212605, 38.7606785723326], [-120.573163952071, 38.7606784838718], [-120.57231449948, 38.7606492861551], [-120.572311855246, 38.760649144706], [-120.572308981034, 38.7606488624269], [-120.572303414297, 38.7606480980192], [-120.572281006656, 38.7606458979132], [-120.57225846326, 38.7606448509597], [-120.572235880672, 38.7606449600666], [-120.572213356666, 38.7606462263649], [-120.572213203144, 38.7606462402931], [-120.572210434902, 38.7606463962961], [-120.572206214406, 38.7606464166999], [-120.571833053386, 38.7606354557434], [-120.571829310695, 38.7606352653215], [-120.571828389706, 38.7606351749986], [-120.57182480124, 38.7606344408775], [-120.571750331909, 38.7606160703923], [-120.57174775006, 38.7606153788175], [-120.57173814495, 38.7606123184907], [-120.571727617048, 38.7606091191481], [-120.571706187091, 38.7606035397969], [-120.571684338649, 38.7605990689777], [-120.571662163105, 38.7605957266099], [-120.571639755477, 38.7605935272824], [-120.571617212113, 38.7605924802059], [-120.571594629547, 38.7605925891893], [-120.571572104433, 38.7605938544397], [-120.571549733611, 38.7605962707624], [-120.5715276118, 38.7605998275127], [-120.571505835056, 38.7606045086678], [-120.571495105159, 38.7606072660956], [-120.571488602312, 38.7606090293041], [-120.571485812118, 38.7606096290248], [-120.57142471401, 38.7606195419759], [-120.571424409836, 38.7606195870089], [-120.571421783391, 38.7606198711796], [-120.571419007325, 38.7606198846438], [-120.571418947558, 38.7606198825003], [-120.571135538947, 38.7606066343474], [-120.57113287693, 38.7606063726693], [-120.571132846588, 38.7606060458778], [-120.571132804694, 38.760602531122], [-120.571141072441, 38.7602769334627], [-120.571141097842, 38.7602758113496], [-120.571141546286, 38.7602534966923], [-120.571141589229, 38.7602491430708], [-120.571141464548, 38.7599969985026], [-120.571141502245, 38.7599941566435], [-120.571148763222, 38.7597188983044], [-120.571148830216, 38.7597149551359], [-120.571149909441, 38.7595754781311], [-120.571149927271, 38.7595741720573], [-120.571152499008, 38.7594461281898], [-120.571158040238, 38.7591702015712], [-120.57116294078, 38.7589261920287], [-120.57116497489, 38.7588249226906], [-120.571164985915, 38.7588242922224], [-120.571169461586, 38.7585625755617], [-120.571169231822, 38.7585484494684], [-120.571167614819, 38.7585308130817], [-120.571164530007, 38.7585132975439], [-120.571159987531, 38.7584959769475], [-120.571154007857, 38.7584789265004], [-120.57114661729, 38.7584622188293], [-120.571137846796, 38.7584459248552], [-120.571127734241, 38.7584301156432], [-120.571116322243, 38.7584148578516], [-120.571103660381, 38.7584002164815], [-120.571089802861, 38.7583862557297], [-120.571074808677, 38.7583730344859], [-120.571058742658, 38.7583606090585], [-120.57104167203, 38.7583490331027], [-120.571023672215, 38.7583383559391], [-120.571004818761, 38.758328623287], [-120.570985193087, 38.7583198773838], [-120.570964877945, 38.7583121550887], [-120.570943961957, 38.7583054897789], [-120.570922533929, 38.7582999094296], [-120.570900685088, 38.7582954384626], [-120.570878510298, 38.758292095969], [-120.570856103418, 38.7582898965144], [-120.570833560798, 38.7582888493101], [-120.570810978966, 38.7582889581654], [-120.570788454573, 38.7582902232881], [-120.570766084457, 38.758292639484], [-120.570743963332, 38.7582961961089], [-120.570722187223, 38.7583008780408], [-120.570700848883, 38.7583066646839], [-120.57068003889, 38.7583135317933], [-120.570659848002, 38.7583214497217], [-120.570640361355, 38.7583303851011], [-120.570621663116, 38.7583402991373], [-120.570617798208, 38.7583425280142], [-120.570279141674, 38.7585407180687], [-120.570026695976, 38.7586884553096], [-120.57002368329, 38.7586900522756], [-120.570023460652, 38.7586876266676], [-120.569989306174, 38.7571800476685], [-120.569989315388, 38.7571784873345], [-120.569989413453, 38.7571771910386], [-120.569990293105, 38.7571771417622], [-120.569993834962, 38.7571771073193], [-120.570242440745, 38.7571799097605], [-120.570602193512, 38.75718396272], [-120.570898754751, 38.7571873033523], [-120.57119592341, 38.7571906495529], [-120.571196155747, 38.7571906525815], [-120.571534407605, 38.7571948169515], [-120.571951672491, 38.7571999523068], [-120.571998925668, 38.7572005335079], [-120.571999091313, 38.7572005351487], [-120.572458179252, 38.7572065262447], [-120.572458508211, 38.7572065303777], [-120.572759298991, 38.7572102307795], [-120.57276049297, 38.757210243875], [-120.573262668533, 38.7572150574829], [-120.573266546045, 38.7572152371428], [-120.573268773539, 38.7572162294627], [-120.573269494364, 38.7572165886177], [-120.573289120041, 38.7572253341376], [-120.573309435154, 38.7572330560278], [-120.573330351046, 38.7572397218124], [-120.573351779002, 38.757245300816], [-120.573373627703, 38.7572497713198], [-120.573395802315, 38.7572531133334], [-120.573418208975, 38.757255312293], [-120.573440751304, 38.7572563598895], [-120.573463332864, 38.7572562496146], [-120.57348585691, 38.7572549839636], [-120.573508226637, 38.7572525672328], [-120.573530346176, 38.7572490100448], [-120.573552122925, 38.7572443284964], [-120.573573460771, 38.7572385404131], [-120.573594269046, 38.757231672744], [-120.573614460472, 38.7572237543103], [-120.573633946465, 38.7572148184112], [-120.573634947096, 38.7572143229237], [-120.573859991631, 38.7571023791606], [-120.573863215664, 38.7571007549478], [-120.574136493273, 38.756961457084], [-120.574139723974, 38.7569599753594]]]}, "properties": {"OBJECTID": 10350290, "UtilityCompany": "PGE", "StartDate": 1782655200000, "EstimatedRestoreDate": 1782680400000, "Cause": "PLNND SHUTDOWN", "ImpactedCustomers": 76, "Shape__Area": 250784.58203125, "Shape__Length": 2241.465369384171, "County": "EL DORADO", "OutageStatus": "Active", "OutageType": "Planned", "IncidentId": "292711"}}, {"type": "Feature", "id": 10350291, "geometry": {"type": "Polygon", "coordinates": [[[-119.774010660103, 36.7478094042225], [-119.774013275441, 36.7478095445797], [-119.774013460808, 36.7478118545533], [-119.774015689377, 36.7481504181701], [-119.774015674093, 36.7481512638621], [-119.774015533616, 36.7481529594723], [-119.774014185516, 36.7481534932664], [-119.774010019937, 36.7481549426805], [-119.77399030634, 36.748162746215], [-119.773971269915, 36.7481715710169], [-119.773952991765, 36.7481813787392], [-119.773935548673, 36.7481921273137], [-119.773919017575, 36.7482037710716], [-119.773903467761, 36.7482162596317], [-119.773888966366, 36.7482295407519], [-119.773875575194, 36.7482435557381], [-119.773863352692, 36.7482582458052], [-119.773852348553, 36.7482735474248], [-119.773842612503, 36.7482893961685], [-119.773834185513, 36.7483057228651], [-119.773827102959, 36.7483224581911], [-119.77382139694, 36.7483395309324], [-119.773817089599, 36.748356866901], [-119.773814200809, 36.7483743927485], [-119.773812741567, 36.7483920330834], [-119.773812555256, 36.7484025705722], [-119.77381351559, 36.7485483811106], [-119.773813500266, 36.7485492277027], [-119.773813363831, 36.7485508801706], [-119.773810864805, 36.7485510096825], [-119.773810704605, 36.7485510116422], [-119.773711135229, 36.7485508548406], [-119.773659936464, 36.7485507736214], [-119.773608737701, 36.74855069238], [-119.773506339025, 36.7485505307008], [-119.773403942631, 36.7485503680941], [-119.773301543969, 36.7485502062383], [-119.773201935481, 36.7485500479474], [-119.773199314529, 36.7485499074193], [-119.773199129187, 36.7485475974459], [-119.773198290367, 36.7484199657509], [-119.773198126202, 36.7484128230017], [-119.773196711391, 36.7483951803516], [-119.773193865353, 36.7483776502311], [-119.773189600656, 36.7483603068691], [-119.773183936537, 36.7483432255767], [-119.773176894584, 36.7483264790256], [-119.773168507648, 36.7483101383906], [-119.773158810809, 36.7482942749076], [-119.773147844937, 36.7482789554639], [-119.773135657682, 36.7482642453288], [-119.773122301207, 36.7482502089929], [-119.773107833491, 36.7482369056983], [-119.77309231375, 36.7482243920176], [-119.773075811374, 36.748212722096], [-119.773058395944, 36.7482019455789], [-119.773040140545, 36.7481921086023], [-119.773021126243, 36.7481832539148], [-119.773001433214, 36.7481754188343], [-119.772981144017, 36.7481686371392], [-119.772960348152, 36.7481629373898], [-119.772939134148, 36.7481583445161], [-119.772917590763, 36.7481548780476], [-119.772895812535, 36.7481525531656], [-119.77287389199, 36.7481513795904], [-119.772863242169, 36.7481512265353], [-119.772786939378, 36.7481511040893], [-119.772684542408, 36.7481509417579], [-119.77267709687, 36.7481509297439], [-119.772674473696, 36.7481507891442], [-119.772674289966, 36.7481484945322], [-119.772672350893, 36.7478305166587], [-119.772672365197, 36.7478297214004], [-119.772672513395, 36.7478279223788], [-119.772672637882, 36.7478271697591], [-119.772673258601, 36.7478245960291], [-119.772674259726, 36.7478216019143], [-119.772675738927, 36.7478195434767], [-119.772678450114, 36.7478162488758], [-119.772678942218, 36.747815674737], [-119.772680334625, 36.7478142176612], [-119.772684218421, 36.74781182443], [-119.772688277815, 36.74780964952], [-119.772688364589, 36.7478096095254], [-119.772690411245, 36.7478090523611], [-119.772691495326, 36.7478088069658], [-119.77269426734, 36.7478082280449], [-119.772697254491, 36.7478077522804], [-119.772700039671, 36.7478076071324], [-119.772784494223, 36.7478075796913], [-119.772784872666, 36.7478075800536], [-119.77288707928, 36.7478077317143], [-119.772989476185, 36.7478078848483], [-119.773091876452, 36.7478080379852], [-119.773194268897, 36.7478081908212], [-119.773296666979, 36.7478083428209], [-119.773399061676, 36.7478084955411], [-119.773501459734, 36.7478086482642], [-119.773603856719, 36.7478087999685], [-119.773706257028, 36.7478089525758], [-119.77380865399, 36.7478091050037], [-119.773911047602, 36.7478092572522], [-119.774010660103, 36.7478094042225]]]}, "properties": {"OBJECTID": 10350291, "UtilityCompany": "PGE", "StartDate": 1782656627000, "EstimatedRestoreDate": 1782669600000, "Cause": null, "ImpactedCustomers": 1, "Shape__Area": 11427.0546875, "Shape__Length": 473.7315880470269, "County": "FRESNO", "OutageStatus": "Active", "OutageType": "Not Planned", "IncidentId": "292715"}}, {"type": "Feature", "id": 10350292, "geometry": {"type": "Polygon", "coordinates": [[[-121.183589092534, 38.8402063136137], [-121.183591941078, 38.8402064309081], [-121.183592785924, 38.8402065990322], [-121.183596460932, 38.8402075167108], [-121.18428719879, 38.8403966485923], [-121.184291069186, 38.8403978576273], [-121.18429113547, 38.8404019125398], [-121.184270060733, 38.841151477254], [-121.18427004511, 38.8411520464828], [-121.184270336372, 38.841169730764], [-121.184272104875, 38.8411873623254], [-121.184275344484, 38.8412048653824], [-121.184280040953, 38.8412221658263], [-121.184286173148, 38.84123918854], [-121.184293716416, 38.8412558610549], [-121.18430263799, 38.8412721125785], [-121.1843129005, 38.8412878722465], [-121.184324457248, 38.8413030735548], [-121.184337261489, 38.8413176518008], [-121.18435125724, 38.8413315430394], [-121.184366384929, 38.8413446886757], [-121.184382580304, 38.8413570327456], [-121.184399772138, 38.8413685218795], [-121.184417887934, 38.8413791071936], [-121.1844368505, 38.8413887433351], [-121.184456579095, 38.8413973885004], [-121.184476987082, 38.841405006201], [-121.184497988884, 38.8414115635685], [-121.184519495334, 38.8414170330858], [-121.184541411411, 38.8414213907486], [-121.184563645413, 38.8414246180109], [-121.184586102069, 38.8414267007764], [-121.184603538641, 38.8414275205971], [-121.184807117957, 38.8414330596015], [-121.184810187084, 38.841433203723], [-121.184811310095, 38.8414333076816], [-121.184811337687, 38.8414335820336], [-121.184811410472, 38.8414372009321], [-121.184790073094, 38.8426314368939], [-121.184789833915, 38.8426349995817], [-121.184788463978, 38.842634727791], [-121.18478620948, 38.8426341719312], [-121.182434902518, 38.8420081803932], [-121.182431691607, 38.8420071779929], [-121.182431622741, 38.8420064885093], [-121.182431554619, 38.8420036418937], [-121.18243799682, 38.8413950861722], [-121.18243801753, 38.8413938196006], [-121.182457185693, 38.840544541175], [-121.182457207793, 38.8405437179478], [-121.182467015586, 38.8402207729549], [-121.182467287396, 38.8402168827925], [-121.182467308132, 38.8402167470548], [-121.182469876783, 38.8402165897014], [-121.182470063537, 38.8402165853996], [-121.183589092534, 38.8402063136137]]]}, "properties": {"OBJECTID": 10350292, "UtilityCompany": "PGE", "StartDate": 1782656933000, "EstimatedRestoreDate": 1782672300000, "Cause": null, "ImpactedCustomers": 1, "Shape__Area": 68393.265625, "Shape__Length": 1103.743004747805, "County": "PLACER", "OutageStatus": "Active", "OutageType": "Not Planned", "IncidentId": "292716"}}, {"type": "Feature", "id": 10350293, "geometry": {"type": "Polygon", "coordinates": [[[-120.392422647923, 34.9037649365764], [-120.392425287776, 34.903766368838], [-120.394801045551, 34.9052025186875], [-120.394805825221, 34.905205353455], [-120.39482375942, 34.9052150823961], [-120.394842427265, 34.9052238255773], [-120.394861750126, 34.9052315434517], [-120.394881643682, 34.9052382035613], [-120.394902023493, 34.905243777052], [-120.394922801642, 34.9052482413046], [-120.39494389122, 34.9052515764265], [-120.39496519968, 34.9052537678121], [-120.394986636462, 34.9052548072093], [-120.395008109854, 34.9052546881434], [-120.395029526768, 34.9052534131254], [-120.395050798432, 34.9052509865612], [-120.39507183041, 34.9052474190457], [-120.39509253465, 34.9052427267192], [-120.395112823021, 34.9052369284245], [-120.395132606096, 34.9052300492872], [-120.395151801988, 34.9052221182], [-120.395170326399, 34.9052131712155], [-120.395188100494, 34.9052032445035], [-120.395205048496, 34.9051923815108], [-120.39522109891, 34.9051806284807], [-120.395225254241, 34.9051773200901], [-120.395292360094, 34.905122960437], [-120.395297201959, 34.9051193602789], [-120.395390823526, 34.905053166368], [-120.395391583215, 34.9050526372915], [-120.395392965034, 34.9050517077977], [-120.396503757802, 34.9043186587621], [-120.396506796964, 34.9043167010874], [-120.396575523043, 34.9042734919043], [-120.396580636057, 34.9042705880031], [-120.396650388483, 34.9042330590799], [-120.396657129653, 34.9042297745116], [-120.396728356448, 34.9041973215716], [-120.396737002939, 34.9041937497136], [-120.396809508621, 34.9041662225311], [-120.396818360511, 34.9041631454498], [-120.396894710846, 34.9041395785875], [-120.396901993047, 34.9041375252417], [-120.396982069018, 34.9041181883756], [-120.396987959469, 34.9041168948545], [-120.397071106822, 34.9041021669829], [-120.397073387662, 34.9041018039064], [-120.397078875956, 34.9041011525984], [-120.397165632973, 34.9040928382025], [-120.397174791138, 34.9040922934783], [-120.397260150285, 34.9040896109708], [-120.397269102257, 34.9040895666245], [-120.397356924392, 34.9040924310727], [-120.397363298174, 34.9040927758815], [-120.397453132695, 34.9041014931292], [-120.397456485338, 34.9041018741591], [-120.397459424989, 34.9041023049329], [-120.397548186083, 34.904116742152], [-120.39754855063, 34.9041168058519], [-120.397554365294, 34.9041180166682], [-120.397639370721, 34.9041375962646], [-120.397647513844, 34.9041398124864], [-120.397728093388, 34.9041640675879], [-120.39773652484, 34.9041668903369], [-120.397817847427, 34.9041974533155], [-120.397821964574, 34.9041990586371], [-120.39811225195, 34.9043162828754], [-120.398115005799, 34.9043174353085], [-120.398115718018, 34.9043177507434], [-120.398186979983, 34.9043500721057], [-120.398190007858, 34.9043515215707], [-120.398193690221, 34.9043534862534], [-120.398258897288, 34.9043901985681], [-120.398264715581, 34.9043938261762], [-120.398325304806, 34.9044355074074], [-120.39832864996, 34.9044379291021], [-120.398331119829, 34.9044398975563], [-120.398387009007, 34.9044865522604], [-120.398391890819, 34.904491076563], [-120.39844128046, 34.9045411292569], [-120.398444574251, 34.9045446586135], [-120.398445992913, 34.9045463395277], [-120.39845044599, 34.9045518633507], [-120.398458347158, 34.9045612281255], [-120.398471533808, 34.9045751898475], [-120.398485800836, 34.9045884111931], [-120.398501086552, 34.9046008358529], [-120.398517325904, 34.9046124101502], [-120.398534450419, 34.9046230848417], [-120.398552384943, 34.9046328141474], [-120.398571053121, 34.9046415558667], [-120.398590376238, 34.9046492731575], [-120.398610269996, 34.9046559326637], [-120.398630649931, 34.9046615064343], [-120.398651429272, 34.904665970075], [-120.398672517803, 34.9046693045258], [-120.398693826255, 34.9046714952548], [-120.398715263004, 34.904672533088], [-120.398736736253, 34.9046724142564], [-120.398758154094, 34.9046711385945], [-120.398779424446, 34.9046687113417], [-120.398800456153, 34.9046651431661], [-120.398821161196, 34.9046604493099], [-120.398833767327, 34.9046569900459], [-120.400841018919, 34.9040687601116], [-120.400842225325, 34.9040684289593], [-120.400843988645, 34.9040680294967], [-120.400844046611, 34.9040686896866], [-120.400844090644, 34.9040714228806], [-120.400805691665, 34.9064149195851], [-120.400805464574, 34.9064180958909], [-120.400805237792, 34.9064186598435], [-120.400802021573, 34.9064271005663], [-120.400796603669, 34.9064442191657], [-120.400792556467, 34.9064615924571], [-120.400789897607, 34.9064791469005], [-120.400788638222, 34.9064968070136], [-120.400788782886, 34.9065144971738], [-120.400790331801, 34.9065321416649], [-120.400793278605, 34.90654966463], [-120.400797610348, 34.906566990973], [-120.400800290264, 34.9065755578743], [-120.400802763897, 34.9065829629179], [-120.40080283534, 34.9065837856545], [-120.400802879368, 34.9065865188474], [-120.40076134507, 34.909121125776], [-120.400761125746, 34.9091241940745], [-120.400760298027, 34.9091242430664], [-120.40075691123, 34.9091242787567], [-120.399278396393, 34.9091073137319], [-120.397965167342, 34.9090922313261], [-120.397403394211, 34.9090857742821], [-120.396305179476, 34.9090731439488], [-120.396291909711, 34.9090729919812], [-120.395628773886, 34.9090653605499], [-120.393916678306, 34.9090456432221], [-120.393912917611, 34.9090454606641], [-120.393912858196, 34.9090447788069], [-120.393912815074, 34.9090419897481], [-120.393953642831, 34.9066370748458], [-120.393953419583, 34.9066226435105], [-120.393951872138, 34.906604998997], [-120.393948926799, 34.90658747593], [-120.393944596541, 34.9065701485055], [-120.393938899775, 34.9065530919373], [-120.393931861565, 34.9065363788777], [-120.393923511398, 34.906520080271], [-120.393913885325, 34.9065042672025], [-120.393903023916, 34.9064890063468], [-120.393890974326, 34.906474363619], [-120.393877788229, 34.9064604005233], [-120.393863521673, 34.9064471786582], [-120.393848236369, 34.9064347534334], [-120.393831997371, 34.9064231785276], [-120.393814873151, 34.9064125031858], [-120.393796938858, 34.9064027731902], [-120.393778270847, 34.9063940307436], [-120.393758947832, 34.9063863126906], [-120.393739054108, 34.9063796523898], [-120.393718674142, 34.906374077795], [-120.393697894697, 34.9063696133038], [-120.39369651959, 34.9063693602401], [-120.393187838021, 34.9062764869431], [-120.3931796386, 34.9062750796006], [-120.393086744284, 34.9062601574114], [-120.393075229064, 34.9062584823799], [-120.393070237046, 34.9062578641188], [-120.392980684084, 34.9062473503644], [-120.392964368553, 34.9062457769106], [-120.39296405089, 34.9062457529648], [-120.39287396271, 34.9062390154671], [-120.392857260277, 34.9062381196848], [-120.392762688271, 34.9062350394254], [-120.392758270289, 34.9062349193467], [-120.392754314521, 34.9062348542617], [-120.392525310208, 34.906232214237], [-120.392521449133, 34.9062320267795], [-120.39251625013, 34.9062287853881], [-120.392507581624, 34.9062235629797], [-120.392489647537, 34.9062138327993], [-120.39247097972, 34.9062050901594], [-120.392451656885, 34.9061973719054], [-120.392431763325, 34.9061907113968], [-120.392411383507, 34.9061851365884], [-120.392401038208, 34.9061827645625], [-120.392393631386, 34.9061811731645], [-120.392393541288, 34.9061801472018], [-120.392393502008, 34.9061779991442], [-120.392419052617, 34.903902776035], [-120.392419080226, 34.9039012459934], [-120.392422396205, 34.9037684665952], [-120.392422647923, 34.9037649365764]]]}, "properties": {"OBJECTID": 10350293, "UtilityCompany": "PGE", "StartDate": 1782640315000, "EstimatedRestoreDate": 1782656100000, "Cause": "BRKN UG EQUIPMNT", "ImpactedCustomers": 10, "Shape__Area": 520317.9453125, "Shape__Length": 3395.5988991068607, "County": "SANTA BARBARA", "OutageStatus": "Active", "OutageType": "Not Planned", "IncidentId": "292666"}}, {"type": "Feature", "id": 10350294, "geometry": {"type": "Polygon", "coordinates": [[[-121.635770042113, 36.7006161948298], [-121.635773887208, 36.7006169636345], [-121.635913578946, 36.7006501536886], [-121.635919230569, 36.7006516327728], [-121.635920957539, 36.7006521573551], [-121.63592550126, 36.7006536174333], [-121.635928575908, 36.7006547821395], [-121.635932674562, 36.7006565958803], [-121.63593373693, 36.7006571011282], [-121.635937759256, 36.7006591799115], [-121.635940646172, 36.7006608959349], [-121.635943327317, 36.7006626636851], [-121.635951034355, 36.700667999137], [-121.635961748149, 36.7006751105765], [-121.635979425206, 36.7006856208161], [-121.635997919526, 36.7006951768053], [-121.636017148956, 36.7007037397433], [-121.636037033583, 36.7007112708543], [-121.636057486648, 36.700717738496], [-121.636078421315, 36.700723115532], [-121.636099747341, 36.7007273774914], [-121.63612137546, 36.7007305080269], [-121.63614321076, 36.7007324934313], [-121.636165160506, 36.7007333236277], [-121.6361871307, 36.7007329966376], [-121.636209026192, 36.7007315122724], [-121.636219917747, 36.700730339019], [-121.636226322318, 36.7007295623611], [-121.636231353479, 36.7007292215768], [-121.636234841796, 36.7007290857658], [-121.636239853598, 36.7007290169867], [-121.636241773266, 36.700729089459], [-121.636243864676, 36.7007292621532], [-121.636250419565, 36.7007299249728], [-121.636253755891, 36.7007304084947], [-121.636257563071, 36.7007311696383], [-121.636376257204, 36.70075958898], [-121.636379045309, 36.7007602455999], [-121.636575551955, 36.700805810417], [-121.636576053641, 36.7008059270373], [-121.636768058424, 36.7008509694358], [-121.636772088904, 36.7008520179673], [-121.636772520833, 36.7008521545205], [-121.636771670613, 36.7008549121272], [-121.636732948801, 36.7009586298599], [-121.63673248684, 36.7009598766345], [-121.636685586445, 36.7010877325162], [-121.636684541024, 36.7010906402256], [-121.636683625443, 36.7010932952231], [-121.636681212336, 36.7011004338335], [-121.636680380873, 36.7011026994818], [-121.63667633662, 36.7011132673222], [-121.636674574486, 36.7011180282446], [-121.636582357156, 36.7013757673201], [-121.636580909422, 36.7013793960593], [-121.636580830467, 36.7013795565081], [-121.63657716493, 36.7013788231381], [-121.636380873394, 36.7013318356417], [-121.63618582057, 36.7012851441584], [-121.636185613224, 36.7012850949092], [-121.636004309937, 36.7012414893576], [-121.636001361602, 36.7012407137089], [-121.636000255059, 36.7012403639001], [-121.635995487926, 36.701238241429], [-121.635995074986, 36.7012380437944], [-121.635990494649, 36.7012356764759], [-121.635986316022, 36.7012331920695], [-121.635977369586, 36.7012280533485], [-121.635958876279, 36.7012184964659], [-121.635939646713, 36.701209934418], [-121.635919761969, 36.7012024032887], [-121.635899308789, 36.7011959356215], [-121.635878374009, 36.701190558552], [-121.635857047885, 36.7011862956497], [-121.635835419636, 36.7011831659651], [-121.635813584218, 36.701181180502], [-121.63579163435, 36.7011803502383], [-121.63576966403, 36.7011806771526], [-121.635768726148, 36.7011807286014], [-121.635761919023, 36.7011808443907], [-121.635757527028, 36.7011806786738], [-121.635755302915, 36.7011804765063], [-121.635754320142, 36.7011803444533], [-121.635751576924, 36.7011799344194], [-121.635744798034, 36.7011785794225], [-121.635549217645, 36.7011318231645], [-121.635546005213, 36.7011309795756], [-121.635545173638, 36.701130716746], [-121.635545649829, 36.7011291726726], [-121.635546005584, 36.7011282356734], [-121.635649039566, 36.7008744992844], [-121.635650159282, 36.700872203595], [-121.635656671194, 36.7008651020696], [-121.635656603624, 36.7008650616328], [-121.635663992181, 36.7008570029368], [-121.635675860597, 36.7008421114815], [-121.635686493572, 36.7008266262556], [-121.635695846247, 36.7008106152524], [-121.635703879391, 36.7007941447275], [-121.635709426904, 36.7007804247755], [-121.635768658577, 36.7006194835602], [-121.635769730824, 36.7006168330695], [-121.635770042113, 36.7006161948298]]]}, "properties": {"OBJECTID": 10350294, "UtilityCompany": "PGE", "StartDate": 1782640963000, "EstimatedRestoreDate": 1782664200000, "Cause": "PATROLLING", "ImpactedCustomers": 1, "Shape__Area": 8814.80078125, "Shape__Length": 390.9079497041324, "County": "MONTEREY", "OutageStatus": "Active", "OutageType": "Not Planned", "IncidentId": "292671"}}, {"type": "Feature", "id": 10350295, "geometry": {"type": "Polygon", "coordinates": [[[-120.542643391667, 34.9357856804193], [-120.54264393573, 34.9357878441314], [-120.542938475128, 34.9374768103655], [-120.542938482698, 34.9374768501832], [-120.542940353266, 34.9374875704083], [-120.543680197919, 34.9417297072331], [-120.543751347036, 34.9421376670803], [-120.543822505461, 34.9425456279683], [-120.544554307066, 34.9467411261534], [-120.544554379287, 34.9467416044892], [-120.544554543504, 34.9467434395879], [-120.544551574575, 34.9467439465614], [-120.538033240779, 34.9475516664019], [-120.538031560384, 34.9475518441682], [-120.538029885562, 34.9475519454232], [-120.538029334632, 34.9475497572161], [-120.536266695144, 34.9374863015257], [-120.536265114188, 34.9374772728311], [-120.536105742609, 34.9365672684138], [-120.536105656675, 34.9365667014518], [-120.536105496801, 34.9365649106036], [-120.536108176003, 34.936564453841], [-120.542640491158, 34.9357858885514], [-120.542641255408, 34.9357858093648], [-120.542643391667, 34.9357856804193]]]}, "properties": {"OBJECTID": 10350295, "UtilityCompany": "PGE", "StartDate": 1782592238000, "EstimatedRestoreDate": 1782671220000, "Cause": "THRD PARTY", "ImpactedCustomers": 1, "Shape__Area": 1106443.69140625, "Shape__Length": 4480.5442166777675, "County": "SANTA BARBARA", "OutageStatus": "Active", "OutageType": "Not Planned", "IncidentId": "292347"}}, {"type": "Feature", "id": 10350296, "geometry": {"type": "Polygon", "coordinates": [[[-124.140889277496, 40.594407774886], [-124.140893515849, 40.5944100266075], [-124.141132647888, 40.5945469965233], [-124.141510833313, 40.5947636095847], [-124.141514959282, 40.5947661299492], [-124.141515040626, 40.5947661877011], [-124.141513533589, 40.5947688132872], [-124.141433123636, 40.594892177157], [-124.141431685521, 40.5948944083853], [-124.141316755886, 40.5950748800884], [-124.141314627099, 40.5950779856681], [-124.141314401497, 40.5950782707674], [-124.141312893542, 40.5950778550579], [-124.141310806779, 40.5950771775129], [-124.141290983892, 40.5950703340817], [-124.141290643902, 40.5950702167261], [-124.14113213959, 40.5950156458434], [-124.141117623936, 40.5950109417363], [-124.141095808499, 40.5950049278308], [-124.141073523688, 40.5950000140039], [-124.141050864413, 40.5949962218389], [-124.141027929036, 40.5949935674803], [-124.141004814661, 40.5949920625807], [-124.140981620665, 40.5949917133651], [-124.140958446331, 40.5949925206543], [-124.140935390881, 40.5949944816663], [-124.140912553448, 40.5949975882154], [-124.140890031886, 40.5950018267228], [-124.140867920433, 40.5950071791415], [-124.140846316777, 40.5950136219853], [-124.140825312639, 40.5950211282236], [-124.140804996102, 40.5950296654567], [-124.14078545637, 40.59503919767], [-124.140766776646, 40.5950496835038], [-124.14074903653, 40.59506107803], [-124.140732310832, 40.5950733327646], [-124.140716673105, 40.5950863947317], [-124.140702189781, 40.595100209224], [-124.14068892246, 40.5951147152761], [-124.140676929197, 40.5951298519572], [-124.140666258518, 40.5951455539268], [-124.140656958931, 40.5951617549432], [-124.140656275759, 40.5951630706394], [-124.140650456908, 40.5951743546197], [-124.140645284985, 40.5951850412468], [-124.140636589525, 40.595204246067], [-124.140634555123, 40.5952088740556], [-124.140634039312, 40.5952100935085], [-124.140614281038, 40.5952571837867], [-124.140608351654, 40.5952729515338], [-124.140605597843, 40.5952818395847], [-124.140599282227, 40.5953038784257], [-124.140599238501, 40.5953040175899], [-124.140598463668, 40.5953060593828], [-124.140598325963, 40.5953063012723], [-124.140593849676, 40.595314459521], [-124.140585960133, 40.5953310889283], [-124.140579513741, 40.5953480761382], [-124.140574538816, 40.5953653488024], [-124.140571056541, 40.5953828319406], [-124.140569082203, 40.5954004515316], [-124.140568623969, 40.5954181318224], [-124.14056968292, 40.5954357971303], [-124.140572255408, 40.595453371819], [-124.140574106747, 40.5954621008824], [-124.140574726076, 40.5954647468968], [-124.140574920707, 40.5954679934742], [-124.140575171424, 40.595612915877], [-124.140575172986, 40.595613355481], [-124.14057591204, 40.5958046024606], [-124.140575911299, 40.595804697959], [-124.140576596991, 40.5959630433687], [-124.140576497423, 40.5959661550197], [-124.140576438888, 40.5959666744928], [-124.140572067577, 40.5959668266659], [-124.140230873553, 40.595967845288], [-124.1402266827, 40.595967767749], [-124.140226055647, 40.5959677270948], [-124.140225875783, 40.5959647227024], [-124.140225904794, 40.5959154454011], [-124.140225900322, 40.5959139301996], [-124.14022516659, 40.5958055018843], [-124.140225165054, 40.5958052028142], [-124.14022442625, 40.5956139116841], [-124.140224426256, 40.5956137729517], [-124.140223776055, 40.595470473334], [-124.140223876454, 40.5954673400541], [-124.140223946351, 40.5954667240769], [-124.140224430106, 40.5954657040323], [-124.14022666312, 40.5954616344248], [-124.140234552753, 40.5954450041403], [-124.140240999241, 40.5954280169487], [-124.140245974271, 40.5954107451984], [-124.140249455436, 40.5953932611799], [-124.140251431055, 40.5953756424823], [-124.140251889372, 40.5953579621915], [-124.140250830506, 40.5953402968793], [-124.140248256926, 40.5953227221936], [-124.140244182916, 40.5953053136654], [-124.140238622731, 40.5952881450243], [-124.140231601273, 40.5952712907957], [-124.140227073978, 40.5952624683304], [-124.140227199798, 40.5952624310538], [-124.140222985416, 40.5952542189845], [-124.14022278131, 40.5952508310648], [-124.14022188779, 40.5950466051001], [-124.140221988465, 40.5950434880327], [-124.140222056197, 40.595042883788], [-124.140223632947, 40.5950411583901], [-124.140223738728, 40.5950410546478], [-124.140483041729, 40.594794236216], [-124.140887407274, 40.594409336533], [-124.140889277496, 40.594407774886]]]}, "properties": {"OBJECTID": 10350296, "UtilityCompany": "PGE", "StartDate": 1782637354000, "EstimatedRestoreDate": 1782667800000, "Cause": "PATROLLING", "ImpactedCustomers": 7, "Shape__Area": 13122.42578125, "Shape__Length": 638.3095576046945, "County": "HUMBOLDT", "OutageStatus": "Active", "OutageType": "Not Planned", "IncidentId": "292658"}}, {"type": "Feature", "id": 10350297, "geometry": {"type": "MultiPolygon", "coordinates": [[[[-119.692196521104, 36.7796458073177], [-119.692199171877, 36.7796459513881], [-119.692199315618, 36.7796477655951], [-119.69219932337, 36.7796482884189], [-119.692194052647, 36.7803851395972], [-119.692193866623, 36.7803873546014], [-119.692191422688, 36.780387479394], [-119.692191150352, 36.7803874826256], [-119.691505896512, 36.7803855468162], [-119.691494356842, 36.7803856742418], [-119.691472424146, 36.780386797188], [-119.691450630072, 36.7803890719249], [-119.691429066905, 36.7803924884073], [-119.691407828241, 36.7803970321213], [-119.69138700455, 36.7804026830603], [-119.691366684224, 36.7804094175549], [-119.691346955884, 36.7804172065363], [-119.691327902712, 36.7804260171803], [-119.691309607005, 36.7804358112313], [-119.691292145619, 36.7804465466784], [-119.691275595571, 36.7804581779109], [-119.691260026231, 36.7804706546001], [-119.691245504855, 36.7804839236551], [-119.691232093256, 36.7804979282294], [-119.691219848852, 36.7805126095521], [-119.691208824855, 36.7805279024275], [-119.691199067687, 36.7805437432733], [-119.69119061953, 36.7805600629825], [-119.691183515848, 36.7805767922614], [-119.691177788871, 36.7805938590227], [-119.691173460715, 36.7806111917988], [-119.691170550339, 36.7806287145285], [-119.691169072146, 36.7806463528262], [-119.691168885042, 36.7806532514443], [-119.691168722414, 36.7806677024257], [-119.691168708623, 36.7806698969941], [-119.691168513865, 36.780837182806], [-119.691168508049, 36.7808382810213], [-119.69116662264, 36.7810055738156], [-119.69116660877, 36.7810077701838], [-119.691166414027, 36.7811750541876], [-119.691166408249, 36.7811761515029], [-119.691164523735, 36.7813434479195], [-119.691164509942, 36.7813456424878], [-119.69116431533, 36.7815129219835], [-119.691164309165, 36.7815140282984], [-119.691162418873, 36.7816806244334], [-119.691162404305, 36.7816828370009], [-119.691162209785, 36.7818501128886], [-119.691162203969, 36.7818512111037], [-119.691160305821, 36.7820196019003], [-119.691159195147, 36.7821182104608], [-119.691159340598, 36.7821289901399], [-119.691160737649, 36.7821466328102], [-119.691163565485, 36.7821641639462], [-119.691167811619, 36.7821815093143], [-119.691173460246, 36.7821985936872], [-119.691180485377, 36.7822153442574], [-119.691188857625, 36.7822316890234], [-119.691198541856, 36.7822475594282], [-119.691209494022, 36.7822628857652], [-119.691221669885, 36.7822776028278], [-119.691235016096, 36.7822916487601], [-119.691249475952, 36.7823049616124], [-119.691264986886, 36.7823174855794], [-119.691281484014, 36.7823291665931], [-119.691298894425, 36.7823399548675], [-119.691317145095, 36.7823498033163], [-119.691336158212, 36.7823586719286], [-119.69135585037, 36.7823665205375], [-119.691376138973, 36.7823733162073], [-119.691396936756, 36.7823790303775], [-119.691418155218, 36.7823836371561], [-119.691439702151, 36.782387118658], [-119.691461486392, 36.7823894588287], [-119.691483414229, 36.7823906487514], [-119.691493853018, 36.7823908087512], [-119.69217844946, 36.7823927411401], [-119.692181100327, 36.7823928852157], [-119.69218124403, 36.7823947003223], [-119.692181251896, 36.7823952204459], [-119.692178260508, 36.7828148020155], [-119.692178074511, 36.7828170161186], [-119.692175730384, 36.7828171364793], [-119.692175258576, 36.7828171413661], [-119.691790528313, 36.7828156871781], [-119.69177858958, 36.7828158125234], [-119.691756656187, 36.7828169354874], [-119.691734861423, 36.7828192102416], [-119.691713297574, 36.7828226267411], [-119.691692058239, 36.7828271704719], [-119.691671233893, 36.7828328214269], [-119.691650912929, 36.7828395559371], [-119.691631183971, 36.7828473449335], [-119.691612130203, 36.7828561555916], [-119.691593832807, 36.7828659496248], [-119.691576372, 36.7828766851157], [-119.691559821438, 36.7828883163599], [-119.691544251619, 36.7829007930598], [-119.691529729797, 36.7829140621246], [-119.691516317751, 36.7829280676077], [-119.691504073014, 36.782942748038], [-119.691493048685, 36.78295804092], [-119.691483291227, 36.7829738817713], [-119.691474842821, 36.7829902014849], [-119.691467738935, 36.783006930767], [-119.691462010678, 36.7830239974992], [-119.691459670771, 36.7830326355663], [-119.691459337982, 36.7830339652569], [-119.691457431809, 36.783034164475], [-119.691454675234, 36.7830343418168], [-119.691432880403, 36.783036616512], [-119.691411316483, 36.7830400329528], [-119.691390077073, 36.7830445766254], [-119.691369252649, 36.7830502275233], [-119.691348931603, 36.7830569619774], [-119.69132920256, 36.783064750919], [-119.691310148706, 36.7830735615239], [-119.691291851221, 36.7830833555058], [-119.691274390323, 36.7830940909474], [-119.691257839669, 36.7831057221445], [-119.691242269758, 36.7831181987999], [-119.691227747843, 36.7831314678226], [-119.691214335703, 36.7831454732665], [-119.691202090873, 36.7831601536606], [-119.691191066452, 36.7831754465095], [-119.691181308902, 36.783191287331], [-119.691172860406, 36.7832076070183], [-119.691165756432, 36.7832243362775], [-119.69116002805, 36.7832414038904], [-119.691155699734, 36.7832587357518], [-119.691152790326, 36.7832762585005], [-119.691151312031, 36.7832938967886], [-119.69115111253, 36.783302306116], [-119.691150728835, 36.7833913856039], [-119.691150727164, 36.7833916847051], [-119.691148208368, 36.7837485843538], [-119.691148207662, 36.7837486528137], [-119.691146526713, 36.7839980591934], [-119.691146525438, 36.7839982970344], [-119.691143956048, 36.7842860939224], [-119.69114395125, 36.7842868560748], [-119.69114303149, 36.784456604014], [-119.691143028811, 36.7844569265144], [-119.691141567443, 36.7846311889332], [-119.691141567323, 36.7846312177633], [-119.691140108615, 36.784801435451], [-119.6911401079, 36.7848015561714], [-119.691139553363, 36.7848588410343], [-119.691139360523, 36.7848611351372], [-119.691136998393, 36.7848612558755], [-119.691136562415, 36.7848612608547], [-119.691071572052, 36.7848610251736], [-119.691071085918, 36.7848610242506], [-119.690654772712, 36.7848600021629], [-119.690654694313, 36.7848600017816], [-119.690654615915, 36.7848600014001], [-119.690416042519, 36.7848593251502], [-119.690415240515, 36.784859323536], [-119.690211091586, 36.7848591362538], [-119.690210392673, 36.7848591339055], [-119.690006536428, 36.7848582633202], [-119.690005138563, 36.7848582595213], [-119.6898012877, 36.7848580708254], [-119.689800588787, 36.7848580684747], [-119.689596732604, 36.7848571971861], [-119.689595332502, 36.7848571933199], [-119.689391483896, 36.7848570048828], [-119.689390782746, 36.7848570024673], [-119.689186930019, 36.7848561296687], [-119.689185528799, 36.7848561257666], [-119.688981328537, 36.7848559358357], [-119.688776779948, 36.7848557448564], [-119.688776081035, 36.7848557424997], [-119.688572223887, 36.7848548694212], [-119.688570823786, 36.784854865543], [-119.688366976443, 36.784854675378], [-119.688366275293, 36.7848546729565], [-119.688162421601, 36.7848537983682], [-119.688161020382, 36.7848537944539], [-119.687957062213, 36.7848536031977], [-119.687956580556, 36.7848536023867], [-119.687728318358, 36.7848528621352], [-119.687727706796, 36.7848528604052], [-119.68745491748, 36.7848523741246], [-119.687454704662, 36.7848523735979], [-119.686973398906, 36.784851025123], [-119.68697318385, 36.784851024533], [-119.686634577689, 36.7848502492232], [-119.686631958046, 36.7848501067938], [-119.686631789201, 36.7848479684081], [-119.686631817832, 36.7846618067525], [-119.686631820605, 36.7846609886798], [-119.686633399562, 36.7844555157779], [-119.686633402558, 36.7844552383392], [-119.686635218714, 36.7842778414396], [-119.686635230369, 36.7842758035979], [-119.686635379193, 36.7841022374034], [-119.686635385337, 36.7841011851527], [-119.686637221563, 36.7839269595874], [-119.686637233042, 36.7839248478549], [-119.686637376083, 36.7837506345409], [-119.686637382381, 36.7837495786903], [-119.68663922923, 36.7835742991898], [-119.68664107017, 36.7833995457318], [-119.686641081531, 36.7833974366991], [-119.686641225704, 36.783223220703], [-119.686641231925, 36.7832221666523], [-119.686643077579, 36.7830468862064], [-119.686644918787, 36.782872149865], [-119.68664493054, 36.7828700057023], [-119.686645048439, 36.7826948374581], [-119.686645053072, 36.7826946519716], [-119.686645219151, 36.7826926697953], [-119.686647685616, 36.782692543945], [-119.686647913128, 36.7826925412786], [-119.687813670752, 36.7826956263675], [-119.687825119967, 36.7826955003912], [-119.687847053365, 36.7826943772548], [-119.687868848154, 36.7826921032183], [-119.687890410925, 36.7826886882926], [-119.687911651513, 36.7826841452826], [-119.687932476043, 36.7826784949987], [-119.687952796121, 36.782671761108], [-119.687972526478, 36.7826639727704], [-119.687991580569, 36.7826551627147], [-119.688009877211, 36.7826453692256], [-119.688027338422, 36.7826346342813], [-119.688043890541, 36.7826230035844], [-119.688059460833, 36.7826105273686], [-119.688073983199, 36.7825972578549], [-119.688087395742, 36.7825832536886], [-119.688099639923, 36.7825685736085], [-119.688110665961, 36.7825532811029], [-119.688120424032, 36.78253744056], [-119.688128873076, 36.7825211211171], [-119.688135976502, 36.7825043920366], [-119.688141705476, 36.7824873245987], [-119.688146034407, 36.7824699928771], [-119.688148944451, 36.7824524702328], [-119.688150424521, 36.7824348320448], [-119.688150614475, 36.7824276659073], [-119.688151380581, 36.7823515794375], [-119.688151383393, 36.782351410119], [-119.688153302272, 36.7821864116407], [-119.688153317316, 36.7821841900784], [-119.68815354821, 36.7820203582603], [-119.688153554652, 36.782019246548], [-119.688155469738, 36.7818547246112], [-119.688155484127, 36.781852492218], [-119.688155709236, 36.7816879871504], [-119.688155716298, 36.7816868610386], [-119.688157637999, 36.7815230420963], [-119.688157652083, 36.7815207907726], [-119.688157876705, 36.7813562955967], [-119.688157883766, 36.7813551694847], [-119.688159805439, 36.7811913496343], [-119.688159819522, 36.7811890983104], [-119.688160044277, 36.7810245986267], [-119.68816005095, 36.7810234815144], [-119.68816196699, 36.7808589586838], [-119.688161982147, 36.7808567344212], [-119.688162212761, 36.7806929034714], [-119.688162219201, 36.7806917917589], [-119.688164145169, 36.7805263086824], [-119.688164148436, 36.7805259988133], [-119.688165946233, 36.7803500455988], [-119.688166139838, 36.7803477353038], [-119.688168433349, 36.7803476181155], [-119.688169005989, 36.7803476124503], [-119.688507039132, 36.7803490625762], [-119.688507879128, 36.7803490652611], [-119.688846153345, 36.7803498345398], [-119.688848912539, 36.7803499844099], [-119.688850391854, 36.7803503058569], [-119.68885492914, 36.780351486514], [-119.688876146863, 36.7803560937128], [-119.688897693084, 36.7803595756429], [-119.688919476642, 36.7803619162482], [-119.688941403826, 36.7803631066101], [-119.688963380851, 36.7803631396099], [-119.688985313541, 36.7803620171288], [-119.689007107645, 36.7803597428478], [-119.689028670838, 36.7803563277102], [-119.689049909598, 36.7803517844283], [-119.689051679957, 36.780351330071], [-119.68905386424, 36.7803508620178], [-119.689056508021, 36.7803507266395], [-119.689056660411, 36.7803507254793], [-119.689395318938, 36.7803514939866], [-119.689734013348, 36.7803522625254], [-119.689736772545, 36.780352412375], [-119.689738252985, 36.7803527338423], [-119.689742789207, 36.7803539135349], [-119.689764005838, 36.7803585214466], [-119.689785553232, 36.7803620032487], [-119.68980733571, 36.7803643436613], [-119.689829262923, 36.7803655338599], [-119.689851239961, 36.7803655666954], [-119.689873172651, 36.7803644440496], [-119.689894966742, 36.7803621696043], [-119.689916529947, 36.7803587534036], [-119.68993776863, 36.7803542108601], [-119.689939538984, 36.7803537564894], [-119.689941723263, 36.7803532884196], [-119.689944367043, 36.7803531530214], [-119.689944519433, 36.7803531518601], [-119.690282967608, 36.7803539173767], [-119.690283388705, 36.7803539191939], [-119.690492731927, 36.7803548130093], [-119.690504871848, 36.7803546888833], [-119.690526804536, 36.780353566116], [-119.690548598613, 36.7803512915497], [-119.690570161796, 36.7803478752286], [-119.690591400484, 36.7803433316661], [-119.690612224206, 36.7803376808688], [-119.69063254457, 36.7803309465056], [-119.69065227295, 36.7803231576454], [-119.690671326165, 36.7803143471123], [-119.690689623035, 36.7803045531933], [-119.690707083344, 36.780293817806], [-119.690723633436, 36.780282186655], [-119.690739202816, 36.7802697100383], [-119.690753724232, 36.7802564410471], [-119.690767135907, 36.7802424356287], [-119.690779380308, 36.7802277552544], [-119.69079040434, 36.7802124624204], [-119.690800161542, 36.7801966216095], [-119.690808609734, 36.7801803019293], [-119.690815713453, 36.7801635726741], [-119.690821441627, 36.7801465050629], [-119.690825769788, 36.7801291732012], [-119.690828679095, 36.7801116504505], [-119.690830157347, 36.7800940121592], [-119.690830344476, 36.7800871135424], [-119.690831408256, 36.7799926962405], [-119.690831422055, 36.7799905016724], [-119.690831617068, 36.7798231455866], [-119.690831622401, 36.7798221888224], [-119.690833393722, 36.7796444929557], [-119.690833586971, 36.7796421889518], [-119.690836090413, 36.7796420604375], [-119.69083624392, 36.7796420593061], [-119.691174803362, 36.7796428235021], [-119.691174989315, 36.7796428232738], [-119.691396863333, 36.7796435219411], [-119.691482164961, 36.7796437903495], [-119.691482297134, 36.7796437904254], [-119.692196521104, 36.7796458073177]]], [[[-119.690549868458, 36.7904640548594], [-119.690552453657, 36.7904641953461], [-119.690552599593, 36.790466035744], [-119.690552606259, 36.7904665053749], [-119.690551350848, 36.7906540088473], [-119.690551166508, 36.7906562085738], [-119.690548586385, 36.7906563403444], [-119.690212598221, 36.7906557962933], [-119.690210013017, 36.790655655799], [-119.690209866396, 36.7906538054703], [-119.690209859999, 36.7906533556698], [-119.690211081018, 36.7904658377457], [-119.690211265135, 36.7904636434199], [-119.690213845252, 36.7904635116564], [-119.690549868458, 36.7904640548594]]]]}, "properties": {"OBJECTID": 10350297, "UtilityCompany": "PGE", "StartDate": 1782640260000, "EstimatedRestoreDate": 1782673200000, "Cause": "THRD PARTY", "ImpactedCustomers": 280, "Shape__Area": 285774.78125, "Shape__Length": 2944.719716115797, "County": "FRESNO", "OutageStatus": "Active", "OutageType": "Not Planned", "IncidentId": "292667"}}, {"type": "Feature", "id": 10350298, "geometry": {"type": "MultiPolygon", "coordinates": [[[[-122.039707946729, 37.6526880058722], [-122.039708293879, 37.6526880735927], [-122.039712621854, 37.652689144433], [-122.039830933567, 37.6527215191343], [-122.039831437391, 37.6527216566296], [-122.040293168924, 37.6528473588772], [-122.040293372259, 37.6528474146101], [-122.040687614436, 37.6529551862223], [-122.041050656312, 37.6530544585859], [-122.041050735379, 37.6530544808601], [-122.041317302977, 37.6531273131476], [-122.041321540662, 37.6531286211414], [-122.041321679379, 37.6531291179898], [-122.041322319576, 37.6531323156361], [-122.041391032663, 37.6535520863799], [-122.041394062067, 37.6535672268835], [-122.041398893761, 37.6535844983116], [-122.041405136008, 37.6536014810661], [-122.041412761399, 37.6536181028193], [-122.041421737967, 37.6536342930087], [-122.041432026942, 37.6536499810169], [-122.041443584963, 37.6536651006953], [-122.041456361847, 37.6536795876429], [-122.04147030286, 37.6536933783226], [-122.04148534867, 37.653706414568], [-122.04149005674, 37.6537101121479], [-122.041490777633, 37.6537107372064], [-122.041491487996, 37.6537143860771], [-122.041493935916, 37.6537312866193], [-122.041494175935, 37.6537328983109], [-122.041497576532, 37.6537503834333], [-122.041502408262, 37.6537676548571], [-122.041508649414, 37.6537846375969], [-122.041516274846, 37.6538012593434], [-122.041525252603, 37.6538174486332], [-122.041535541612, 37.6538331375337], [-122.041547098549, 37.653848257193], [-122.041559875495, 37.6538627432284], [-122.04157381655, 37.6538765347974], [-122.041588862414, 37.6538895710299], [-122.041604949173, 37.6539017973277], [-122.041622006085, 37.6539131608394], [-122.041639961219, 37.6539236132108], [-122.041658738074, 37.6539331087543], [-122.041678256657, 37.6539416089647], [-122.041698431307, 37.6539490752906], [-122.041719177401, 37.6539554763995], [-122.041740406861, 37.6539607854378], [-122.041762025906, 37.653964978209], [-122.041773788977, 37.6539666213189], [-122.041773766143, 37.6539667220803], [-122.041785983003, 37.6539684274606], [-122.041788899627, 37.6539689748154], [-122.042051714536, 37.6540238785415], [-122.042055182537, 37.6540247458264], [-122.042054175624, 37.6540280292361], [-122.04196687953, 37.6542689878125], [-122.041965625261, 37.6542721114829], [-122.041965370278, 37.6542726339748], [-122.041965015614, 37.6542732385777], [-122.041963178441, 37.6542759375029], [-122.041962632568, 37.654276689269], [-122.041958733697, 37.6542815625354], [-122.041954778192, 37.654285902667], [-122.04195427484, 37.654286433056], [-122.041952767981, 37.6542878638156], [-122.041950903807, 37.6542892231735], [-122.04195054023, 37.654289462673], [-122.04194579116, 37.6542924804452], [-122.041937946823, 37.6542968538847], [-122.041928941243, 37.6543020516042], [-122.041911595753, 37.6543131356414], [-122.041895198034, 37.6543250980407], [-122.04187982017, 37.6543378871118], [-122.04186552748, 37.6543514484057], [-122.041852380781, 37.6543657247332], [-122.041840437562, 37.6543806534696], [-122.041829747385, 37.6543961710248], [-122.041820356438, 37.6544122119789], [-122.041812304167, 37.6544287063502], [-122.041805627746, 37.6544455841389], [-122.041801366653, 37.6544590583697], [-122.041741616289, 37.6546708704072], [-122.041740640204, 37.6546739584798], [-122.041738322552, 37.6546801695109], [-122.041733047815, 37.6546973588181], [-122.041729198431, 37.6547147850325], [-122.041726791221, 37.6547323743831], [-122.041725836226, 37.6547500512417], [-122.041726336688, 37.6547677399245], [-122.041728291315, 37.6547853647108], [-122.04173169201, 37.6548028498249], [-122.041736523856, 37.6548201212377], [-122.041742766278, 37.6548371039733], [-122.041750391866, 37.6548537257039], [-122.041759368651, 37.6548699158674], [-122.041769657862, 37.6548856038462], [-122.041781216139, 37.654900723492], [-122.041793993307, 37.6549152095026], [-122.041807934598, 37.6549290010447], [-122.041822980713, 37.6549420372486], [-122.0418390666, 37.6549542635067], [-122.041856123785, 37.6549656269863], [-122.041874079203, 37.6549760793241], [-122.041892857473, 37.6549855757432], [-122.041912375235, 37.6549940750071], [-122.041932551325, 37.655001541305], [-122.041953297731, 37.6550079423759], [-122.041974526374, 37.6550132513662], [-122.041996145724, 37.6550174449994], [-122.04201806533, 37.6550205045144], [-122.042040188968, 37.6550224192152], [-122.042062422679, 37.6550231784242], [-122.042084671258, 37.655022780467], [-122.042089516198, 37.6550225395053], [-122.042289853242, 37.6550114496834], [-122.042290254838, 37.6550114277074], [-122.042552260988, 37.65499667498], [-122.042552378969, 37.6549966687272], [-122.042817348639, 37.6549818971037], [-122.042818721295, 37.6549818244207], [-122.042835513418, 37.6549809971836], [-122.042838520786, 37.65498083772], [-122.042962376095, 37.654973857086], [-122.042979272778, 37.6549725674031], [-122.043001265256, 37.6549698634446], [-122.043022988922, 37.6549660216496], [-122.043028031475, 37.6549649575532], [-122.043139990764, 37.6549406165126], [-122.043143590355, 37.6549399796442], [-122.043145158779, 37.6549411712818], [-122.043145858599, 37.6549417619094], [-122.043357994344, 37.6551277943157], [-122.043359797778, 37.655129578215], [-122.043357308265, 37.6551311686667], [-122.043356510972, 37.6551316362899], [-122.043351681802, 37.6551344470684], [-122.043346353876, 37.655137695444], [-122.043344162019, 37.6551390593765], [-122.043336223637, 37.6551439585111], [-122.043336190499, 37.6551439789725], [-122.043336126512, 37.6551440181112], [-122.043328712609, 37.6551485952245], [-122.043327733429, 37.6551491902598], [-122.043326440397, 37.6551499485907], [-122.043319165246, 37.6551541374625], [-122.043319046457, 37.6551542068013], [-122.043310582328, 37.6551590845451], [-122.043310546922, 37.6551591049881], [-122.043304400114, 37.6551626477578], [-122.043299614836, 37.6551653065686], [-122.043296186912, 37.6551671417748], [-122.043285174768, 37.6551725144], [-122.043285226078, 37.6551725797105], [-122.04328411152, 37.6551731231739], [-122.043284062454, 37.6551730596842], [-122.043271687817, 37.6551790377537], [-122.0432709114, 37.6551793802634], [-122.04326589867, 37.6551815649412], [-122.04326025125, 37.6551841789024], [-122.043258049141, 37.6551851930417], [-122.043246737007, 37.6551899133851], [-122.043246774808, 37.6551899713755], [-122.043245933698, 37.6551903196695], [-122.043245895909, 37.6551902607778], [-122.043232742904, 37.6551956728156], [-122.043229406133, 37.6551969418347], [-122.043224015387, 37.6551989008207], [-122.043217306021, 37.6552012267597], [-122.04321558193, 37.6552018292713], [-122.043215087695, 37.6552020028206], [-122.043205467513, 37.655205532733], [-122.043201009046, 37.6552072829656], [-122.043193347319, 37.6552099689128], [-122.043190220586, 37.6552109485112], [-122.043184320138, 37.6552126960594], [-122.043182912744, 37.6552130902328], [-122.043171545402, 37.6552164581548], [-122.043163063904, 37.6552188895898], [-122.043162761352, 37.6552189673522], [-122.043160057707, 37.6552197520934], [-122.043157345028, 37.6552205340574], [-122.043141854823, 37.6552250303215], [-122.043121491129, 37.6552321675466], [-122.043101759093, 37.6552403482024], [-122.043082741913, 37.6552495378131], [-122.043064521723, 37.6552596964861], [-122.043047175037, 37.6552707806787], [-122.043030778416, 37.6552827432427], [-122.043015400544, 37.6552955324598], [-122.043001107858, 37.6553090947907], [-122.042987961213, 37.6553233703419], [-122.042976016927, 37.6553382991827], [-122.042965326843, 37.6553538168398], [-122.042955936014, 37.6553698578833], [-122.042947885017, 37.6553863523408], [-122.042941207628, 37.6554032301842], [-122.042935933113, 37.6554204195463], [-122.042932085101, 37.6554378458102], [-122.042929677013, 37.6554554351777], [-122.042928722291, 37.6554731120476], [-122.04292922304, 37.6554908007271], [-122.042929652274, 37.6554960444301], [-122.04298380669, 37.6560714974645], [-122.042983882404, 37.656074165958], [-122.042983217863, 37.6560743588547], [-122.042979505148, 37.6560752372525], [-122.042967174527, 37.6560778609673], [-122.042966564074, 37.6560779912108], [-122.042754946293, 37.6561233548847], [-122.042752273912, 37.6561239091345], [-122.042696929451, 37.6561350093681], [-122.042696756688, 37.6561350440184], [-122.042540097416, 37.656166325108], [-122.042537042572, 37.6561669113994], [-122.042467859797, 37.6561796495395], [-122.042464726043, 37.6561802009387], [-122.042450997034, 37.6561825131108], [-122.042450608479, 37.6561825784561], [-122.042430179092, 37.6561859781922], [-122.042426664383, 37.6561865328069], [-122.042390844284, 37.6561918706893], [-122.042390227525, 37.6561919621223], [-122.042356845116, 37.6561968357811], [-122.042351882425, 37.6561975003145], [-122.042318748858, 37.6562015350601], [-122.042314166823, 37.6562020431506], [-122.04227735348, 37.6562057145228], [-122.042276269464, 37.6562058201876], [-122.042240640154, 37.6562091893086], [-122.04223712187, 37.6562094924229], [-122.04220553107, 37.6562119506533], [-122.042203244592, 37.6562121159541], [-122.04216390511, 37.6562147519025], [-122.04216207275, 37.6562148668116], [-122.042126557602, 37.6562169380367], [-122.042124862773, 37.6562170252201], [-122.04212366731, 37.6562170695906], [-122.042088015973, 37.6562181816051], [-122.04208608467, 37.6562182326177], [-122.042050028102, 37.656219031279], [-122.042048101553, 37.6562190652046], [-122.042011284951, 37.6562195476306], [-122.042007401908, 37.6562195638629], [-122.041972422394, 37.6562193870169], [-122.041970250558, 37.6562193648705], [-122.041959624432, 37.6562192037546], [-122.041958858206, 37.6562191930246], [-122.041935309046, 37.65621887737], [-122.041931335552, 37.6562187865105], [-122.041897214652, 37.6562176945756], [-122.041893371251, 37.6562175371732], [-122.041858209158, 37.6562157770104], [-122.041856288929, 37.6562156721825], [-122.041820152171, 37.6562135363565], [-122.041818248018, 37.656213415435], [-122.041783888081, 37.6562110759145], [-122.041778404547, 37.6562106311859], [-122.041718319964, 37.6562049749447], [-122.041715884558, 37.6562047316338], [-122.041709208355, 37.6562040257469], [-122.041707682315, 37.6562038583234], [-122.041672204559, 37.6561998449685], [-122.041668504387, 37.6561993930925], [-122.041633170608, 37.6561947625966], [-122.041631319136, 37.6561945123114], [-122.041595949858, 37.6561895570442], [-122.041592317714, 37.6561890164889], [-122.041557762091, 37.6561835576798], [-122.041554249562, 37.6561829721284], [-122.041519639501, 37.656176898172], [-122.04151954449, 37.6561768811764], [-122.041485100916, 37.6561708202798], [-122.041477837484, 37.6561694083882], [-122.041445012319, 37.6561624151569], [-122.04140931551, 37.6561548091221], [-122.041407836783, 37.6561544888565], [-122.041372941615, 37.6561467847734], [-122.04136770181, 37.6561455479521], [-122.041334797509, 37.6561373048308], [-122.041333073175, 37.6561368653978], [-122.041299168348, 37.6561280544209], [-122.041295756464, 37.656127136195], [-122.041263044779, 37.6561180212494], [-122.041258860176, 37.6561168038159], [-122.041227196483, 37.6561072115723], [-122.041225215658, 37.6561066177313], [-122.041192739934, 37.6560969629967], [-122.041186711649, 37.656095066308], [-122.041155732694, 37.6560847702801], [-122.041154101605, 37.6560842207411], [-122.041120273171, 37.6560726469162], [-122.041119961654, 37.6560725398318], [-122.041085833814, 37.6560607995246], [-122.041081359386, 37.6560591993755], [-122.041051136174, 37.656047968496], [-122.041046429895, 37.6560461492449], [-122.041015839439, 37.6560338563309], [-122.0410155056, 37.6560337220254], [-122.040983658289, 37.6560209592162], [-122.0409778582, 37.656018509165], [-122.040950361264, 37.6560063270104], [-122.040945024241, 37.656004012314], [-122.040919583043, 37.6559932105498], [-122.040914059811, 37.6559907420164], [-122.040882138468, 37.6559754531062], [-122.040880739025, 37.6559747864741], [-122.040849666316, 37.6559600650707], [-122.04084693756, 37.6559587440932], [-122.040815727668, 37.6559433194446], [-122.040814536925, 37.6559427329229], [-122.040788640403, 37.6559300518008], [-122.040783326821, 37.6559275020456], [-122.040778701708, 37.655925367084], [-122.040752022173, 37.6559132762539], [-122.040749142254, 37.6559119855905], [-122.040718951271, 37.6558986106708], [-122.040715967263, 37.6558973038379], [-122.040690494934, 37.6558862836542], [-122.040681466127, 37.6558825157515], [-122.040678059828, 37.6558811649242], [-122.040650337164, 37.6558703220141], [-122.040648693792, 37.6558696705203], [-122.040621100127, 37.6558585825948], [-122.040611663927, 37.6558549348527], [-122.04058393658, 37.6558446335766], [-122.040579245903, 37.6558429252949], [-122.040569026344, 37.655839277487], [-122.040566326861, 37.6558383253771], [-122.040549492594, 37.6558324561116], [-122.040546263449, 37.6558313464701], [-122.040544082628, 37.6558306139917], [-122.040512007768, 37.6558199537647], [-122.040480548126, 37.6558094986245], [-122.040473865684, 37.6558073433099], [-122.040448409589, 37.6557993831551], [-122.040436533147, 37.6557958705732], [-122.040436402108, 37.655795834356], [-122.040406383673, 37.6557874702437], [-122.040405537614, 37.6557872326252], [-122.040375436283, 37.6557787037921], [-122.040373874071, 37.6557782647627], [-122.040366943065, 37.6557763967405], [-122.0403382055, 37.6557689281184], [-122.040331244557, 37.6557671842314], [-122.040299588801, 37.6557595503518], [-122.040296962195, 37.6557589260044], [-122.040278472269, 37.6557545961874], [-122.040276418516, 37.6557541207101], [-122.040264822367, 37.6557514684391], [-122.040262165954, 37.6557508699864], [-122.040258816265, 37.6557501424131], [-122.040227196589, 37.6557434056116], [-122.040223578562, 37.6557426515186], [-122.040192631256, 37.6557363474], [-122.040185266104, 37.6557349165753], [-122.040154419921, 37.6557292117397], [-122.04015066825, 37.6557285358722], [-122.040121432417, 37.6557234056486], [-122.040117895227, 37.6557228009264], [-122.040110803817, 37.6557216814741], [-122.040078375166, 37.6557168479264], [-122.040077653262, 37.6557167411047], [-122.040050047541, 37.6557126759587], [-122.040035942277, 37.6557108414639], [-122.040034918908, 37.6557107276819], [-122.040030348559, 37.655710153305], [-122.040010594505, 37.6557074174905], [-122.040000076368, 37.6557060952882], [-122.039996400486, 37.655705696735], [-122.03996561738, 37.655702490796], [-122.039965252831, 37.6557024526778], [-122.039943818347, 37.6557001835735], [-122.039939600752, 37.6556995949393], [-122.039939582016, 37.6556995533266], [-122.039937164401, 37.6556930000496], [-122.039933961931, 37.6556848018019], [-122.03992633667, 37.6556681799606], [-122.039917360182, 37.6556519905652], [-122.03990707014, 37.6556363015202], [-122.03989551327, 37.6556211817055], [-122.039882736357, 37.6556066954944], [-122.039868795303, 37.6555929037294], [-122.039853749407, 37.6555798672805], [-122.039844135007, 37.65557236853], [-122.039691287425, 37.6554577835479], [-122.039690485771, 37.6554571794525], [-122.03951939858, 37.655327241545], [-122.039518385878, 37.6553264761979], [-122.039329456255, 37.6551841619432], [-122.03932929907, 37.6551840434926], [-122.039138569451, 37.6550400062894], [-122.039137630814, 37.6550393001277], [-122.038968189881, 37.6549123104009], [-122.038967609431, 37.6549118721414], [-122.038678750446, 37.6546933290826], [-122.038678472119, 37.6546931104998], [-122.038676798278, 37.6546916601692], [-122.038677154515, 37.6546907599594], [-122.038678205498, 37.6546885549063], [-122.038732951939, 37.6545819686477], [-122.038733149634, 37.6545815826954], [-122.038825929963, 37.6544001460539], [-122.038826121816, 37.6543997735734], [-122.038888890577, 37.6542780646215], [-122.038889383436, 37.6542771186559], [-122.038928551097, 37.6542027822365], [-122.038929496106, 37.6542009701902], [-122.039101106295, 37.6538685165411], [-122.039102388046, 37.6538659961023], [-122.039124636048, 37.6538216327635], [-122.039125332726, 37.6538202648412], [-122.039241128755, 37.653596485177], [-122.039241368274, 37.653596020249], [-122.03928100725, 37.6535190097449], [-122.039281200267, 37.6535186345691], [-122.039352375731, 37.6533797616545], [-122.039352623416, 37.6533792787665], [-122.039443291575, 37.6532043093157], [-122.039444410292, 37.6532021228328], [-122.039480240436, 37.653131227276], [-122.039480489345, 37.6531307371872], [-122.03960084834, 37.6528952484058], [-122.039601575755, 37.6528938690137], [-122.039602306558, 37.6528924905504], [-122.039608344736, 37.6528814499844], [-122.039609317852, 37.6528796534832], [-122.039611331837, 37.6528758167771], [-122.039706413216, 37.6526906252155], [-122.039707946729, 37.6526880058722]]], [[[-122.044580176829, 37.654081678395], [-122.044581002812, 37.6540846323723], [-122.044622205183, 37.6542716546377], [-122.044622981316, 37.6542750489518], [-122.044627813803, 37.6542923202564], [-122.044634056845, 37.654309302849], [-122.04464168303, 37.6543259244023], [-122.044650660386, 37.6543421143547], [-122.044660950141, 37.65435780209], [-122.044672508931, 37.6543729214607], [-122.044685286567, 37.654387408067], [-122.044699228316, 37.6544011983733], [-122.04471427484, 37.654414234215], [-122.044730361097, 37.6544264600848], [-122.044747418613, 37.6544378231516], [-122.044765375453, 37.6544482750632], [-122.044784152837, 37.6544577710168], [-122.044803670802, 37.6544662698056], [-122.04482384705, 37.6544737356116], [-122.044844593571, 37.6544801361759], [-122.044865822281, 37.654485444647], [-122.044887442786, 37.6544896377599], [-122.044909361222, 37.6544926976294], [-122.044931484801, 37.6544946108857], [-122.044953718396, 37.654495369548], [-122.044975966814, 37.6544949710429], [-122.044998134813, 37.6544934164018], [-122.045020127084, 37.6544907120638], [-122.045041849381, 37.654486869884], [-122.045063210801, 37.6544819062519], [-122.045084116972, 37.6544758429362], [-122.045104479142, 37.6544687053568], [-122.045124211894, 37.6544605243683], [-122.045143228627, 37.6544513344211], [-122.045148382582, 37.6544485595459], [-122.045149389825, 37.6544480728799], [-122.045150751423, 37.6544479775473], [-122.045153482106, 37.6544479104225], [-122.045405270426, 37.6544466198375], [-122.045407393712, 37.6544466226], [-122.045564142118, 37.6544489185305], [-122.045570616177, 37.6544491115198], [-122.04570841673, 37.6544553107421], [-122.04570849603, 37.6544553149889], [-122.045809637569, 37.6544598520191], [-122.045916740981, 37.6544646544015], [-122.045945697016, 37.6544659521565], [-122.045946379089, 37.6544659820087], [-122.046073761293, 37.6544714872512], [-122.046074198628, 37.6544715070117], [-122.046091046217, 37.6544722696712], [-122.046397308703, 37.6544861340979], [-122.046599532008, 37.6544952875258], [-122.046602887296, 37.6544955778284], [-122.046603004443, 37.6544997148917], [-122.04659327201, 37.6551803288279], [-122.046593040007, 37.6551845531997], [-122.046591184543, 37.6551848816017], [-122.046589720768, 37.6551850761704], [-122.046486148132, 37.6551970763325], [-122.046479699891, 37.6551978732412], [-122.04637522301, 37.6552116109339], [-122.046370117083, 37.6552123141367], [-122.046265613235, 37.655227359316], [-122.0462632576, 37.6552277053002], [-122.04625928079, 37.6552283202863], [-122.046155607963, 37.6552448646581], [-122.046148906104, 37.6552459902789], [-122.046088888539, 37.6552565721215], [-122.046088784, 37.6552565911049], [-122.046077117226, 37.6552586508867], [-122.046075926506, 37.6552588575717], [-122.046047772952, 37.6552636610014], [-122.046039882594, 37.6552650852525], [-122.045987046551, 37.6552751500872], [-122.045937292481, 37.6552846287377], [-122.045933547712, 37.6552853600561], [-122.045830736959, 37.655305929158], [-122.04582905366, 37.6553062688552], [-122.045823366546, 37.6553074729683], [-122.045721194504, 37.6553298614799], [-122.045716219237, 37.6553309839197], [-122.045615720784, 37.6553543178347], [-122.045608533805, 37.6553560550948], [-122.045567920074, 37.6553662636991], [-122.045566956789, 37.6553665037651], [-122.045510167276, 37.6553804850383], [-122.045504729594, 37.6553818633047], [-122.045501004164, 37.6553828543434], [-122.045308484009, 37.655435045962], [-122.045304549837, 37.6554359595948], [-122.045301568139, 37.6554363266304], [-122.045296608175, 37.6554366956804], [-122.045295693741, 37.6554367504696], [-122.045293132209, 37.6554367964338], [-122.045288078213, 37.6554366293438], [-122.045286365389, 37.6554365298557], [-122.045280059, 37.6554359848937], [-122.045277031637, 37.6554355800371], [-122.045273783311, 37.6554350787541], [-122.045270058276, 37.6554343563968], [-122.04526754845, 37.6554337285986], [-122.04526728417, 37.6554336507494], [-122.045262905212, 37.6554322930825], [-122.045261496248, 37.6554318364306], [-122.045257054614, 37.6554302385076], [-122.045253912706, 37.655429040471], [-122.04525096123, 37.6554277556472], [-122.045247486389, 37.6554259979056], [-122.04524589585, 37.6554251134637], [-122.045239414848, 37.6554212953279], [-122.04523714892, 37.6554198583233], [-122.045234037719, 37.6554177673358], [-122.045233103611, 37.6554170567523], [-122.045230094022, 37.6554144672608], [-122.045229376874, 37.6554138116109], [-122.045226485247, 37.6554109517796], [-122.045225782804, 37.6554100330659], [-122.045224457981, 37.6554080520766], [-122.045217286065, 37.6553966609413], [-122.045215061068, 37.6553926474201], [-122.045214365643, 37.6553911807661], [-122.045210194358, 37.655381750836], [-122.045210167904, 37.6553816920366], [-122.045204974121, 37.655369955487], [-122.045204514843, 37.6553689044462], [-122.045199747745, 37.6553578428267], [-122.045198836929, 37.6553557561299], [-122.04519408939, 37.6553450263509], [-122.045193636706, 37.6553439915869], [-122.045189704115, 37.65533486733], [-122.045188497956, 37.6553315876107], [-122.045185201789, 37.6553231372779], [-122.045177575385, 37.6553065157595], [-122.045168597802, 37.6552903258466], [-122.045158307815, 37.6552746381548], [-122.04514674879, 37.6552595188308], [-122.045133970917, 37.6552450322734], [-122.045120028931, 37.6552312420171], [-122.045104982175, 37.6552182062258], [-122.045088895686, 37.6552059804056], [-122.045071837944, 37.6551946173864], [-122.045053880882, 37.6551841655198], [-122.045035103282, 37.6551746696073], [-122.045015585106, 37.655166170855], [-122.044995408652, 37.6551587050798], [-122.044974661931, 37.6551523045399], [-122.044953433024, 37.6551469960863], [-122.044931812325, 37.6551428029834], [-122.044909893696, 37.6551397431158], [-122.044887769928, 37.655137829853], [-122.044865536141, 37.6551370711757], [-122.044856457515, 37.6551370941015], [-122.044620904972, 37.6551401860356], [-122.044617996144, 37.6551400867652], [-122.044617517507, 37.6551376277178], [-122.044592943596, 37.654938805906], [-122.044592908658, 37.654938524414], [-122.044588086875, 37.6548986519253], [-122.04458717371, 37.6548919730258], [-122.044583772339, 37.6548744879852], [-122.044578939827, 37.6548572166801], [-122.044572696754, 37.6548402340858], [-122.044565070535, 37.654823612529], [-122.044556093142, 37.6548074225707], [-122.044545803349, 37.6547917348269], [-122.044534244522, 37.6547766154443], [-122.04452146685, 37.6547621288222], [-122.044507525069, 37.6547483384951], [-122.044492478516, 37.6547353026274], [-122.044476392232, 37.6547230767255], [-122.044459334694, 37.6547117136196], [-122.044441377835, 37.6547012616616], [-122.044422600436, 37.6546917656536], [-122.044403082457, 37.6546832668019], [-122.044382906196, 37.6546758009239], [-122.044362159663, 37.6546694002784], [-122.044340930939, 37.6546640917166], [-122.044319310416, 37.6546598985034], [-122.044297391957, 37.654656838524], [-122.04427526835, 37.6546549251484], [-122.044253034716, 37.6546541663576], [-122.04423078625, 37.6546545647257], [-122.04420861819, 37.6546561192215], [-122.044186625844, 37.6546588234072], [-122.044164903457, 37.654662665428], [-122.04416034476, 37.654663660488], [-122.04415892447, 37.6546639121615], [-122.044158737653, 37.6546636285373], [-122.044156924565, 37.6546603862508], [-122.043988241023, 37.6543331412487], [-122.043987428946, 37.6543315799056], [-122.043955210253, 37.6542701711371], [-122.043953895686, 37.6542673060307], [-122.043956667437, 37.6542663343502], [-122.044144052148, 37.6542105323078], [-122.044144407194, 37.6542104270276], [-122.04457719608, 37.6540824176618], [-122.044578216593, 37.6540821339031], [-122.044580176829, 37.654081678395]]]]}, "properties": {"OBJECTID": 10350298, "UtilityCompany": "PGE", "StartDate": 1782647089000, "EstimatedRestoreDate": 1782681300000, "Cause": "CAR POLE", "ImpactedCustomers": 120, "Shape__Area": 167779.3359375, "Shape__Length": 2546.839698235501, "County": "ALAMEDA", "OutageStatus": "Active", "OutageType": "Not Planned", "IncidentId": "292679"}}, {"type": "Feature", "id": 10350299, "geometry": {"type": "Polygon", "coordinates": [[[-122.418229177463, 37.6050885447887], [-122.418229236036, 37.6050885883417], [-122.418232693282, 37.6050915536632], [-122.418283726437, 37.6051381727875], [-122.418296738987, 37.6051494027105], [-122.418348010162, 37.6051912170426], [-122.418349484987, 37.6051924122757], [-122.418361802325, 37.605201846904], [-122.418415968479, 37.6052412968418], [-122.41841978889, 37.6052440377116], [-122.418430488449, 37.6052512867261], [-122.4184884323, 37.6052889327402], [-122.418494837984, 37.6052929923859], [-122.418501427877, 37.6052969655089], [-122.418545379165, 37.6053228035144], [-122.418550958759, 37.6053260145326], [-122.418583318292, 37.6053442421943], [-122.418585206412, 37.6053453213853], [-122.41864971085, 37.6053827211279], [-122.418653844896, 37.6053851967388], [-122.418734845433, 37.605435332488], [-122.418739527105, 37.6054383371748], [-122.418818273718, 37.605490739448], [-122.418821539523, 37.6054929791332], [-122.418898434348, 37.6055479464562], [-122.418902836478, 37.6055512066416], [-122.41897705356, 37.6056081635025], [-122.418978861985, 37.6056095857048], [-122.418979615113, 37.6056102032243], [-122.419082141734, 37.6056958952588], [-122.41908502734, 37.6056983683145], [-122.41912262173, 37.605731402647], [-122.419227535152, 37.6058235860254], [-122.419232928763, 37.6058288691747], [-122.419233628884, 37.605829601803], [-122.419236643314, 37.6058329930517], [-122.419237874853, 37.605834590876], [-122.419238271412, 37.6058351696842], [-122.419240842069, 37.6058391004533], [-122.419242062305, 37.6058412777827], [-122.419243466287, 37.6058443023733], [-122.419244430976, 37.6058467073851], [-122.419245407143, 37.6058493846576], [-122.419245884679, 37.6058510598919], [-122.419246418734, 37.6058536259268], [-122.419246889513, 37.605856316035], [-122.419247250492, 37.6058594310347], [-122.41924733228, 37.605861880374], [-122.419247158754, 37.6058661302326], [-122.41924710092, 37.605867011457], [-122.419246870909, 37.6058687634286], [-122.419245950624, 37.6058730330471], [-122.419245785953, 37.6058736667791], [-122.419244516054, 37.6058778769915], [-122.419243875636, 37.6058795196841], [-122.419243417044, 37.6058805079984], [-122.419241528136, 37.605884335701], [-122.419240212106, 37.6058866105125], [-122.419238391113, 37.6058892803293], [-122.419236503626, 37.6058917596364], [-122.419234865445, 37.6058937940077], [-122.419233593653, 37.6058951875278], [-122.419231227277, 37.6058974769997], [-122.419229070666, 37.6058994529367], [-122.41922287712, 37.6059046709511], [-122.419144112527, 37.6059671084014], [-122.419137713967, 37.6059723190928], [-122.4190595334, 37.6060377247636], [-122.419055532568, 37.6060411301552], [-122.419035824918, 37.6060581982295], [-122.419033262325, 37.6060603686559], [-122.418958904145, 37.6061219831179], [-122.418957239608, 37.6061233260289], [-122.418955785304, 37.606124441035], [-122.418878570759, 37.6061821358822], [-122.418877618308, 37.6061828189135], [-122.418871938712, 37.6061864810255], [-122.41887128991, 37.6061868699129], [-122.418867087611, 37.6061892287532], [-122.418864791492, 37.6061903486262], [-122.418864295859, 37.6061905634081], [-122.418859552763, 37.6061925347136], [-122.418856885261, 37.606193480602], [-122.418852267041, 37.606194836908], [-122.418851119305, 37.6061951368098], [-122.418846471447, 37.606196225272], [-122.418843857487, 37.6061966964184], [-122.418842983056, 37.6061968164971], [-122.418837943483, 37.6061974316299], [-122.418834942875, 37.6061976521026], [-122.418830252868, 37.606197750687], [-122.418828660072, 37.6061977356325], [-122.418824127221, 37.6061975844184], [-122.418821457485, 37.6061973612591], [-122.418820283772, 37.6061972139688], [-122.418815502389, 37.6061965342474], [-122.418812484182, 37.6061959587511], [-122.418808212135, 37.6061949047784], [-122.418806352538, 37.6061943791533], [-122.418802423874, 37.6061931664333], [-122.418799988201, 37.6061922738303], [-122.418798646646, 37.6061917110975], [-122.41879463507, 37.6061899427444], [-122.418791918686, 37.6061885800628], [-122.418788458373, 37.606186581879], [-122.41878663424, 37.6061854299981], [-122.418783647458, 37.6061834368503], [-122.418781691027, 37.6061819607372], [-122.418780451773, 37.6061809180946], [-122.418777289836, 37.6061781390183], [-122.418772197437, 37.6061731673924], [-122.418754042692, 37.6061543067024], [-122.418748064647, 37.6061482761475], [-122.418669127485, 37.6060709265476], [-122.418662182863, 37.6060643387064], [-122.418658567035, 37.6060610706682], [-122.41860516402, 37.6060135819611], [-122.418596142436, 37.6060058680268], [-122.418539394368, 37.6059591974494], [-122.418536927726, 37.6059571906341], [-122.418530011376, 37.6059517764671], [-122.418471009692, 37.6059068893178], [-122.418461788112, 37.6059001289052], [-122.41846125967, 37.6058997558511], [-122.418400111334, 37.6058567373789], [-122.418390012288, 37.6058499068386], [-122.418326822091, 37.6058088305646], [-122.418320346491, 37.6058047245971], [-122.418316398812, 37.6058023201977], [-122.418249394039, 37.6057621255175], [-122.41824244452, 37.6057580658819], [-122.41822588528, 37.6057486472855], [-122.418224630989, 37.6057479371568], [-122.418086914456, 37.6056703496637], [-122.418086842268, 37.6056703087475], [-122.418086803918, 37.6056702869263], [-122.418018591392, 37.6056318744154], [-122.418015486378, 37.6056300843676], [-122.417965683018, 37.6056006741428], [-122.417964218237, 37.6055997890149], [-122.417962673737, 37.6055988115573], [-122.417915943992, 37.6055685376652], [-122.417914649083, 37.6055676614867], [-122.41791336847, 37.6055666952448], [-122.417914306619, 37.6055656669381], [-122.41791559095, 37.6055644113988], [-122.417926359674, 37.6055543514949], [-122.417935952778, 37.6055449717102], [-122.417949019405, 37.6055306534971], [-122.417960881119, 37.6055156857842], [-122.417971486441, 37.6055001323132], [-122.417980790656, 37.6054840613654], [-122.417988753595, 37.6054675394421], [-122.417995341834, 37.6054506393873], [-122.418000526492, 37.6054334331658], [-122.418004284349, 37.6054159927703], [-122.418006602348, 37.6053983947504], [-122.418007467438, 37.6053807147543], [-122.418006877912, 37.6053630266832], [-122.418004834306, 37.6053454071537], [-122.418001348501, 37.6053279310353], [-122.417996432361, 37.6053106750003], [-122.417990107985, 37.6052937112645], [-122.417982403127, 37.6052771129729], [-122.417973350091, 37.6052609505891], [-122.417971914146, 37.6052586919635], [-122.417971161026, 37.6052573479588], [-122.417973354494, 37.6052557327618], [-122.418226576843, 37.6050900714549], [-122.4182275309, 37.6050894722612], [-122.418229177463, 37.6050885447887]]]}, "properties": {"OBJECTID": 10350299, "UtilityCompany": "PGE", "StartDate": 1782654946000, "EstimatedRestoreDate": 1782675000000, "Cause": null, "ImpactedCustomers": 1, "Shape__Area": 10715.5859375, "Shape__Length": 445.89251019502717, "County": "SAN MATEO", "OutageStatus": "Active", "OutageType": "Not Planned", "IncidentId": "292710"}}, {"type": "Feature", "id": 10350300, "geometry": {"type": "Polygon", "coordinates": [[[-122.448257952784, 37.480443912421], [-122.44826011072, 37.4804457702835], [-122.448547074557, 37.4807215989622], [-122.448548218646, 37.4807227481262], [-122.448549183355, 37.4807238351607], [-122.448544840227, 37.4807262864151], [-122.448537726709, 37.4807300317088], [-122.445920300326, 37.4821077483212], [-122.445915774426, 37.4821099615634], [-122.445913616501, 37.4821081036587], [-122.445624464923, 37.4818301618371], [-122.445624125758, 37.4818298348553], [-122.445366489142, 37.4815805980046], [-122.445229874326, 37.4814484366962], [-122.445086628559, 37.4813098606645], [-122.445085815731, 37.4813090420188], [-122.44508469739, 37.4813077820754], [-122.445089039533, 37.4813053309442], [-122.445391426648, 37.4811461710575], [-122.445628429074, 37.4810214257474], [-122.445632937898, 37.4810192196463], [-122.445636020388, 37.4810226890167], [-122.445739085887, 37.4811470471609], [-122.445751811873, 37.4811613681543], [-122.445765796458, 37.4811751127727], [-122.445780879249, 37.4811880981889], [-122.445796995051, 37.4812002700152], [-122.445814076386, 37.4812115756559], [-122.445832047831, 37.4812219669847], [-122.445850833933, 37.4812313994809], [-122.445870353557, 37.4812398322024], [-122.445890524402, 37.4812472296099], [-122.445911258477, 37.4812535597427], [-122.445932467758, 37.4812587960485], [-122.445937716693, 37.4812599058991], [-122.445940324668, 37.4812605499815], [-122.445943467764, 37.4812640863286], [-122.445986095145, 37.4813155194364], [-122.445998818958, 37.4813298385901], [-122.446012803619, 37.4813435831794], [-122.446027886488, 37.4813565685644], [-122.446044003497, 37.4813687403626], [-122.446061083777, 37.4813800459625], [-122.446079055295, 37.4813904372541], [-122.446097841478, 37.48139986881], [-122.4461173623, 37.4814083023976], [-122.446137532082, 37.4814156997579], [-122.446158266225, 37.4814220298478], [-122.446179476702, 37.4814272661149], [-122.446201069811, 37.4814313846845], [-122.446222955181, 37.4814343698097], [-122.446245039039, 37.4814362075304], [-122.446267226424, 37.481436891092], [-122.446289422363, 37.4814364155424], [-122.446311531816, 37.4814347849433], [-122.446333459731, 37.4814320051585], [-122.446355113263, 37.4814280892736], [-122.446376398424, 37.4814230521714], [-122.44639722456, 37.4814169168626], [-122.446417503257, 37.4814097090726], [-122.446437146069, 37.4814014590334], [-122.446456070152, 37.4813922042143], [-122.446456225706, 37.4813921229195], [-122.446590072872, 37.4813216706042], [-122.446877641473, 37.4811703063531], [-122.44700704709, 37.4811021907209], [-122.447294612877, 37.4809508263318], [-122.447582177529, 37.4807994585257], [-122.447711581866, 37.4807313430086], [-122.447999144822, 37.4805799768726], [-122.448253428183, 37.48044612576], [-122.448257952784, 37.480443912421]]]}, "properties": {"OBJECTID": 10350300, "UtilityCompany": "PGE", "StartDate": 1782655848000, "EstimatedRestoreDate": 1782692100000, "Cause": null, "ImpactedCustomers": 1, "Shape__Area": 25128.46875, "Shape__Length": 980.4884831262661, "County": "SAN MATEO", "OutageStatus": "Active", "OutageType": "Not Planned", "IncidentId": "292713"}}, {"type": "Feature", "id": 10350301, "geometry": {"type": "Polygon", "coordinates": [[[-122.066563083847, 37.9567211483758], [-122.066563762875, 37.956721279941], [-122.066567442931, 37.956722179765], [-122.066838365081, 37.9567949686364], [-122.066856410238, 37.9567993792751], [-122.066878120041, 37.9568035693278], [-122.066900128756, 37.9568066261508], [-122.066922343211, 37.9568085363869], [-122.066944667878, 37.9568092929696], [-122.066967007207, 37.9568088906348], [-122.066989265535, 37.9568073331298], [-122.067011347173, 37.9568046260049], [-122.067033158632, 37.9568007811364], [-122.067054605215, 37.9567958157987], [-122.067075595604, 37.9567897499972], [-122.067096039543, 37.9567826100541], [-122.067115851281, 37.9567744259331], [-122.067134943836, 37.9567652347977], [-122.06715323592, 37.9567550738571], [-122.067170650706, 37.9567439875657], [-122.067179004883, 37.9567381117544], [-122.067185717395, 37.9567332467649], [-122.067190796409, 37.9567345064526], [-122.06750970812, 37.9568225965775], [-122.067514489695, 37.9568240647902], [-122.067512384101, 37.9568276477616], [-122.067430503502, 37.9569550642743], [-122.067394487534, 37.9570111043591], [-122.0672789683, 37.9571908673588], [-122.067276488281, 37.9571944428507], [-122.067276399239, 37.9571945530006], [-122.067273064236, 37.9571961587536], [-122.067263612525, 37.9572008785557], [-122.067245320344, 37.9572110395115], [-122.067227906596, 37.9572221258208], [-122.067211444727, 37.9572340902992], [-122.067196008244, 37.9572468812565], [-122.067181659289, 37.9572604451097], [-122.067168463505, 37.9572747219949], [-122.06715647401, 37.9572896519488], [-122.06714574398, 37.9573051705022], [-122.067136318641, 37.9573212122214], [-122.067128237576, 37.957337707122], [-122.0671215381, 37.9573545852013], [-122.067116246163, 37.9573717745637], [-122.067112385478, 37.9573892005926], [-122.067109972913, 37.9574067895178], [-122.067109017396, 37.9574244657038], [-122.067109525574, 37.957442153497], [-122.067111492718, 37.9574597771532], [-122.067114911816, 37.9574772609105], [-122.067119767872, 37.9574945307459], [-122.067126039066, 37.957511511681], [-122.067133701275, 37.9575281314228], [-122.067142718966, 37.9575443193908], [-122.067153054328, 37.9575600049856], [-122.067164663808, 37.9575751220693], [-122.06717749587, 37.9575896053414], [-122.067191498921, 37.9576033940077], [-122.067203254909, 37.9576136787535], [-122.067543469378, 37.9578963851926], [-122.067545596098, 37.9578982460423], [-122.067546261687, 37.9578989011316], [-122.067543429567, 37.9579019646218], [-122.067535392681, 37.9579100159274], [-122.067535210524, 37.957910198342], [-122.067422333549, 37.9580228812558], [-122.067418875286, 37.9580261299467], [-122.06741580238, 37.9580287003343], [-122.067367777403, 37.9580666883506], [-122.067235053071, 37.9581716737296], [-122.067231894838, 37.9581739694505], [-122.067231458408, 37.9581740957725], [-122.067221025614, 37.9581772648215], [-122.067200580158, 37.9581844047707], [-122.067180769198, 37.9581925880071], [-122.067161676264, 37.958201780044], [-122.067143382691, 37.9582119400686], [-122.067125968688, 37.9582230263577], [-122.067109507715, 37.9582349908257], [-122.067094069852, 37.9582477826566], [-122.06707972183, 37.9582613456001], [-122.067066524704, 37.9582756224599], [-122.067054535021, 37.9582905523985], [-122.06704380481, 37.9583060718389], [-122.067034379327, 37.9583221126442], [-122.067026299252, 37.9583386084435], [-122.067020667424, 37.9583525144908], [-122.067016969292, 37.9583625739446], [-122.067015861249, 37.9583653104161], [-122.067015529384, 37.958365989142], [-122.067011034483, 37.9583684869549], [-122.066950386365, 37.9583999089929], [-122.066945750262, 37.9584021407108], [-122.066944230842, 37.9584016735196], [-122.06694228746, 37.9584009767478], [-122.06656034552, 37.9582556556116], [-122.066558183905, 37.9582547543168], [-122.06655311734, 37.95825268356], [-122.066532856639, 37.9582452207277], [-122.06651202355, 37.958238823154], [-122.066501419143, 37.9582360325009], [-122.066499714783, 37.9582356079986], [-122.066495430922, 37.9582342924032], [-122.06634018071, 37.9581809085261], [-122.066336209647, 37.9581794322781], [-122.06633577039, 37.9581792422296], [-122.066335329923, 37.9581769900725], [-122.066329093908, 37.9581235242855], [-122.06631778171, 37.958026492419], [-122.066317732556, 37.958025969294], [-122.066317677311, 37.9580240392428], [-122.066318197625, 37.958021692868], [-122.066373965526, 37.9578364483239], [-122.0663750431, 37.957833062704], [-122.066399344582, 37.9577606828368], [-122.066401621336, 37.9577548255452], [-122.066451738999, 37.9576372392983], [-122.066508245609, 37.9575046453531], [-122.066513630901, 37.9574907941521], [-122.066518922986, 37.9574736048189], [-122.066522783817, 37.9574561788117], [-122.066525196523, 37.9574385899005], [-122.066526151042, 37.9574209137121], [-122.066525644141, 37.9574032259273], [-122.066523677128, 37.957385603164], [-122.066520258185, 37.95736811849], [-122.066515402267, 37.9573508495326], [-122.066511484481, 37.9573397716132], [-122.066473353499, 37.9572401755293], [-122.066432958573, 37.9571346437457], [-122.066432510215, 37.9571333748085], [-122.066432090818, 37.9571318861919], [-122.066432189826, 37.9571311686677], [-122.066432806787, 37.9571282904101], [-122.066449577794, 37.9570611583247], [-122.066472567037, 37.9569691312082], [-122.066493169066, 37.9568866502914], [-122.066494414336, 37.9568826044704], [-122.066495409782, 37.9568800401529], [-122.066561692192, 37.9567239898443], [-122.066563083847, 37.9567211483758]]]}, "properties": {"OBJECTID": 10350301, "UtilityCompany": "PGE", "StartDate": 1782656134000, "EstimatedRestoreDate": 1782673200000, "Cause": null, "ImpactedCustomers": 1, "Shape__Area": 20935.82421875, "Shape__Length": 682.4102679854234, "County": "CONTRA COSTA", "OutageStatus": "Active", "OutageType": "Not Planned", "IncidentId": "292714"}}, {"type": "Feature", "id": 10350302, "geometry": {"type": "Polygon", "coordinates": [[[-122.49362002519, 37.6919542224827], [-122.493620184845, 37.6919544295724], [-122.493622351894, 37.6919576719427], [-122.493672137672, 37.6920378704938], [-122.493673467991, 37.692040061927], [-122.493722950392, 37.6921235246655], [-122.493724230679, 37.6921257348112], [-122.49377181541, 37.692209891516], [-122.493773043421, 37.6922121167592], [-122.493818717049, 37.6922969403349], [-122.493819896152, 37.6922991860982], [-122.493863641849, 37.6923846485336], [-122.493864768687, 37.692386907592], [-122.493906574154, 37.6924729817967], [-122.493907650968, 37.6924752586666], [-122.49394750165, 37.6925619157376], [-122.493948526188, 37.6925642077054], [-122.493986408659, 37.692651419646], [-122.493987380926, 37.6926537258103], [-122.494023282886, 37.6927414655298], [-122.49402420289, 37.6927437849895], [-122.494058113175, 37.6928320254019], [-122.494058979799, 37.6928343554482], [-122.494090889536, 37.6929230658721], [-122.494091703888, 37.6929254101151], [-122.494121599675, 37.693014558948], [-122.494122361763, 37.6930169164865], [-122.494150233537, 37.6931064811537], [-122.494150941147, 37.6931088438662], [-122.49417678345, 37.6931987918978], [-122.494177438783, 37.6932011697085], [-122.494201238199, 37.6932914713045], [-122.494201839053, 37.6932938542894], [-122.494223592345, 37.6933844842], [-122.494224138696, 37.6933868759641], [-122.494243838142, 37.6934778008082], [-122.494244329996, 37.6934802004504], [-122.494261968978, 37.693571391358], [-122.494262406329, 37.6935737997797], [-122.494277977098, 37.693665227876], [-122.494278359981, 37.6936676396694], [-122.494291478751, 37.6937566903594], [-122.494291834772, 37.6937598843901], [-122.494291850828, 37.6937603594588], [-122.49428845869, 37.6937607901676], [-122.493952483304, 37.6937896262529], [-122.493949975416, 37.6937897939534], [-122.493948617488, 37.6937898232778], [-122.493947953692, 37.6937865215685], [-122.493935685356, 37.6937032447938], [-122.493935317191, 37.6937008384706], [-122.493934919622, 37.6936984194025], [-122.493920591536, 37.6936142991558], [-122.493919716851, 37.6936094832114], [-122.493903486284, 37.6935255801286], [-122.493902502584, 37.6935207826441], [-122.49388437842, 37.693437125605], [-122.493883284647, 37.6934323357597], [-122.493863262294, 37.6933489337571], [-122.493863105655, 37.6933482823259], [-122.493862062861, 37.6933441695966], [-122.493840163466, 37.6932610831093], [-122.493838853936, 37.6932563301931], [-122.493815077407, 37.6931735736407], [-122.493813661122, 37.6931688409966], [-122.493788014136, 37.6930864342359], [-122.493786842331, 37.6930827797279], [-122.493786492198, 37.6930817263749], [-122.493758984755, 37.6929997009942], [-122.493757354941, 37.6929950115976], [-122.49372798926, 37.6929133757168], [-122.493726254922, 37.6929087120095], [-122.493695071131, 37.6928275703536], [-122.493693231125, 37.6928229341333], [-122.493660181296, 37.6927421630131], [-122.49365938561, 37.6927402451755], [-122.493658232285, 37.6927375443507], [-122.493623377693, 37.6926573080694], [-122.493621327508, 37.6926527232224], [-122.493584653682, 37.6925729820578], [-122.493582507907, 37.6925684436685], [-122.493544039548, 37.6924892355807], [-122.49354177918, 37.6924847030078], [-122.493501529578, 37.6924060758225], [-122.49350140756, 37.6924058382491], [-122.493499172499, 37.6924015878997], [-122.49345714732, 37.692323543442], [-122.4934546913, 37.6923190947517], [-122.493410908485, 37.6922416637418], [-122.493408347944, 37.6922372407401], [-122.493362818664, 37.6921604493624], [-122.493360989348, 37.6921574148427], [-122.493360161414, 37.6921560710105], [-122.493313644131, 37.6920811384138], [-122.493311768108, 37.6920778008463], [-122.493312679669, 37.6920773559016], [-122.493315406376, 37.6920761931868], [-122.493616651733, 37.6919554202831], [-122.49362002519, 37.6919542224827]]]}, "properties": {"OBJECTID": 10350302, "UtilityCompany": "PGE", "StartDate": 1782634740000, "EstimatedRestoreDate": 1782685800000, "Cause": "BRKN UG EQUIPMNT", "ImpactedCustomers": 20, "Shape__Area": 9982.046875, "Shape__Length": 595.5952483086884, "County": "SAN MATEO", "OutageStatus": "Active", "OutageType": "Not Planned", "IncidentId": "292646"}}, {"type": "Feature", "id": 10350303, "geometry": {"type": "Polygon", "coordinates": [[[-121.469232767881, 39.5275979049023], [-121.469234766852, 39.5275989043026], [-121.469235263385, 39.5275991811402], [-121.469422946907, 39.5277079160128], [-121.469608765467, 39.5278155619545], [-121.469611055807, 39.5278170688396], [-121.469611575459, 39.527817458604], [-121.46961442977, 39.5278198802146], [-121.469774474552, 39.5279636775816], [-121.469787891834, 39.5279750598791], [-121.469804291707, 39.52798736712], [-121.469821697019, 39.5279988172382], [-121.469840030889, 39.5280093614682], [-121.469859216376, 39.5280189537472], [-121.469870857186, 39.5280239714642], [-121.469870799556, 39.5280240526957], [-121.469880755341, 39.5280283436512], [-121.469880959095, 39.5280284958985], [-121.46988437049, 39.5280314050655], [-121.469948937631, 39.528089985282], [-121.469950400247, 39.5280913037679], [-121.470045832805, 39.5281767668254], [-121.470045892101, 39.5281768216655], [-121.470111175733, 39.5282352643624], [-121.470275066875, 39.5283820164732], [-121.470409829153, 39.5285026733774], [-121.470422851848, 39.5285137017246], [-121.470439253143, 39.5285260079941], [-121.470456657511, 39.5285374589062], [-121.470474991639, 39.528548002139], [-121.470494177342, 39.5285575952175], [-121.470509420976, 39.5285642829723], [-121.470509595068, 39.5285643555408], [-121.470514308202, 39.5285662682047], [-121.470514340493, 39.5285662812435], [-121.470517498474, 39.5285675391426], [-121.470522950404, 39.5285696642521], [-121.470525594962, 39.5285706721264], [-121.47053150828, 39.5285728735848], [-121.470534498976, 39.5285739607965], [-121.470539394989, 39.5285757046776], [-121.470542591027, 39.5285768189182], [-121.470546934192, 39.5285783068496], [-121.470548224302, 39.5285787391848], [-121.470550945595, 39.5285796435533], [-121.470556935597, 39.5285815847319], [-121.470559864697, 39.5285825098547], [-121.470565221161, 39.5285841606851], [-121.470568230972, 39.528585066147], [-121.47057415802, 39.52858680107], [-121.470577126099, 39.5285876465172], [-121.470579796066, 39.5285883979419], [-121.470582674666, 39.5285891854488], [-121.470585017976, 39.5285898181487], [-121.470592332794, 39.528591723601], [-121.470598545256, 39.5285932829814], [-121.470601122466, 39.5285940728286], [-121.470600338848, 39.5285964861852], [-121.470497217512, 39.5288534291055], [-121.47049665489, 39.5288547317435], [-121.470495992375, 39.5288560267598], [-121.470493610447, 39.5288555629364], [-121.470493170609, 39.5288554589398], [-121.470476645101, 39.528851300516], [-121.470473254321, 39.5288504179685], [-121.470461814006, 39.5288473364789], [-121.470458867383, 39.5288465201431], [-121.47044728991, 39.5288432206089], [-121.470444353543, 39.52884236116], [-121.470432774308, 39.5288388768978], [-121.470430035418, 39.5288380317605], [-121.470418443814, 39.5288343689377], [-121.47041570816, 39.5288334823969], [-121.47040430529, 39.5288297022247], [-121.470401371947, 39.5288287049628], [-121.470390108368, 39.5288247806617], [-121.470387380429, 39.5288238077266], [-121.470376109292, 39.5288196977204], [-121.470373400773, 39.5288186880999], [-121.470362215581, 39.5288144260549], [-121.470359523034, 39.5288133779016], [-121.470348571464, 39.528809020722], [-121.470345660846, 39.5288078363514], [-121.470334679108, 39.5288032634364], [-121.470332304471, 39.5288022555064], [-121.470321385237, 39.5287975383531], [-121.47031856324, 39.5287962920788], [-121.470307857087, 39.5287914615008], [-121.4703053472, 39.5287903076314], [-121.470294718812, 39.5287853267091], [-121.470292033791, 39.5287840416925], [-121.470281518081, 39.5287789099844], [-121.470279042464, 39.5287776790802], [-121.470268625335, 39.5287724027078], [-121.470266042596, 39.5287710694823], [-121.470255780628, 39.5287656681112], [-121.470253282977, 39.5287643278964], [-121.470243174928, 39.5287588051142], [-121.470240613981, 39.5287573802738], [-121.470229993474, 39.5287513515957], [-121.470228852475, 39.5287506986746], [-121.47003042238, 39.5286361428704], [-121.469834274728, 39.5285229015946], [-121.469640959557, 39.5284113046567], [-121.469450507395, 39.528301338057], [-121.46926524869, 39.5281943767838], [-121.469263045517, 39.5281929269014], [-121.469261804035, 39.5281907049214], [-121.469257097954, 39.5281826466335], [-121.469246675698, 39.5281669104864], [-121.469234948511, 39.5281517355876], [-121.46922196382, 39.528137187433], [-121.469207778458, 39.5281233271369], [-121.469192452744, 39.5281102158601], [-121.46917605179, 39.5280979085193], [-121.469158647726, 39.5280864583215], [-121.46915058021, 39.5280816407695], [-121.46909478549, 39.528049315248], [-121.469092711098, 39.5280480941087], [-121.468908207909, 39.5279378319768], [-121.468905303995, 39.527935921459], [-121.468906531211, 39.5279344491877], [-121.468907025721, 39.5279339178102], [-121.46923087902, 39.5275996261463], [-121.469232767881, 39.5275979049023]]]}, "properties": {"OBJECTID": 10350303, "UtilityCompany": "PGE", "StartDate": 1782637182000, "EstimatedRestoreDate": 1782671400000, "Cause": "PATROLLING", "ImpactedCustomers": 8, "Shape__Area": 11614.73828125, "Shape__Length": 534.8522182949074, "County": "BUTTE", "OutageStatus": "Active", "OutageType": "Not Planned", "IncidentId": "292656"}}, {"type": "Feature", "id": 10350304, "geometry": {"type": "MultiPolygon", "coordinates": [[[[-121.180603201939, 38.036269481702], [-121.180606124925, 38.03626960355], [-121.180607114693, 38.036271138251], [-121.18060794556, 38.0362726020031], [-121.180618099641, 38.0362883621152], [-121.180629535737, 38.036303562617], [-121.180642204177, 38.036318138756], [-121.180656050669, 38.0363320284115], [-121.180671016274, 38.0363451729955], [-121.180687036334, 38.0363575147329], [-121.180704042644, 38.0363690012005], [-121.180721963491, 38.0363795835257], [-121.180740720261, 38.0363892154324], [-121.180760233045, 38.0363978569328], [-121.180780419589, 38.0364054707065], [-121.180801191809, 38.0364120247497], [-121.180822461579, 38.0364174888607], [-121.18084413827, 38.0364218418104], [-121.180866127792, 38.0364250641189], [-121.180888337061, 38.0364271417288], [-121.180910670556, 38.0364280668532], [-121.180933032717, 38.0364278335073], [-121.180955327754, 38.0364264447145], [-121.180977459837, 38.0364239052996], [-121.180991984098, 38.0364215950877], [-121.181491774399, 38.0363331432867], [-121.18149355203, 38.0363328607873], [-121.181495409995, 38.036332647119], [-121.181497745954, 38.0363325021262], [-121.181498628321, 38.0363324833364], [-121.182351954051, 38.0363270885069], [-121.182354822417, 38.0363272076643], [-121.182355047777, 38.0363294758003], [-121.182385861166, 38.0376510185976], [-121.182385860723, 38.0376517278146], [-121.182385746338, 38.0376534508927], [-121.182383611181, 38.0376535836882], [-121.182382634171, 38.0376536046256], [-121.18200674183, 38.0376558148397], [-121.181993603021, 38.0376560928299], [-121.18197130876, 38.0376574818282], [-121.181949175191, 38.0376600214036], [-121.1819273006, 38.0376636995589], [-121.181905776484, 38.0376685023898], [-121.181884694542, 38.0376744078844], [-121.181864147676, 38.0376813913461], [-121.181844220931, 38.0376894234507], [-121.181825001803, 38.037698467703], [-121.181806572097, 38.0377084875195], [-121.181789010378, 38.0377194390571], [-121.181772390722, 38.0377312757002], [-121.181756786179, 38.037743946311], [-121.181742263007, 38.0377573978448], [-121.181728884206, 38.0377715708977], [-121.1817167048, 38.0377864059428], [-121.181705778767, 38.0378018398324], [-121.181696152221, 38.0378178047908], [-121.181687865559, 38.0378342338554], [-121.181680956967, 38.0378510573258], [-121.181675453356, 38.0378682008209], [-121.181671379286, 38.0378855926272], [-121.181668752554, 38.0379031582227], [-121.181667583008, 38.0379208220612], [-121.181667576281, 38.0379310908336], [-121.181668296633, 38.037961993318], [-121.181668598543, 38.0379694119464], [-121.181670354677, 38.0379870453502], [-121.181673565642, 38.0380045498647], [-121.181678217341, 38.0380218504744], [-121.181684288799, 38.0380388738595], [-121.181691756742, 38.0380555475658], [-121.181700586529, 38.038071798062], [-121.18171074108, 38.0380875580874], [-121.181722176533, 38.0381027584737], [-121.181734845491, 38.0381173345039], [-121.181748692518, 38.0381312240404], [-121.181763658677, 38.0381443684957], [-121.181779680446, 38.0381567101128], [-121.181796687338, 38.0381681964337], [-121.181814607639, 38.0381787785866], [-121.181833365009, 38.0381884103314], [-121.181852879537, 38.0381970516808], [-121.181873065526, 38.0382046661632], [-121.181893839515, 38.0382112191435], [-121.181915109889, 38.0382166830703], [-121.181936786041, 38.0382210358147], [-121.181958777294, 38.0382242579502], [-121.181980986004, 38.0382263353499], [-121.182003320067, 38.0382272602806], [-121.18201254503, 38.0382273038472], [-121.182482987631, 38.0382245372139], [-121.182485883408, 38.0382246567927], [-121.182486108775, 38.038226924928], [-121.182545309956, 38.0407656178716], [-121.18260821751, 38.0434631187328], [-121.182608217067, 38.0434638279492], [-121.182608102672, 38.0434655510258], [-121.182605450338, 38.0434657163787], [-121.178060695044, 38.0435154051333], [-121.178060581092, 38.043515405169], [-121.178058010695, 38.043515298634], [-121.178057789856, 38.0435130828314], [-121.177974211249, 38.0396383466663], [-121.177973901536, 38.0396305683447], [-121.177972146268, 38.0396129349119], [-121.177968936133, 38.0395954303214], [-121.177964285253, 38.0395781286881], [-121.177958213412, 38.039561105116], [-121.177950747302, 38.0395444321126], [-121.177941918215, 38.0395281804542], [-121.177931764276, 38.0395124210231], [-121.177920328276, 38.039497220268], [-121.177907659865, 38.0394826438429], [-121.177893813359, 38.0394687529679], [-121.17787884763, 38.039455608934], [-121.177862827403, 38.0394432668148], [-121.177845820861, 38.0394317799349], [-121.177827899719, 38.0394211971679], [-121.177809142615, 38.0394115638901], [-121.177789629412, 38.0394029218923], [-121.177769442389, 38.0393953075954], [-121.177748669606, 38.0393887539056], [-121.177727399259, 38.039383288324], [-121.177705721909, 38.0393789347839], [-121.17768373167, 38.0393757118666], [-121.17766152163, 38.0393736336315], [-121.177639187284, 38.039372708769], [-121.177631923384, 38.0393726574161], [-121.175573742868, 38.0393753288023], [-121.175570521528, 38.0393751949872], [-121.175570300771, 38.0393729791807], [-121.1755427331, 38.0380929233763], [-121.175542423644, 38.0380851450531], [-121.175540668982, 38.0380675115954], [-121.175537459483, 38.0380500069505], [-121.175532809261, 38.0380327052336], [-121.175526738102, 38.0380156815493], [-121.175519272693, 38.0379990084051], [-121.175510444324, 38.0379827565784], [-121.175500291114, 38.0379669969519], [-121.175488855854, 38.0379517959752], [-121.175476188189, 38.0379372193033], [-121.175462342434, 38.0379233281574], [-121.175447377456, 38.0379101838296], [-121.175431357976, 38.0378978413947], [-121.175414352177, 38.0378863541787], [-121.175396431769, 38.0378757710567], [-121.175377675385, 38.0378661374066], [-121.175358162888, 38.0378574950204], [-121.175337976551, 38.0378498803211], [-121.175317204433, 38.0378433262164], [-121.175295934728, 38.0378378602092], [-121.175274259132, 38.0378335062524], [-121.175252268316, 38.0378302837768], [-121.17523005885, 38.0378282041945], [-121.175207725023, 38.0378272788823], [-121.175185362486, 38.0378275102263], [-121.175163068075, 38.0378288988289], [-121.175140934293, 38.0378314362135], [-121.175119059339, 38.0378351139922], [-121.175097534778, 38.0378399155632], [-121.175084039064, 38.0378435531194], [-121.174187578997, 38.0381018248554], [-121.174186173771, 38.0381022040471], [-121.174171863293, 38.0381063452123], [-121.174151315627, 38.0381133273029], [-121.174131387995, 38.0381213571737], [-121.174112167831, 38.0381304010375], [-121.174093737013, 38.038140419614], [-121.174076174086, 38.0381513699662], [-121.174059553131, 38.0381632054834], [-121.174043947206, 38.0381758750328], [-121.174029422572, 38.0381893255742], [-121.174016041098, 38.0382034976903], [-121.174003861232, 38.0382183319112], [-121.173992932423, 38.038233764121], [-121.173983304144, 38.0382497293032], [-121.173975016867, 38.0382661577953], [-121.173968106507, 38.0382829798642], [-121.173962601051, 38.0383001238511], [-121.17395852514, 38.0383175153417], [-121.173955896552, 38.0383350807162], [-121.173954725144, 38.0383527444294], [-121.173955018489, 38.0383704309003], [-121.173956772775, 38.0383880643714], [-121.173959981906, 38.0384055690493], [-121.173964631776, 38.0384228708185], [-121.173970701461, 38.0384398945565], [-121.173976509264, 38.038453149125], [-121.174426962306, 38.0394010308336], [-121.174428034222, 38.0394034752434], [-121.174428302597, 38.0394042309903], [-121.174424819522, 38.0394054141974], [-121.173327560107, 38.0397315677657], [-121.173324469333, 38.0397324154928], [-121.173323513749, 38.039732627736], [-121.17332201772, 38.0397298730296], [-121.172864767397, 38.038767659271], [-121.172863110152, 38.0387642405917], [-121.172854281132, 38.0387479894631], [-121.172844128423, 38.03873222872], [-121.17283269475, 38.0387170275154], [-121.172820027498, 38.038702450569], [-121.17280618212, 38.0386885591209], [-121.172791217481, 38.0386754144646], [-121.172775197161, 38.0386630716585], [-121.172758191621, 38.0386515840655], [-121.172740272568, 38.0386410005624], [-121.172721516336, 38.0386313673941], [-121.172702002852, 38.0386227236522], [-121.172681817742, 38.0386151085168], [-121.172661044528, 38.0386085539261], [-121.17263977482, 38.0386030874382], [-121.172618099155, 38.0385987338909], [-121.172596109411, 38.0385955100326], [-121.172573899787, 38.0385934308454], [-121.172551565804, 38.0385925041224], [-121.172529203024, 38.0385927358556], [-121.172506907234, 38.0385941230283], [-121.172484774265, 38.0385966608226], [-121.172462897853, 38.0386003371786], [-121.172441372912, 38.0386051382521], [-121.172427876936, 38.038608775496], [-121.170346933232, 38.0392082300653], [-121.170339346182, 38.039210496453], [-121.170318797866, 38.039217477855], [-121.170298869538, 38.0392255070561], [-121.170279648634, 38.039234550272], [-121.170261217033, 38.039244568225], [-121.17024365215, 38.0392555179633], [-121.170227031483, 38.0392673529318], [-121.170211424674, 38.0392800219472], [-121.170196899132, 38.0392934719889], [-121.170183516726, 38.039307643642], [-121.170171334773, 38.0393224774209], [-121.170160406139, 38.0393379092645], [-121.170150776886, 38.0393538741048], [-121.170142488628, 38.0393703022986], [-121.170135576147, 38.0393871240963], [-121.17013007085, 38.0394042678934], [-121.170125993965, 38.0394216592232], [-121.170123363276, 38.0394392244667], [-121.170122192059, 38.0394568881323], [-121.170122483336, 38.0394745745686], [-121.170124237853, 38.0394922080887], [-121.170125660282, 38.0395009815195], [-121.170126489996, 38.0395055057063], [-121.170126716857, 38.0395077901055], [-121.170142878501, 38.0403303055076], [-121.170142878132, 38.0403306407379], [-121.170142749274, 38.0403325672399], [-121.170139588836, 38.0403330983876], [-121.169657911883, 38.040392689165], [-121.16904170388, 38.0404689202282], [-121.169034459146, 38.0404698797561], [-121.169012583164, 38.0404735554675], [-121.16899105747, 38.0404783558878], [-121.16896997377, 38.0404842590155], [-121.168949424972, 38.0404912401641], [-121.168929496129, 38.0404992700194], [-121.16891027475, 38.0405083120958], [-121.168891842645, 38.040518329819], [-121.168874278392, 38.0405292793551], [-121.168857656078, 38.0405411140968], [-121.168842049899, 38.0405537829324], [-121.168827522714, 38.0405672327714], [-121.168814140948, 38.0405814042708], [-121.168801958501, 38.0405962378921], [-121.168791029362, 38.0406116704939], [-121.168781399661, 38.040627634306], [-121.168773109807, 38.0406440623706], [-121.168766197999, 38.0406608849917], [-121.168760691162, 38.0406780277919], [-121.168756613872, 38.0406954190606], [-121.168753983938, 38.0407129842781], [-121.16875281122, 38.0407306478997], [-121.168752792341, 38.040740462269], [-121.168807529631, 38.0433464963583], [-121.168807840572, 38.0433543693323], [-121.168809593689, 38.0433720028375], [-121.168812801759, 38.0433895076162], [-121.168817450699, 38.0434068086514], [-121.168823519522, 38.0434238335224], [-121.168830985034, 38.0434405070704], [-121.168839812536, 38.0434567584629], [-121.168849964981, 38.0434725195347], [-121.168861399654, 38.0434877211308], [-121.168874066889, 38.0435022984937], [-121.168887912398, 38.0435161894977], [-121.168902876107, 38.0435293355313], [-121.168918896783, 38.0435416788662], [-121.168935902801, 38.0435531670193], [-121.168953822451, 38.0435637511109], [-121.168972580536, 38.0435733849102], [-121.168992093707, 38.0435820292692], [-121.169012279753, 38.0435896450573], [-121.169033054005, 38.0435962003155], [-121.169054324872, 38.0436016665812], [-121.169076001739, 38.0436060217155], [-121.169097993932, 38.0436092462821], [-121.16912020494, 38.0436113261609], [-121.169142540377, 38.0436122535732], [-121.169153955437, 38.0436122800074], [-121.17270959275, 38.0435736879575], [-121.172709706703, 38.043573687927], [-121.172712277089, 38.0435737945788], [-121.172712529662, 38.0435763317005], [-121.172777174806, 38.0456707545815], [-121.17283605745, 38.0475784329578], [-121.172976879164, 38.0521402259071], [-121.172977136682, 38.0521460028114], [-121.172978890925, 38.0521636362601], [-121.172982100292, 38.052181140935], [-121.17298674953, 38.0521984427031], [-121.172992821134, 38.0522154664945], [-121.173000287276, 38.0522321397829], [-121.173009116667, 38.0522483917903], [-121.173019272322, 38.0522641516499], [-121.173030708029, 38.0522793528577], [-121.173043377532, 38.0522939307109], [-121.173057225438, 38.0523078212661], [-121.173072192804, 38.0523209659314], [-121.173088214921, 38.0523333087292], [-121.173105224734, 38.0523447963486], [-121.173123147104, 38.052355379859], [-121.173141906799, 38.0523650139332], [-121.173161423943, 38.0523736567762], [-121.173181612829, 38.0523812719097], [-121.173202388798, 38.0523878264764], [-121.173223662501, 38.0523932929529], [-121.17324534336, 38.0523976474019], [-121.173267337245, 38.0524008712374], [-121.173289551051, 38.0524029503957], [-121.173311889263, 38.0524038761826], [-121.17333425623, 38.0524036453088], [-121.173356556213, 38.0524022580885], [-121.173378693335, 38.0523997202408], [-121.173400573869, 38.0523960429251], [-121.173422102831, 38.0523912417878], [-121.173443188524, 38.0523853379328], [-121.173463741437, 38.0523783561031], [-121.17348367193, 38.0523703264467], [-121.173502895962, 38.0523612828034], [-121.173506509184, 38.0523594284803], [-121.17426469032, 38.0519649226595], [-121.174267904092, 38.0519634108598], [-121.174268196052, 38.0519663378934], [-121.174519328711, 38.0579999397263], [-121.17451935114, 38.058002614748], [-121.174519301979, 38.0580033547463], [-121.174517033792, 38.0580034961398], [-121.174516322216, 38.0580035112195], [-121.172936286689, 38.0580146142958], [-121.171109020598, 38.0580274267427], [-121.171106201499, 38.0580273098719], [-121.171105899742, 38.0580242772448], [-121.170937370666, 38.0539708396381], [-121.170937196454, 38.0539673539031], [-121.170935442676, 38.0539497204404], [-121.170932233739, 38.0539322157249], [-121.170927583756, 38.0539149138723], [-121.17092151365, 38.0538978900052], [-121.170914047831, 38.0538812165968], [-121.170905218729, 38.0538649644431], [-121.170895063327, 38.0538492044107], [-121.170883627839, 38.0538340030039], [-121.170870958522, 38.0538194249256], [-121.170857110765, 38.0538055341194], [-121.170842143517, 38.0537923891774], [-121.170826120342, 38.05378004606], [-121.170809111715, 38.0537685581317], [-121.170791189357, 38.0537579742703], [-121.170772429637, 38.0537483398218], [-121.170752912431, 38.0537396965816], [-121.170732723446, 38.0537320810292], [-121.17071194734, 38.0537255260232], [-121.170690672321, 38.0537200590701], [-121.170668992384, 38.0537157041623], [-121.170646998243, 38.053712479834], [-121.170624784138, 38.0537104001682], [-121.170602445583, 38.0537094738613], [-121.170580078231, 38.0537097042046], [-121.170557777819, 38.0537110908862], [-121.170535640224, 38.0537136281893], [-121.170513759173, 38.0537173049568], [-121.17049222965, 38.0537221055454], [-121.170471143355, 38.0537280088537], [-121.170450589794, 38.0537349901413], [-121.170430658615, 38.0537430192635], [-121.170411433856, 38.0537520623833], [-121.170392997411, 38.0537620802234], [-121.170375430125, 38.0537730298854], [-121.170358806099, 38.0537848647615], [-121.170343196126, 38.0537975336865], [-121.170328667652, 38.0538109827395], [-121.170316457453, 38.0538238298577], [-121.1702723056, 38.0538732826174], [-121.17026956464, 38.0538761669406], [-121.170267573321, 38.0538780094679], [-121.170267253233, 38.0538782775386], [-121.170035379398, 38.0540654374584], [-121.170027050323, 38.0540724035682], [-121.170012521712, 38.0540858534795], [-121.169999136462, 38.054100025008], [-121.169992192342, 38.0541082166464], [-121.169863530147, 38.05426615443], [-121.1698582897, 38.054272795545], [-121.169847358628, 38.0542882281646], [-121.169837727238, 38.0543041919881], [-121.169829437065, 38.0543206209761], [-121.169822522966, 38.0543374426769], [-121.169822355378, 38.0543379023671], [-121.169659314005, 38.0547866951304], [-121.169657686986, 38.0547906565648], [-121.169655636111, 38.0547925549272], [-121.16949526936, 38.054924861205], [-121.169494281108, 38.0549256442475], [-121.169492735612, 38.0549267448332], [-121.169490027517, 38.0549282157131], [-121.169049497674, 38.0551401693416], [-121.169048019703, 38.0551408465223], [-121.169046538033, 38.0551414434414], [-121.169046330275, 38.0551393530946], [-121.168965509016, 38.0511435278195], [-121.168965194215, 38.0511354889793], [-121.168963440951, 38.0511178554929], [-121.168960232583, 38.0511003507307], [-121.168955584358, 38.0510830488263], [-121.168949513782, 38.0510660248493], [-121.168942048678, 38.0510493513268], [-121.168933220332, 38.0510330990373], [-121.168923065728, 38.0510173388479], [-121.168911631073, 38.0510021372639], [-121.168898962598, 38.0509875598894], [-121.168885115758, 38.0509736679668], [-121.168870149429, 38.0509605227912], [-121.168854128334, 38.0509481794411], [-121.168837119526, 38.0509366912288], [-121.168819198138, 38.0509261070867], [-121.168800439397, 38.0509164723439], [-121.168780923176, 38.0509078287972], [-121.168760735176, 38.0509002129276], [-121.168739960051, 38.0508936575947], [-121.168718687143, 38.0508881903245], [-121.168697007029, 38.0508838350573], [-121.168675013809, 38.0508806112828], [-121.16865280065, 38.0508785303658], [-121.168630462996, 38.0508776037061], [-121.168617190904, 38.0508776005374], [-121.164682132312, 38.050937046257], [-121.164006050701, 38.0509472466626], [-121.161926077583, 38.0509786041941], [-121.15993920752, 38.0510085232963], [-121.159938167035, 38.0510085232254], [-121.159936059776, 38.0510084352585], [-121.159935816721, 38.0510059901847], [-121.159862296741, 38.0484031920693], [-121.159862294303, 38.0484019240852], [-121.159862390859, 38.0484004801208], [-121.159865301346, 38.0484002995005], [-121.164262893861, 38.0483340339301], [-121.164271989073, 38.0483338011179], [-121.164294287917, 38.0483324155896], [-121.164316424052, 38.0483298794245], [-121.164338303749, 38.0483262037749], [-121.164359832032, 38.0483214042798], [-121.164380917205, 38.0483155020362], [-121.164401469761, 38.0483085217802], [-121.164421400058, 38.048300493653], [-121.164440624061, 38.0482914514879], [-121.164459058737, 38.0482814345409], [-121.164476626661, 38.0482704857606], [-121.164493250317, 38.0482586516986], [-121.16450886005, 38.0482459835353], [-121.164523388419, 38.048232535189], [-121.164536773608, 38.0482183633697], [-121.164548958224, 38.0482035302632], [-121.16455988941, 38.0481880990276], [-121.164569521095, 38.048172134729], [-121.164577811656, 38.048155707009], [-121.164584726304, 38.0481388856158], [-121.16459023476, 38.0481217421703], [-121.164594312375, 38.0481043510852], [-121.164596944776, 38.0480867860318], [-121.164598117542, 38.0480691224834], [-121.16459809322, 38.048057548372], [-121.164570314491, 38.0471057362356], [-121.164570312032, 38.0471043745286], [-121.164570405044, 38.0471029773645], [-121.164573306337, 38.0471027973845], [-121.167503281749, 38.0470589440868], [-121.167504292541, 38.0470589445283], [-121.16750641451, 38.0470590325878], [-121.167506631379, 38.0470612122972], [-121.167523489016, 38.0478947833362], [-121.167523803749, 38.0479028185768], [-121.167525556622, 38.0479204520831], [-121.167528764538, 38.0479379568812], [-121.167533412256, 38.0479552588372], [-121.167539482273, 38.0479722828809], [-121.167546946772, 38.0479889564848], [-121.167555774468, 38.0480052088694], [-121.167565928384, 38.0480209691665], [-121.167577362316, 38.0480361708699], [-121.167590030016, 38.0480507492749], [-121.167603876098, 38.0480646404357], [-121.167618841625, 38.0480777857579], [-121.167634861899, 38.0480901292608], [-121.167651869872, 38.0481016176308], [-121.167669790412, 38.048112201934], [-121.167688548295, 38.0481218368397], [-121.167708063655, 38.0481304805495], [-121.167728250789, 38.0481380965813], [-121.167749025048, 38.0481446520737], [-121.167770297089, 38.0481501194999], [-121.167791976342, 38.0481544749179], [-121.167813968682, 38.0481576997381], [-121.167836181013, 38.0481597798924], [-121.167858517827, 38.0481607066821], [-121.167871730145, 38.0481607108021], [-121.168564072703, 38.048150336661], [-121.168573227196, 38.0481501017356], [-121.168595525937, 38.0481487153874], [-121.168617661899, 38.0481461784065], [-121.16863954022, 38.0481425019311], [-121.168661069317, 38.0481377025577], [-121.168682154122, 38.0481317995317], [-121.168702705109, 38.0481248184937], [-121.168722636077, 38.0481167887402], [-121.168741859508, 38.048107746757], [-121.168760293578, 38.0480977291187], [-121.168777860842, 38.0480867796774], [-121.168794483787, 38.0480749449877], [-121.168810092784, 38.0480622753317], [-121.16882462035, 38.0480488264321], [-121.168838004672, 38.0480346550011], [-121.168850187267, 38.0480198214074], [-121.168861118698, 38.0480043888643], [-121.168870749414, 38.047988425089], [-121.168879039004, 38.0479719970398], [-121.16888595268, 38.0479551744666], [-121.168891458964, 38.0479380316761], [-121.168895536695, 38.0479206404325], [-121.168898166924, 38.0479030752381], [-121.168899339791, 38.0478854116376], [-121.168899362603, 38.047875760452], [-121.168894007051, 38.0476112004452], [-121.168894007926, 38.0476107994377], [-121.168894137803, 38.0476088342051], [-121.168894686638, 38.0476081659772], [-121.168898746119, 38.0476037179673], [-121.168910928627, 38.0475888843642], [-121.168921859955, 38.0475734527132], [-121.168931490621, 38.0475574880291], [-121.168939780145, 38.047541059973], [-121.16894669374, 38.0475242382944], [-121.168952199996, 38.0475070945979], [-121.168956277685, 38.04748970335], [-121.168958909018, 38.04747213817], [-121.168960080721, 38.0474544745493], [-121.168960103433, 38.0474448269662], [-121.1689248138, 38.0457004190378], [-121.16888811175, 38.0438860036636], [-121.168887798074, 38.0438779657334], [-121.168886043792, 38.0438603322123], [-121.168882835688, 38.043842827436], [-121.168878187871, 38.0438255255204], [-121.168872117844, 38.0438085015352], [-121.168864653428, 38.0437918280074], [-121.168855825907, 38.0437755757156], [-121.168845673398, 38.0437598155448], [-121.168834238688, 38.0437446139469], [-121.168821571443, 38.0437300356785], [-121.168807725908, 38.0437161446665], [-121.168792761019, 38.0437029995037], [-121.16877674147, 38.0436906561693], [-121.168759734308, 38.0436791679755], [-121.168741814659, 38.0436685838546], [-121.168723057744, 38.0436589491356], [-121.168703544564, 38.0436503056332], [-121.168683357397, 38.0436426897747], [-121.168662584304, 38.043636134473], [-121.168641313483, 38.0436306672361], [-121.168619635497, 38.0436263120043], [-121.168597644463, 38.0436230873663], [-121.168575433471, 38.043621007389], [-121.168553098021, 38.0436200807699], [-121.168539876265, 38.0436200765875], [-121.168058515269, 38.0436273029036], [-121.168049372754, 38.0436275370802], [-121.168027076499, 38.0436289242791], [-121.16800494077, 38.0436314602662], [-121.167983063776, 38.0436351366595], [-121.167961537087, 38.0436399368633], [-121.167940452394, 38.0436458397779], [-121.16791990261, 38.0436528207179], [-121.167899972813, 38.0436608494689], [-121.167880750448, 38.0436698922486], [-121.1678623174, 38.0436799097814], [-121.167844752224, 38.0436908591348], [-121.167828129013, 38.0437026937023], [-121.167812520831, 38.0437153623552], [-121.167797993952, 38.0437288120571], [-121.167784611392, 38.0437429834121], [-121.167772428191, 38.0437578169004], [-121.167761498366, 38.04377324848], [-121.167751867979, 38.0437892130841], [-121.167743577511, 38.0438056410528], [-121.167736665167, 38.0438224626903], [-121.167731157802, 38.0438396063222], [-121.167727080063, 38.0438569975355], [-121.167724449741, 38.0438745627118], [-121.167723276693, 38.0438922263064], [-121.167723264585, 38.0439023570862], [-121.167734148129, 38.0443866693531], [-121.167734146971, 38.0443873100678], [-121.167734030234, 38.0443890673341], [-121.16773135846, 38.0443892329485], [-121.16704265659, 38.04439692066], [-121.167042469713, 38.0443969204489], [-121.167039935739, 38.0443968151418], [-121.1670397126, 38.0443945677453], [-121.16702890722, 38.0439134279009], [-121.167028603393, 38.0439058713468], [-121.167026850696, 38.0438882378272], [-121.167023643037, 38.0438707330115], [-121.16701899452, 38.0438534310158], [-121.167012924926, 38.0438364069455], [-121.167005460933, 38.0438197333104], [-121.166996633804, 38.0438034817902], [-121.166986481719, 38.0437877205682], [-121.166975047398, 38.0437725187991], [-121.166962380503, 38.0437579412404], [-121.166948535346, 38.0437440491174], [-121.166933570792, 38.0437309037262], [-121.166917551562, 38.0437185601462], [-121.166900545833, 38.0437070717083], [-121.166882625318, 38.0436964872928], [-121.166863868629, 38.0436868531839], [-121.166844355696, 38.0436782084773], [-121.166824168727, 38.0436705923041], [-121.166803395806, 38.0436640366777], [-121.166782125129, 38.0436585691075], [-121.166760447237, 38.0436542144362], [-121.16673845629, 38.0436509894521], [-121.166716245378, 38.0436489082237], [-121.166693909958, 38.0436479812514], [-121.166680688184, 38.0436479777605], [-121.16634691157, 38.0436529834597], [-121.16634589627, 38.0436529829384], [-121.166343776679, 38.043652894896], [-121.166343608244, 38.0436511962637], [-121.166343582562, 38.0436504442862], [-121.166322748233, 38.0414270600826], [-121.166322400258, 38.0414167083029], [-121.166320646627, 38.0413990747537], [-121.166317440361, 38.0413815699366], [-121.166312792145, 38.0413642679142], [-121.166306722897, 38.04134724381], [-121.166299259297, 38.0413305701339], [-121.166290432624, 38.041314317665], [-121.166280280993, 38.041298557289], [-121.166268847187, 38.0412833554587], [-121.166256180844, 38.0412687778326], [-121.166242336274, 38.0412548856361], [-121.166227372339, 38.0412417401659], [-121.166211353756, 38.0412293965015], [-121.166194347564, 38.0412179079566], [-121.166176428887, 38.041207323465], [-121.166157672939, 38.0411976883573], [-121.16613816072, 38.0411890444497], [-121.166117974502, 38.0411814281714], [-121.166097202344, 38.0411748724372], [-121.166075932438, 38.0411694047568], [-121.166054255344, 38.0411650490723], [-121.166032265174, 38.0411618239746], [-121.166010055015, 38.0411597435324], [-121.165987720364, 38.0411588164451], [-121.165965356856, 38.0411590460076], [-121.165943060212, 38.0411604319111], [-121.165920926291, 38.0411629684422], [-121.165899048808, 38.0411666444474], [-121.16587752273, 38.0411714442863], [-121.165863162862, 38.0411753304263], [-121.165694663426, 38.0412242656876], [-121.16569277738, 38.0412247760524], [-121.165691265995, 38.0412251129317], [-121.165691055456, 38.0412230018055], [-121.165682690137, 38.0407951067506], [-121.165682690436, 38.0407947751241], [-121.165682819974, 38.0407928261094], [-121.165685714846, 38.0407918430552], [-121.166046133569, 38.0406878916686], [-121.166047659336, 38.0406874802118], [-121.166049528198, 38.0406870641959], [-121.166060480657, 38.0406886697697], [-121.166060503564, 38.0406885737018], [-121.166072389227, 38.0406903172973], [-121.166094599248, 38.0406923977243], [-121.166116933759, 38.0406933247877], [-121.166139297127, 38.0406930951928], [-121.166161593626, 38.0406917092482], [-121.166183727397, 38.0406891726676], [-121.166205604725, 38.0406854966053], [-121.166227130641, 38.0406806967016], [-121.16624821346, 38.0406747940557], [-121.166268763686, 38.0406678134053], [-121.166288691685, 38.0406597848932], [-121.166307913433, 38.0406507423544], [-121.166326345907, 38.0406407250466], [-121.166343911691, 38.0406297759197], [-121.166360533278, 38.0406179415269], [-121.166376141023, 38.0406052730501], [-121.166390667491, 38.040591824409], [-121.166396116552, 38.040586247362], [-121.166396453663, 38.0405859345079], [-121.166399545045, 38.0405848842103], [-121.168554299729, 38.0399588585242], [-121.168560988231, 38.0399568522075], [-121.168581538049, 38.039949871141], [-121.168601465614, 38.0399418422243], [-121.168620686902, 38.0399327992939], [-121.16863912003, 38.0399227816272], [-121.168656684168, 38.0399118321223], [-121.16867330523, 38.0398999973874], [-121.168688912431, 38.0398873285878], [-121.16870343834, 38.0398738796447], [-121.168716821154, 38.0398597072706], [-121.168729003489, 38.0398448736536], [-121.168739932497, 38.039829441954], [-121.168749562119, 38.03981347724], [-121.168757850739, 38.0397970491548], [-121.168764763575, 38.0397802274483], [-121.168770270357, 38.0397630837428], [-121.168774347584, 38.0397456924697], [-121.168776977469, 38.039728127248], [-121.168778149016, 38.0397104636049], [-121.168777858064, 38.0396927771742], [-121.168776105007, 38.0396751436605], [-121.168772897071, 38.0396576388747], [-121.168768248366, 38.0396403369326], [-121.168762178671, 38.0396233129398], [-121.168754714666, 38.0396066394052], [-121.168745887612, 38.0395903880084], [-121.168735735691, 38.039574626932], [-121.168730176027, 38.0395669524344], [-121.168728271264, 38.0395644202001], [-121.168728043577, 38.0395621249717], [-121.168660513352, 38.0363467028628], [-121.168660513968, 38.0363462207451], [-121.168660636054, 38.0363443842554], [-121.168662819114, 38.036344248851], [-121.168663699203, 38.0363442301222], [-121.173237025858, 38.0363157401297], [-121.174145655907, 38.0363100596463], [-121.175426143147, 38.0363020412589], [-121.17603623401, 38.0362982158457], [-121.176742998293, 38.0362937800533], [-121.177829436265, 38.0362869533115], [-121.17784363019, 38.0362875383451], [-121.177857448521, 38.0362881067399], [-121.177879810603, 38.036287874875], [-121.177890973338, 38.0362873251927], [-121.177904273674, 38.0362864968428], [-121.177905156041, 38.0362864780799], [-121.17842920496, 38.0362831825256], [-121.179094651582, 38.0362789915721], [-121.179941277668, 38.0362736564494], [-121.180603201939, 38.036269481702]]], [[[-121.163183289027, 38.0379683620175], [-121.163185488134, 38.0379684531604], [-121.163185672848, 38.0379703178678], [-121.163185688557, 38.0379707380593], [-121.163226729676, 38.0412695640882], [-121.163226581749, 38.0412717903726], [-121.163223561569, 38.0412728155646], [-121.159644852154, 38.042311967053], [-121.159642967182, 38.0423124773365], [-121.159641455749, 38.0423128141367], [-121.159641229897, 38.0423105477606], [-121.159536142425, 38.0380228477874], [-121.159536142547, 38.0380219781591], [-121.159536252044, 38.0380203352363], [-121.159539107335, 38.0380201582613], [-121.163182433333, 38.0379683612605], [-121.163183289027, 38.0379683620175]]], [[[-121.16523116301, 38.0437387258496], [-121.165233696957, 38.043738831195], [-121.165233920039, 38.0437410785938], [-121.165246007281, 38.044279817932], [-121.165246006101, 38.0442804586461], [-121.165245889305, 38.0442822159085], [-121.165243217531, 38.0442823814662], [-121.164491059404, 38.0442907613295], [-121.164490872527, 38.0442907611143], [-121.164488338562, 38.0442906557523], [-121.164488092762, 38.0442881781991], [-121.164472388734, 38.0437500699438], [-121.164472386275, 38.0437487082361], [-121.164472479282, 38.0437473110713], [-121.164475151037, 38.0437471455307], [-121.165230976134, 38.0437387256356], [-121.16523116301, 38.0437387258496]]], [[[-121.187424808696, 38.0507202254886], [-121.187427666267, 38.0507203434598], [-121.187428606043, 38.050722439664], [-121.187629765085, 38.0512794119682], [-121.187629904234, 38.0512798232466], [-121.187630385484, 38.0512816122871], [-121.187628166595, 38.0512817510919], [-121.187627453944, 38.0512817662352], [-121.186531282466, 38.0512895928197], [-121.186528462447, 38.0512894763072], [-121.186528236931, 38.0512872081803], [-121.186515193709, 38.0507292873597], [-121.186515194139, 38.0507285772423], [-121.186515308461, 38.0507268541619], [-121.18651757527, 38.0507267125127], [-121.186518287914, 38.050726697376], [-121.187424808696, 38.0507202254886]]]]}, "properties": {"OBJECTID": 10350304, "UtilityCompany": "PGE", "StartDate": 1782651690000, "EstimatedRestoreDate": 1782674100000, "Cause": "PATROLLING", "ImpactedCustomers": 42, "Shape__Area": 2636046.765625, "Shape__Length": 18174.195731258158, "County": "SAN JOAQUIN", "OutageStatus": "Active", "OutageType": "Not Planned", "IncidentId": "292698"}}]}